timestamp,teplota,oblacnost,srazky,vitr,solarni_iradiace
2023-01-01 00:00:00,12.2,100,0.0,19.3,0
2023-01-01 01:00:00,12.1,100,0.0,17.9,0
2023-01-01 02:00:00,12.2,100,0.0,18.3,0
2023-01-01 03:00:00,12.7,100,0.0,17.1,0
2023-01-01 04:00:00,12.9,100,0.0,17.6,0
2023-01-01 05:00:00,11.9,100,0.0,14.2,0
2023-01-01 06:00:00,11.1,100,0.0,14.7,0
2023-01-01 07:00:00,11.3,99,0.0,15.9,0
2023-01-01 08:00:00,11.4,94,0.0,18.1,0
2023-01-01 09:00:00,11.1,17,0.0,19.4,0
2023-01-01 10:00:00,11.2,93,0.0,18.1,29
2023-01-01 11:00:00,12.4,100,0.0,18.1,116
2023-01-01 12:00:00,13.6,100,0.0,16.8,192
2023-01-01 13:00:00,14.4,100,0.0,15.5,220
2023-01-01 14:00:00,15.9,100,0.0,16.5,190
2023-01-01 15:00:00,15.6,100,0.0,17.1,182
2023-01-01 16:00:00,14.8,100,0.0,15.4,101
2023-01-01 17:00:00,13.4,100,0.0,14.0,31
2023-01-01 18:00:00,12.6,100,0.0,13.5,0
2023-01-01 19:00:00,11.8,100,0.0,12.8,0
2023-01-01 20:00:00,10.8,100,0.0,13.2,0
2023-01-01 21:00:00,10.5,98,0.0,14.2,0
2023-01-01 22:00:00,9.4,100,0.0,11.7,0
2023-01-01 23:00:00,8.4,83,0.0,12.4,0
2023-01-02 00:00:00,8.2,29,0.0,13.5,0
2023-01-02 01:00:00,7.8,40,0.0,11.3,0
2023-01-02 02:00:00,7.7,84,0.0,9.7,0
2023-01-02 03:00:00,7.2,22,0.0,7.5,0
2023-01-02 04:00:00,9.1,26,0.0,6.6,0
2023-01-02 05:00:00,8.6,71,0.0,2.3,0
2023-01-02 06:00:00,8.0,93,0.0,2.7,0
2023-01-02 07:00:00,4.5,100,0.0,6.5,0
2023-01-02 08:00:00,4.8,100,0.0,5.9,0
2023-01-02 09:00:00,4.1,100,0.0,8.3,0
2023-01-02 10:00:00,5.9,70,0.0,7.9,26
2023-01-02 11:00:00,8.2,89,0.0,9.5,115
2023-01-02 12:00:00,9.9,54,0.0,5.8,199
2023-01-02 13:00:00,11.2,90,0.0,5.0,246
2023-01-02 14:00:00,11.2,100,0.0,7.0,249
2023-01-02 15:00:00,11.8,100,0.0,6.1,175
2023-01-02 16:00:00,10.9,100,0.0,6.6,76
2023-01-02 17:00:00,9.9,100,0.0,10.2,23
2023-01-02 18:00:00,9.8,100,0.0,14.0,0
2023-01-02 19:00:00,9.8,100,0.0,15.3,0
2023-01-02 20:00:00,9.7,100,0.0,16.9,0
2023-01-02 21:00:00,10.0,100,0.0,16.1,0
2023-01-02 22:00:00,9.8,100,0.0,15.0,0
2023-01-02 23:00:00,9.8,100,0.0,15.3,0
2023-01-03 00:00:00,9.8,100,0.0,16.9,0
2023-01-03 01:00:00,9.8,100,0.0,19.3,0
2023-01-03 02:00:00,9.6,100,0.0,16.8,0
2023-01-03 03:00:00,8.4,100,0.0,11.3,0
2023-01-03 04:00:00,8.4,100,0.0,10.6,0
2023-01-03 05:00:00,7.3,100,0.0,11.1,0
2023-01-03 06:00:00,7.1,97,0.0,13.1,0
2023-01-03 07:00:00,6.3,100,0.0,12.4,0
2023-01-03 08:00:00,5.8,100,0.0,11.5,0
2023-01-03 09:00:00,5.0,94,0.0,11.3,0
2023-01-03 10:00:00,5.2,95,0.0,11.6,28
2023-01-03 11:00:00,6.6,92,0.0,12.3,118
2023-01-03 12:00:00,7.7,91,0.0,11.9,198
2023-01-03 13:00:00,8.4,99,0.0,12.7,249
2023-01-03 14:00:00,9.4,57,0.0,11.9,246
2023-01-03 15:00:00,9.4,32,0.0,11.9,212
2023-01-03 16:00:00,8.8,3,0.0,10.7,136
2023-01-03 17:00:00,6.7,0,0.0,8.7,47
2023-01-03 18:00:00,5.3,0,0.0,10.7,0
2023-01-03 19:00:00,4.4,0,0.0,10.2,0
2023-01-03 20:00:00,3.6,2,0.0,9.5,0
2023-01-03 21:00:00,3.0,0,0.0,10.2,0
2023-01-03 22:00:00,2.7,0,0.0,12.2,0
2023-01-03 23:00:00,2.4,0,0.0,12.5,0
2023-01-04 00:00:00,2.0,0,0.0,12.0,0
2023-01-04 01:00:00,1.8,0,0.0,12.2,0
2023-01-04 02:00:00,1.7,2,0.0,12.9,0
2023-01-04 03:00:00,1.6,0,0.0,13.7,0
2023-01-04 04:00:00,1.6,0,0.0,14.7,0
2023-01-04 05:00:00,1.6,0,0.0,15.4,0
2023-01-04 06:00:00,1.7,0,0.0,15.3,0
2023-01-04 07:00:00,1.8,25,0.0,15.0,0
2023-01-04 08:00:00,2.0,51,0.0,15.6,0
2023-01-04 09:00:00,2.0,83,0.0,16.7,0
2023-01-04 10:00:00,3.2,100,0.0,17.5,24
2023-01-04 11:00:00,5.1,100,0.0,18.5,84
2023-01-04 12:00:00,6.6,100,0.0,20.7,115
2023-01-04 13:00:00,7.0,100,0.0,23.9,37
2023-01-04 14:00:00,5.8,100,0.0,20.3,43
2023-01-04 15:00:00,6.8,100,0.0,24.4,50
2023-01-04 16:00:00,6.9,100,0.2,27.6,31
2023-01-04 17:00:00,7.1,100,0.1,30.6,9
2023-01-04 18:00:00,7.8,100,0.0,29.8,0
2023-01-04 19:00:00,8.1,100,0.0,30.6,0
2023-01-04 20:00:00,8.4,100,0.8,31.0,0
2023-01-04 21:00:00,8.3,100,3.9,28.9,0
2023-01-04 22:00:00,8.8,100,0.0,29.9,0
2023-01-04 23:00:00,9.1,100,0.0,27.9,0
2023-01-05 00:00:00,9.6,100,0.0,28.4,0
2023-01-05 01:00:00,9.8,100,0.0,30.0,0
2023-01-05 02:00:00,9.9,98,0.0,30.2,0
2023-01-05 03:00:00,9.9,100,0.0,31.4,0
2023-01-05 04:00:00,10.4,100,0.0,34.2,0
2023-01-05 05:00:00,10.1,100,0.0,32.6,0
2023-01-05 06:00:00,9.6,100,2.3,26.4,0
2023-01-05 07:00:00,8.9,100,1.1,20.8,0
2023-01-05 08:00:00,9.2,92,0.1,20.6,0
2023-01-05 09:00:00,8.8,81,0.0,21.6,0
2023-01-05 10:00:00,8.9,80,0.0,22.7,24
2023-01-05 11:00:00,9.4,54,0.0,24.1,99
2023-01-05 12:00:00,10.1,15,0.0,23.4,179
2023-01-05 13:00:00,10.5,63,0.0,27.9,200
2023-01-05 14:00:00,10.8,32,0.0,25.6,219
2023-01-05 15:00:00,10.9,22,0.1,27.4,212
2023-01-05 16:00:00,10.4,18,0.0,24.6,133
2023-01-05 17:00:00,9.4,29,0.0,23.1,48
2023-01-05 18:00:00,8.9,29,0.0,20.9,0
2023-01-05 19:00:00,8.2,28,0.0,18.9,0
2023-01-05 20:00:00,7.8,61,0.0,18.8,0
2023-01-05 21:00:00,7.7,77,0.0,18.8,0
2023-01-05 22:00:00,7.4,96,0.0,18.4,0
2023-01-05 23:00:00,7.0,67,0.0,18.0,0
2023-01-06 00:00:00,6.4,77,0.0,17.0,0
2023-01-06 01:00:00,6.7,94,0.1,15.8,0
2023-01-06 02:00:00,7.0,39,0.1,7.2,0
2023-01-06 03:00:00,5.8,68,0.0,5.2,0
2023-01-06 04:00:00,5.1,100,0.0,7.7,0
2023-01-06 05:00:00,6.2,100,0.0,9.2,0
2023-01-06 06:00:00,6.2,100,0.0,7.6,0
2023-01-06 07:00:00,6.7,100,0.0,10.6,0
2023-01-06 08:00:00,7.4,100,0.0,13.0,0
2023-01-06 09:00:00,7.8,100,0.0,13.1,0
2023-01-06 10:00:00,8.1,100,0.0,13.4,12
2023-01-06 11:00:00,8.9,100,0.0,14.3,41
2023-01-06 12:00:00,9.9,100,0.1,17.8,81
2023-01-06 13:00:00,9.9,100,0.4,19.1,40
2023-01-06 14:00:00,10.5,100,0.0,16.1,61
2023-01-06 15:00:00,11.4,100,0.0,19.9,85
2023-01-06 16:00:00,11.4,58,0.0,23.8,97
2023-01-06 17:00:00,10.6,16,0.0,22.4,17
2023-01-06 18:00:00,9.1,94,0.0,17.7,1
2023-01-06 19:00:00,8.5,100,0.0,15.3,0
2023-01-06 20:00:00,9.0,100,0.0,17.7,0
2023-01-06 21:00:00,8.6,100,0.0,18.6,0
2023-01-06 22:00:00,8.4,100,0.0,18.9,0
2023-01-06 23:00:00,8.2,100,0.0,16.9,0
2023-01-07 00:00:00,7.8,100,0.0,13.5,0
2023-01-07 01:00:00,6.1,78,0.0,9.5,0
2023-01-07 02:00:00,6.8,100,0.0,14.0,0
2023-01-07 03:00:00,6.3,100,0.0,12.0,0
2023-01-07 04:00:00,6.2,100,0.0,12.1,0
2023-01-07 05:00:00,6.0,100,0.0,13.4,0
2023-01-07 06:00:00,5.9,100,0.0,14.5,0
2023-01-07 07:00:00,6.2,65,0.1,14.1,0
2023-01-07 08:00:00,6.1,94,0.1,11.7,0
2023-01-07 09:00:00,5.9,73,0.0,10.2,0
2023-01-07 10:00:00,6.1,48,0.0,10.3,25
2023-01-07 11:00:00,7.4,71,0.0,12.0,115
2023-01-07 12:00:00,8.8,100,0.0,11.2,177
2023-01-07 13:00:00,9.6,100,0.0,10.7,204
2023-01-07 14:00:00,10.5,57,0.0,9.5,217
2023-01-07 15:00:00,10.6,89,0.0,11.5,224
2023-01-07 16:00:00,10.1,53,0.0,8.2,116
2023-01-07 17:00:00,6.8,79,0.0,6.9,52
2023-01-07 18:00:00,5.1,9,0.0,6.6,1
2023-01-07 19:00:00,4.3,9,0.0,7.6,0
2023-01-07 20:00:00,4.6,0,0.0,10.9,0
2023-01-07 21:00:00,4.5,0,0.0,11.2,0
2023-01-07 22:00:00,4.3,94,0.0,12.3,0
2023-01-07 23:00:00,4.2,90,0.0,13.0,0
2023-01-08 00:00:00,4.0,98,0.0,13.0,0
2023-01-08 01:00:00,3.6,85,0.0,11.3,0
2023-01-08 02:00:00,3.7,65,0.0,11.9,0
2023-01-08 03:00:00,3.8,100,0.0,11.9,0
2023-01-08 04:00:00,3.7,100,0.0,13.6,0
2023-01-08 05:00:00,3.3,100,0.0,13.4,0
2023-01-08 06:00:00,3.2,100,0.0,11.5,0
2023-01-08 07:00:00,3.0,100,0.0,9.7,0
2023-01-08 08:00:00,2.6,100,0.0,6.6,0
2023-01-08 09:00:00,2.5,100,0.0,6.6,0
2023-01-08 10:00:00,2.5,100,0.0,6.6,22
2023-01-08 11:00:00,3.0,100,0.0,8.0,96
2023-01-08 12:00:00,4.2,100,0.0,9.7,136
2023-01-08 13:00:00,5.5,100,0.0,9.4,162
2023-01-08 14:00:00,5.3,100,0.0,12.4,165
2023-01-08 15:00:00,5.7,96,0.0,12.0,152
2023-01-08 16:00:00,5.6,100,0.0,12.7,130
2023-01-08 17:00:00,4.9,100,0.1,11.7,25
2023-01-08 18:00:00,4.5,100,0.2,12.6,0
2023-01-08 19:00:00,4.6,100,0.1,13.3,0
2023-01-08 20:00:00,4.6,100,0.0,14.8,0
2023-01-08 21:00:00,4.3,22,0.0,15.9,0
2023-01-08 22:00:00,3.5,25,0.0,13.0,0
2023-01-08 23:00:00,2.2,90,0.0,7.2,0
2023-01-09 00:00:00,0.8,100,0.0,7.1,0
2023-01-09 01:00:00,1.5,100,0.0,7.0,0
2023-01-09 02:00:00,2.7,100,0.0,5.4,0
2023-01-09 03:00:00,1.3,100,0.0,4.7,0
2023-01-09 04:00:00,2.5,100,0.0,8.4,0
2023-01-09 05:00:00,2.3,100,0.0,5.2,0
2023-01-09 06:00:00,2.2,100,0.1,5.1,0
2023-01-09 07:00:00,2.5,100,0.5,5.9,0
2023-01-09 08:00:00,2.5,100,0.2,4.0,0
2023-01-09 09:00:00,2.2,100,0.0,5.3,0
2023-01-09 10:00:00,3.5,100,0.0,12.9,14
2023-01-09 11:00:00,5.1,100,0.0,17.6,79
2023-01-09 12:00:00,6.6,100,0.0,20.9,146
2023-01-09 13:00:00,7.1,100,0.0,20.3,113
2023-01-09 14:00:00,7.9,100,0.1,19.4,89
2023-01-09 15:00:00,7.4,100,0.0,19.3,44
2023-01-09 16:00:00,7.2,100,0.0,17.6,48
2023-01-09 17:00:00,6.3,100,0.0,15.3,28
2023-01-09 18:00:00,5.6,100,0.0,15.8,1
2023-01-09 19:00:00,4.7,100,0.0,14.0,0
2023-01-09 20:00:00,3.8,99,0.0,12.0,0
2023-01-09 21:00:00,3.3,84,0.0,11.8,0
2023-01-09 22:00:00,3.0,100,0.0,12.0,0
2023-01-09 23:00:00,3.0,88,0.0,12.9,0
2023-01-10 00:00:00,2.8,78,0.0,12.4,0
2023-01-10 01:00:00,2.5,85,0.0,11.2,0
2023-01-10 02:00:00,3.2,41,0.0,11.8,0
2023-01-10 03:00:00,4.0,100,0.0,14.4,0
2023-01-10 04:00:00,4.0,100,0.0,16.6,0
2023-01-10 05:00:00,3.2,100,0.0,11.9,0
2023-01-10 06:00:00,2.8,100,0.0,12.6,0
2023-01-10 07:00:00,3.0,100,0.0,13.7,0
2023-01-10 08:00:00,3.4,100,0.0,13.6,0
2023-01-10 09:00:00,3.2,100,0.0,14.0,0
2023-01-10 10:00:00,4.0,100,0.0,17.1,27
2023-01-10 11:00:00,5.1,100,0.0,19.5,108
2023-01-10 12:00:00,5.9,54,0.0,24.5,207
2023-01-10 13:00:00,6.2,100,0.0,25.1,165
2023-01-10 14:00:00,6.7,99,0.0,20.5,116
2023-01-10 15:00:00,6.8,41,0.0,17.6,125
2023-01-10 16:00:00,6.7,24,0.0,15.9,134
2023-01-10 17:00:00,5.2,5,0.0,10.9,58
2023-01-10 18:00:00,3.2,0,0.0,10.7,2
2023-01-10 19:00:00,3.0,0,0.0,14.1,0
2023-01-10 20:00:00,2.0,5,0.0,11.1,0
2023-01-10 21:00:00,1.1,37,0.0,11.9,0
2023-01-10 22:00:00,0.9,39,0.0,12.2,0
2023-01-10 23:00:00,0.6,88,0.0,11.6,0
2023-01-11 00:00:00,0.2,3,0.0,11.8,0
2023-01-11 01:00:00,-0.1,91,0.0,12.3,0
2023-01-11 02:00:00,0.3,2,0.0,14.1,0
2023-01-11 03:00:00,0.6,0,0.0,14.4,0
2023-01-11 04:00:00,0.6,17,0.0,15.5,0
2023-01-11 05:00:00,0.3,48,0.0,15.2,0
2023-01-11 06:00:00,0.2,98,0.0,15.2,0
2023-01-11 07:00:00,1.7,100,0.0,16.0,0
2023-01-11 08:00:00,2.2,100,0.0,16.0,0
2023-01-11 09:00:00,3.0,100,0.0,16.0,0
2023-01-11 10:00:00,3.5,100,0.0,16.9,20
2023-01-11 11:00:00,4.3,100,0.0,17.8,34
2023-01-11 12:00:00,5.6,100,0.0,19.1,34
2023-01-11 13:00:00,6.7,100,0.0,20.6,62
2023-01-11 14:00:00,7.2,100,0.0,17.0,55
2023-01-11 15:00:00,7.2,100,0.0,13.2,35
2023-01-11 16:00:00,7.3,100,0.0,13.5,40
2023-01-11 17:00:00,7.2,100,0.0,13.7,8
2023-01-11 18:00:00,7.0,100,0.2,15.3,1
2023-01-11 19:00:00,7.0,100,0.5,16.8,0
2023-01-11 20:00:00,7.0,100,1.3,18.4,0
2023-01-11 21:00:00,7.1,100,1.3,19.2,0
2023-01-11 22:00:00,7.0,100,0.3,17.1,0
2023-01-11 23:00:00,7.4,100,0.0,18.1,0
2023-01-12 00:00:00,7.0,100,0.0,18.7,0
2023-01-12 01:00:00,6.3,100,0.0,18.2,0
2023-01-12 02:00:00,5.8,100,0.0,15.4,0
2023-01-12 03:00:00,5.8,96,0.0,16.7,0
2023-01-12 04:00:00,5.4,8,0.0,17.1,0
2023-01-12 05:00:00,5.0,7,0.0,17.5,0
2023-01-12 06:00:00,4.7,40,0.0,17.5,0
2023-01-12 07:00:00,4.6,59,0.0,18.6,0
2023-01-12 08:00:00,4.6,10,0.0,20.9,0
2023-01-12 09:00:00,4.6,74,0.0,20.9,0
2023-01-12 10:00:00,5.3,77,0.0,21.6,31
2023-01-12 11:00:00,6.8,97,0.0,24.5,93
2023-01-12 12:00:00,7.8,60,0.0,24.5,171
2023-01-12 13:00:00,8.5,100,0.0,27.8,245
2023-01-12 14:00:00,8.9,100,0.0,26.2,115
2023-01-12 15:00:00,8.0,100,0.2,27.3,36
2023-01-12 16:00:00,7.3,100,0.2,26.2,21
2023-01-12 17:00:00,7.1,99,0.8,27.4,11
2023-01-12 18:00:00,7.2,100,0.0,28.0,1
2023-01-12 19:00:00,7.8,100,0.0,28.9,0
2023-01-12 20:00:00,7.9,100,0.0,28.6,0
2023-01-12 21:00:00,8.1,100,0.0,26.0,0
2023-01-12 22:00:00,8.2,100,0.0,24.5,0
2023-01-12 23:00:00,8.4,100,0.0,22.7,0
2023-01-13 00:00:00,8.4,99,0.0,23.2,0
2023-01-13 01:00:00,8.5,100,0.0,24.2,0
2023-01-13 02:00:00,8.6,100,0.1,20.5,0
2023-01-13 03:00:00,9.2,100,0.0,22.5,0
2023-01-13 04:00:00,9.2,100,0.0,21.7,0
2023-01-13 05:00:00,8.4,100,0.1,20.7,0
2023-01-13 06:00:00,8.4,100,0.1,23.0,0
2023-01-13 07:00:00,8.6,100,0.0,23.5,0
2023-01-13 08:00:00,8.8,100,0.0,24.4,0
2023-01-13 09:00:00,8.9,100,0.0,24.0,0
2023-01-13 10:00:00,9.0,100,0.0,24.8,13
2023-01-13 11:00:00,9.5,98,0.0,24.9,60
2023-01-13 12:00:00,10.5,97,0.0,26.4,145
2023-01-13 13:00:00,10.2,100,1.9,27.0,185
2023-01-13 14:00:00,10.3,100,0.1,22.2,80
2023-01-13 15:00:00,10.2,96,0.7,24.4,150
2023-01-13 16:00:00,9.9,100,0.1,22.2,87
2023-01-13 17:00:00,9.2,99,0.0,19.6,42
2023-01-13 18:00:00,8.7,100,0.0,20.2,2
2023-01-13 19:00:00,8.2,85,0.0,21.5,0
2023-01-13 20:00:00,6.8,72,0.0,22.2,0
2023-01-13 21:00:00,6.2,4,0.0,24.7,0
2023-01-13 22:00:00,5.7,78,0.0,23.2,0
2023-01-13 23:00:00,5.6,100,0.0,20.1,0
2023-01-14 00:00:00,5.8,95,0.3,21.1,0
2023-01-14 01:00:00,5.6,94,0.0,21.3,0
2023-01-14 02:00:00,5.1,34,0.0,22.1,0
2023-01-14 03:00:00,5.2,96,0.1,21.3,0
2023-01-14 04:00:00,4.3,74,0.0,20.4,0
2023-01-14 05:00:00,4.2,11,0.0,19.6,0
2023-01-14 06:00:00,3.8,54,0.0,19.7,0
2023-01-14 07:00:00,3.8,42,0.0,20.6,0
2023-01-14 08:00:00,4.4,3,0.0,20.0,0
2023-01-14 09:00:00,3.9,25,0.0,19.2,0
2023-01-14 10:00:00,4.3,63,0.0,19.6,39
2023-01-14 11:00:00,5.6,27,0.0,20.8,129
2023-01-14 12:00:00,6.3,69,0.0,26.0,215
2023-01-14 13:00:00,6.9,99,0.0,23.1,230
2023-01-14 14:00:00,8.4,100,0.0,19.0,249
2023-01-14 15:00:00,8.4,100,0.0,19.4,245
2023-01-14 16:00:00,8.0,100,0.0,17.0,129
2023-01-14 17:00:00,7.6,100,0.0,19.9,45
2023-01-14 18:00:00,7.3,100,0.0,20.5,2
2023-01-14 19:00:00,7.3,100,0.0,23.6,0
2023-01-14 20:00:00,7.5,100,0.0,25.1,0
2023-01-14 21:00:00,7.6,100,0.0,25.1,0
2023-01-14 22:00:00,7.9,100,0.0,24.7,0
2023-01-14 23:00:00,8.1,100,0.0,25.1,0
2023-01-15 00:00:00,8.6,100,0.0,24.6,0
2023-01-15 01:00:00,8.8,100,0.1,26.1,0
2023-01-15 02:00:00,7.9,100,0.1,26.0,0
2023-01-15 03:00:00,8.1,100,1.2,24.6,0
2023-01-15 04:00:00,8.1,100,0.4,28.5,0
2023-01-15 05:00:00,7.8,100,0.2,29.8,0
2023-01-15 06:00:00,7.4,100,0.2,27.7,0
2023-01-15 07:00:00,7.4,100,0.0,25.0,0
2023-01-15 08:00:00,7.9,100,0.0,26.9,0
2023-01-15 09:00:00,8.9,100,0.0,28.1,0
2023-01-15 10:00:00,8.6,100,0.0,27.1,8
2023-01-15 11:00:00,9.7,100,0.0,27.2,30
2023-01-15 12:00:00,10.3,100,0.0,25.2,60
2023-01-15 13:00:00,10.4,100,0.0,22.6,66
2023-01-15 14:00:00,7.7,100,0.2,21.7,60
2023-01-15 15:00:00,6.5,100,0.4,18.4,21
2023-01-15 16:00:00,6.7,100,0.0,12.2,38
2023-01-15 17:00:00,6.4,100,0.0,15.0,21
2023-01-15 18:00:00,5.9,100,0.0,18.7,1
2023-01-15 19:00:00,5.4,100,0.0,21.9,0
2023-01-15 20:00:00,4.6,100,0.0,21.8,0
2023-01-15 21:00:00,4.0,87,0.0,23.2,0
2023-01-15 22:00:00,3.5,7,0.0,24.8,0
2023-01-15 23:00:00,2.8,15,0.0,24.3,0
2023-01-16 00:00:00,2.6,2,0.0,22.7,0
2023-01-16 01:00:00,2.4,48,0.0,20.2,0
2023-01-16 02:00:00,2.0,100,0.0,15.3,0
2023-01-16 03:00:00,1.9,98,0.0,16.7,0
2023-01-16 04:00:00,1.8,100,0.0,18.0,0
2023-01-16 05:00:00,1.5,100,0.0,17.5,0
2023-01-16 06:00:00,1.3,100,0.0,16.8,0
2023-01-16 07:00:00,1.1,100,0.0,18.0,0
2023-01-16 08:00:00,0.9,34,0.0,17.3,0
2023-01-16 09:00:00,0.3,7,0.0,16.9,0
2023-01-16 10:00:00,1.1,0,0.0,17.8,42
2023-01-16 11:00:00,2.7,7,0.0,14.4,148
2023-01-16 12:00:00,4.5,76,0.0,13.7,242
2023-01-16 13:00:00,5.9,9,0.0,14.1,295
2023-01-16 14:00:00,7.0,4,0.0,13.8,308
2023-01-16 15:00:00,7.3,0,0.0,16.8,270
2023-01-16 16:00:00,6.8,0,0.0,15.3,191
2023-01-16 17:00:00,5.2,0,0.0,14.5,83
2023-01-16 18:00:00,3.5,57,0.0,16.5,5
2023-01-16 19:00:00,2.5,99,0.0,14.3,0
2023-01-16 20:00:00,2.0,100,0.0,14.0,0
2023-01-16 21:00:00,1.8,100,0.0,14.6,0
2023-01-16 22:00:00,1.6,100,0.1,16.9,0
2023-01-16 23:00:00,2.0,100,0.0,16.5,0
2023-01-17 00:00:00,2.1,100,0.0,15.5,0
2023-01-17 01:00:00,1.7,57,0.0,20.0,0
2023-01-17 02:00:00,1.5,91,0.0,18.8,0
2023-01-17 03:00:00,1.5,14,0.0,22.3,0
2023-01-17 04:00:00,1.7,95,0.0,23.1,0
2023-01-17 05:00:00,2.3,99,0.0,22.2,0
2023-01-17 06:00:00,2.6,98,0.0,20.3,0
2023-01-17 07:00:00,2.6,98,0.0,19.9,0
2023-01-17 08:00:00,2.3,18,0.0,18.7,0
2023-01-17 09:00:00,1.6,98,0.0,18.3,0
2023-01-17 10:00:00,2.3,92,0.0,19.0,36
2023-01-17 11:00:00,3.2,10,0.0,20.6,129
2023-01-17 12:00:00,3.7,5,0.0,20.4,243
2023-01-17 13:00:00,4.1,2,0.0,18.1,297
2023-01-17 14:00:00,5.1,19,0.0,16.2,310
2023-01-17 15:00:00,5.1,1,0.0,13.7,269
2023-01-17 16:00:00,4.8,24,0.0,11.2,202
2023-01-17 17:00:00,2.4,98,0.0,7.0,89
2023-01-17 18:00:00,-0.2,100,0.0,8.3,6
2023-01-17 19:00:00,0.2,50,0.0,7.8,0
2023-01-17 20:00:00,-0.2,100,0.0,10.9,0
2023-01-17 21:00:00,0.5,100,0.0,8.0,0
2023-01-17 22:00:00,0.6,100,0.0,6.8,0
2023-01-17 23:00:00,0.3,100,0.0,10.1,0
2023-01-18 00:00:00,0.3,100,0.0,11.6,0
2023-01-18 01:00:00,0.9,100,0.0,12.4,0
2023-01-18 02:00:00,0.9,100,0.9,9.0,0
2023-01-18 03:00:00,0.6,100,1.0,10.1,0
2023-01-18 04:00:00,0.6,100,1.4,8.7,0
2023-01-18 05:00:00,0.6,100,0.8,9.9,0
2023-01-18 06:00:00,0.7,100,0.1,9.8,0
2023-01-18 07:00:00,1.2,100,0.0,4.8,0
2023-01-18 08:00:00,1.2,100,0.0,9.4,0
2023-01-18 09:00:00,0.9,100,0.0,7.3,0
2023-01-18 10:00:00,1.2,100,0.0,10.0,22
2023-01-18 11:00:00,1.7,100,0.0,11.3,68
2023-01-18 12:00:00,2.5,100,0.0,11.4,108
2023-01-18 13:00:00,3.3,100,0.0,15.8,195
2023-01-18 14:00:00,2.8,100,0.1,14.0,187
2023-01-18 15:00:00,3.5,100,0.0,12.2,76
2023-01-18 16:00:00,3.5,100,0.0,12.5,64
2023-01-18 17:00:00,3.2,95,0.0,11.7,38
2023-01-18 18:00:00,2.5,99,0.0,10.6,3
2023-01-18 19:00:00,2.2,98,0.0,11.1,0
2023-01-18 20:00:00,0.9,75,0.1,10.7,0
2023-01-18 21:00:00,0.3,4,0.0,9.2,0
2023-01-18 22:00:00,-1.2,28,0.0,7.3,0
2023-01-18 23:00:00,-1.9,100,0.0,6.5,0
2023-01-19 00:00:00,-0.3,98,0.0,8.5,0
2023-01-19 01:00:00,0.0,93,0.0,7.2,0
2023-01-19 02:00:00,-0.1,100,0.0,4.3,0
2023-01-19 03:00:00,-0.6,99,0.0,5.2,0
2023-01-19 04:00:00,-0.8,100,0.0,8.8,0
2023-01-19 05:00:00,-0.8,100,0.0,9.9,0
2023-01-19 06:00:00,-2.3,100,0.0,6.8,0
2023-01-19 07:00:00,-2.7,100,0.0,6.1,0
2023-01-19 08:00:00,-2.8,100,0.0,6.1,0
2023-01-19 09:00:00,-3.0,100,0.0,8.7,0
2023-01-19 10:00:00,-2.2,100,0.0,12.0,32
2023-01-19 11:00:00,-1.3,100,0.0,14.5,121
2023-01-19 12:00:00,-0.1,100,0.0,12.8,240
2023-01-19 13:00:00,0.9,84,0.0,10.8,285
2023-01-19 14:00:00,1.1,100,0.0,12.2,301
2023-01-19 15:00:00,1.2,100,0.0,13.5,197
2023-01-19 16:00:00,1.3,100,0.0,11.9,125
2023-01-19 17:00:00,0.6,100,0.0,8.7,61
2023-01-19 18:00:00,-1.0,100,0.0,9.2,6
2023-01-19 19:00:00,-1.5,100,0.0,11.1,0
2023-01-19 20:00:00,-2.1,100,0.0,11.1,0
2023-01-19 21:00:00,-2.0,100,0.0,10.2,0
2023-01-19 22:00:00,-2.5,100,0.0,10.2,0
2023-01-19 23:00:00,-2.7,99,0.0,10.2,0
2023-01-20 00:00:00,-3.0,31,0.0,9.2,0
2023-01-20 01:00:00,-3.1,85,0.0,7.4,0
2023-01-20 02:00:00,-3.0,100,0.0,6.0,0
2023-01-20 03:00:00,-3.2,100,0.0,4.9,0
2023-01-20 04:00:00,-2.9,100,0.0,4.2,0
2023-01-20 05:00:00,-1.9,100,0.0,5.8,0
2023-01-20 06:00:00,-1.8,100,0.0,7.0,0
2023-01-20 07:00:00,-1.4,100,0.0,7.6,0
2023-01-20 08:00:00,-1.1,100,0.0,5.2,0
2023-01-20 09:00:00,-1.2,100,0.0,3.4,0
2023-01-20 10:00:00,-1.2,100,0.0,1.8,35
2023-01-20 11:00:00,-0.6,100,0.0,1.4,97
2023-01-20 12:00:00,0.1,97,0.0,4.7,169
2023-01-20 13:00:00,0.5,100,0.1,4.0,191
2023-01-20 14:00:00,-0.1,100,0.0,4.7,158
2023-01-20 15:00:00,-0.2,100,0.1,4.0,37
2023-01-20 16:00:00,0.3,100,0.1,6.6,78
2023-01-20 17:00:00,-0.8,100,0.0,4.5,65
2023-01-20 18:00:00,-0.4,100,0.1,7.0,3
2023-01-20 19:00:00,-0.4,100,0.1,11.4,0
2023-01-20 20:00:00,-0.1,100,0.1,13.1,0
2023-01-20 21:00:00,-0.3,100,0.0,14.4,0
2023-01-20 22:00:00,-1.0,100,0.0,15.1,0
2023-01-20 23:00:00,-1.3,100,0.0,15.5,0
2023-01-21 00:00:00,-1.0,100,0.0,17.8,0
2023-01-21 01:00:00,-1.0,100,0.0,17.9,0
2023-01-21 02:00:00,-0.7,100,0.0,17.2,0
2023-01-21 03:00:00,-0.9,100,0.0,17.5,0
2023-01-21 04:00:00,-1.0,100,0.1,18.9,0
2023-01-21 05:00:00,-1.1,100,0.2,21.7,0
2023-01-21 06:00:00,-1.7,100,0.4,21.7,0
2023-01-21 07:00:00,-2.2,100,0.6,19.0,0
2023-01-21 08:00:00,-2.4,100,0.5,18.9,0
2023-01-21 09:00:00,-2.4,100,0.2,18.9,0
2023-01-21 10:00:00,-1.9,100,0.3,19.2,20
2023-01-21 11:00:00,-1.7,100,0.4,17.6,32
2023-01-21 12:00:00,-1.5,100,0.3,18.2,52
2023-01-21 13:00:00,-1.0,100,0.3,20.7,89
2023-01-21 14:00:00,-1.0,100,0.3,23.0,91
2023-01-21 15:00:00,-0.4,100,0.2,23.8,102
2023-01-21 16:00:00,-0.5,100,0.2,21.6,63
2023-01-21 17:00:00,-0.7,100,0.3,20.1,24
2023-01-21 18:00:00,-0.8,100,0.2,18.7,3
2023-01-21 19:00:00,-0.6,100,0.1,16.6,0
2023-01-21 20:00:00,-0.4,73,0.0,15.6,0
2023-01-21 21:00:00,-1.1,100,0.0,10.5,0
2023-01-21 22:00:00,-1.1,100,0.0,7.7,0
2023-01-21 23:00:00,-0.9,99,0.1,9.1,0
2023-01-22 00:00:00,-1.0,100,0.0,5.8,0
2023-01-22 01:00:00,-1.8,100,0.0,5.9,0
2023-01-22 02:00:00,-1.1,100,0.0,9.7,0
2023-01-22 03:00:00,-0.9,100,0.1,8.5,0
2023-01-22 04:00:00,-1.0,100,0.1,6.3,0
2023-01-22 05:00:00,-1.1,100,0.0,4.8,0
2023-01-22 06:00:00,-1.4,100,0.0,2.2,0
2023-01-22 07:00:00,-0.9,100,0.0,5.4,0
2023-01-22 08:00:00,-1.1,100,0.0,7.6,0
2023-01-22 09:00:00,-0.9,100,0.0,8.6,0
2023-01-22 10:00:00,-0.4,100,0.0,9.7,22
2023-01-22 11:00:00,0.1,100,0.0,10.2,82
2023-01-22 12:00:00,0.4,100,0.0,9.7,91
2023-01-22 13:00:00,0.7,100,0.0,11.4,90
2023-01-22 14:00:00,0.4,100,0.1,14.3,78
2023-01-22 15:00:00,0.3,100,1.0,13.3,67
2023-01-22 16:00:00,-0.1,100,0.8,12.0,26
2023-01-22 17:00:00,0.0,100,0.2,11.1,35
2023-01-22 18:00:00,0.1,100,0.1,9.7,4
2023-01-22 19:00:00,-0.2,100,0.4,6.3,0
2023-01-22 20:00:00,-0.4,100,0.6,5.0,0
2023-01-22 21:00:00,-0.4,100,0.1,5.2,0
2023-01-22 22:00:00,-0.3,100,0.0,4.1,0
2023-01-22 23:00:00,-0.2,100,0.0,4.1,0
2023-01-23 00:00:00,-0.2,100,0.0,3.4,0
2023-01-23 01:00:00,-0.2,100,0.0,4.0,0
2023-01-23 02:00:00,-0.6,100,0.0,3.3,0
2023-01-23 03:00:00,-0.6,100,0.0,3.8,0
2023-01-23 04:00:00,-0.4,100,0.0,5.1,0
2023-01-23 05:00:00,-0.6,100,0.0,6.6,0
2023-01-23 06:00:00,-0.2,100,0.0,8.6,0
2023-01-23 07:00:00,-0.2,100,0.0,6.3,0
2023-01-23 08:00:00,0.1,100,0.0,7.9,0
2023-01-23 09:00:00,0.2,100,0.0,10.0,0
2023-01-23 10:00:00,0.4,100,0.0,10.8,22
2023-01-23 11:00:00,0.9,100,0.0,10.8,68
2023-01-23 12:00:00,1.6,100,0.0,13.0,93
2023-01-23 13:00:00,2.3,100,0.0,14.6,130
2023-01-23 14:00:00,1.6,100,0.0,13.5,113
2023-01-23 15:00:00,1.8,100,0.0,13.5,131
2023-01-23 16:00:00,1.9,100,0.0,10.2,84
2023-01-23 17:00:00,1.8,100,0.0,10.2,43
2023-01-23 18:00:00,1.2,100,0.0,10.4,6
2023-01-23 19:00:00,0.9,100,0.0,12.6,0
2023-01-23 20:00:00,0.9,100,0.0,12.4,0
2023-01-23 21:00:00,1.0,100,0.0,10.6,0
2023-01-23 22:00:00,0.9,100,0.0,10.1,0
2023-01-23 23:00:00,0.8,100,0.0,10.0,0
2023-01-24 00:00:00,0.6,100,0.0,9.8,0
2023-01-24 01:00:00,0.6,100,0.0,9.4,0
2023-01-24 02:00:00,0.6,100,0.0,10.8,0
2023-01-24 03:00:00,0.8,100,0.0,11.2,0
2023-01-24 04:00:00,0.8,100,0.0,11.2,0
2023-01-24 05:00:00,0.8,100,0.0,10.5,0
2023-01-24 06:00:00,0.9,100,0.0,9.5,0
2023-01-24 07:00:00,0.9,100,0.0,8.4,0
2023-01-24 08:00:00,0.9,100,0.0,9.5,0
2023-01-24 09:00:00,1.0,100,0.0,11.0,0
2023-01-24 10:00:00,1.2,100,0.0,11.8,16
2023-01-24 11:00:00,1.6,100,0.0,11.9,39
2023-01-24 12:00:00,2.1,100,0.0,14.2,85
2023-01-24 13:00:00,2.5,100,0.0,14.2,126
2023-01-24 14:00:00,2.1,100,0.0,11.3,118
2023-01-24 15:00:00,2.5,100,0.0,11.9,92
2023-01-24 16:00:00,2.5,100,0.0,10.2,51
2023-01-24 17:00:00,2.5,100,0.0,9.4,27
2023-01-24 18:00:00,2.3,100,0.0,9.3,3
2023-01-24 19:00:00,2.2,100,0.0,9.8,0
2023-01-24 20:00:00,1.9,100,0.0,8.3,0
2023-01-24 21:00:00,1.8,100,0.0,8.7,0
2023-01-24 22:00:00,1.8,100,0.0,9.5,0
2023-01-24 23:00:00,1.9,100,0.0,9.3,0
2023-01-25 00:00:00,1.8,100,0.0,7.4,0
2023-01-25 01:00:00,1.8,100,0.0,7.1,0
2023-01-25 02:00:00,0.9,100,0.0,9.3,0
2023-01-25 03:00:00,1.0,100,0.0,10.1,0
2023-01-25 04:00:00,1.0,100,0.0,9.4,0
2023-01-25 05:00:00,0.9,100,0.0,7.8,0
2023-01-25 06:00:00,1.0,100,0.0,6.0,0
2023-01-25 07:00:00,1.0,100,0.0,6.2,0
2023-01-25 08:00:00,1.0,100,0.0,6.2,0
2023-01-25 09:00:00,1.1,100,0.0,6.9,0
2023-01-25 10:00:00,1.2,100,0.0,6.9,12
2023-01-25 11:00:00,1.6,100,0.0,6.4,45
2023-01-25 12:00:00,1.9,100,0.0,6.6,77
2023-01-25 13:00:00,2.2,100,0.0,4.3,107
2023-01-25 14:00:00,1.5,100,0.0,0.8,98
2023-01-25 15:00:00,1.9,100,0.0,3.3,89
2023-01-25 16:00:00,1.9,100,0.0,3.3,68
2023-01-25 17:00:00,1.6,100,0.0,2.6,24
2023-01-25 18:00:00,1.4,100,0.0,2.3,4
2023-01-25 19:00:00,1.2,100,0.0,2.2,0
2023-01-25 20:00:00,1.1,100,0.0,1.4,0
2023-01-25 21:00:00,1.1,100,0.0,0.8,0
2023-01-25 22:00:00,1.0,100,0.0,1.1,0
2023-01-25 23:00:00,0.9,100,0.0,0.8,0
2023-01-26 00:00:00,0.6,100,0.0,1.8,0
2023-01-26 01:00:00,0.4,100,0.0,0.4,0
2023-01-26 02:00:00,0.4,100,0.0,1.8,0
2023-01-26 03:00:00,0.2,100,0.1,2.9,0
2023-01-26 04:00:00,0.2,100,0.0,3.1,0
2023-01-26 05:00:00,0.2,100,0.0,3.6,0
2023-01-26 06:00:00,0.1,100,0.0,4.0,0
2023-01-26 07:00:00,0.2,100,0.0,2.8,0
2023-01-26 08:00:00,0.2,100,0.0,0.7,0
2023-01-26 09:00:00,0.2,100,0.0,1.9,0
2023-01-26 10:00:00,0.3,100,0.0,1.9,13
2023-01-26 11:00:00,0.5,100,0.0,1.8,43
2023-01-26 12:00:00,0.6,100,0.0,2.1,63
2023-01-26 13:00:00,1.0,100,0.0,3.9,103
2023-01-26 14:00:00,0.6,100,0.0,3.8,75
2023-01-26 15:00:00,0.7,100,0.0,5.8,51
2023-01-26 16:00:00,0.6,100,0.0,7.8,26
2023-01-26 17:00:00,0.4,100,0.0,7.5,16
2023-01-26 18:00:00,0.4,100,0.0,6.8,2
2023-01-26 19:00:00,0.4,100,0.1,7.1,0
2023-01-26 20:00:00,0.3,100,0.0,7.6,0
2023-01-26 21:00:00,0.1,100,0.0,9.5,0
2023-01-26 22:00:00,-0.1,100,0.0,11.7,0
2023-01-26 23:00:00,-0.2,100,0.0,13.0,0
2023-01-27 00:00:00,-0.4,100,0.1,12.6,0
2023-01-27 01:00:00,-0.6,100,0.0,11.6,0
2023-01-27 02:00:00,-0.6,100,0.0,11.0,0
2023-01-27 03:00:00,-0.8,100,0.0,10.9,0
2023-01-27 04:00:00,-0.9,100,0.0,11.4,0
2023-01-27 05:00:00,-1.1,100,0.0,13.1,0
2023-01-27 06:00:00,-1.1,100,0.0,14.4,0
2023-01-27 07:00:00,-1.1,100,0.2,15.8,0
2023-01-27 08:00:00,-1.1,100,0.2,15.5,0
2023-01-27 09:00:00,-1.1,100,0.2,15.1,0
2023-01-27 10:00:00,-0.9,100,0.1,15.8,9
2023-01-27 11:00:00,-0.4,100,0.0,16.6,54
2023-01-27 12:00:00,-0.2,100,0.1,15.7,59
2023-01-27 13:00:00,-0.2,100,0.1,15.3,54
2023-01-27 14:00:00,-0.3,100,0.1,14.6,71
2023-01-27 15:00:00,-0.4,100,0.2,14.1,47
2023-01-27 16:00:00,-0.3,100,0.1,15.6,52
2023-01-27 17:00:00,-0.6,100,0.1,15.5,15
2023-01-27 18:00:00,-0.6,100,0.1,16.6,3
2023-01-27 19:00:00,-0.6,100,0.1,16.2,0
2023-01-27 20:00:00,-0.6,100,0.0,14.5,0
2023-01-27 21:00:00,-0.5,100,0.0,14.7,0
2023-01-27 22:00:00,-0.6,100,0.0,14.8,0
2023-01-27 23:00:00,-0.4,100,0.0,15.8,0
2023-01-28 00:00:00,-0.4,100,0.0,15.2,0
2023-01-28 01:00:00,-0.6,100,0.0,15.1,0
2023-01-28 02:00:00,-0.4,100,0.0,14.4,0
2023-01-28 03:00:00,-0.3,100,0.0,13.7,0
2023-01-28 04:00:00,-0.4,100,0.0,13.0,0
2023-01-28 05:00:00,-0.5,100,0.0,12.4,0
2023-01-28 06:00:00,-0.6,100,0.0,12.0,0
2023-01-28 07:00:00,-0.6,100,0.0,12.6,0
2023-01-28 08:00:00,-0.6,100,0.1,14.4,0
2023-01-28 09:00:00,-0.8,100,0.0,14.6,0
2023-01-28 10:00:00,-1.0,100,0.0,14.1,13
2023-01-28 11:00:00,-1.1,100,0.0,13.7,33
2023-01-28 12:00:00,-1.1,100,0.0,14.4,55
2023-01-28 13:00:00,-0.9,100,0.0,16.3,91
2023-01-28 14:00:00,-1.5,100,0.0,19.1,84
2023-01-28 15:00:00,-1.1,100,0.0,17.2,103
2023-01-28 16:00:00,-1.1,100,0.0,15.7,108
2023-01-28 17:00:00,-1.7,100,0.0,15.9,65
2023-01-28 18:00:00,-2.5,100,0.0,14.1,10
2023-01-28 19:00:00,-2.7,100,0.0,11.4,0
2023-01-28 20:00:00,-2.8,100,0.0,7.3,0
2023-01-28 21:00:00,-3.0,100,0.0,9.5,0
2023-01-28 22:00:00,-3.0,100,0.0,9.7,0
2023-01-28 23:00:00,-3.0,100,0.0,9.8,0
2023-01-29 00:00:00,-3.0,100,0.0,10.3,0
2023-01-29 01:00:00,-3.1,99,0.0,6.7,0
2023-01-29 02:00:00,-2.8,95,0.0,7.9,0
2023-01-29 03:00:00,-2.9,93,0.0,8.7,0
2023-01-29 04:00:00,-3.2,47,0.0,2.9,0
2023-01-29 05:00:00,-4.2,15,0.0,4.4,0
2023-01-29 06:00:00,-4.7,3,0.0,7.1,0
2023-01-29 07:00:00,-5.2,98,0.0,7.5,0
2023-01-29 08:00:00,-5.3,100,0.0,8.9,0
2023-01-29 09:00:00,-5.2,99,0.0,8.4,2
2023-01-29 10:00:00,-3.2,99,0.0,10.8,62
2023-01-29 11:00:00,-1.5,87,0.0,11.5,178
2023-01-29 12:00:00,-0.4,100,0.0,13.0,257
2023-01-29 13:00:00,0.4,100,0.0,12.8,316
2023-01-29 14:00:00,-0.3,100,0.0,11.5,266
2023-01-29 15:00:00,-0.1,100,0.0,11.6,157
2023-01-29 16:00:00,-0.1,100,0.0,12.3,92
2023-01-29 17:00:00,-0.2,100,0.0,13.0,55
2023-01-29 18:00:00,-0.9,100,0.0,10.5,11
2023-01-29 19:00:00,-1.7,94,0.0,10.9,0
2023-01-29 20:00:00,-2.7,93,0.0,13.8,0
2023-01-29 21:00:00,-3.0,82,0.0,14.8,0
2023-01-29 22:00:00,-3.1,29,0.0,15.5,0
2023-01-29 23:00:00,-3.2,72,0.0,17.1,0
2023-01-30 00:00:00,-3.2,79,0.0,18.2,0
2023-01-30 01:00:00,-3.2,72,0.0,19.6,0
2023-01-30 02:00:00,-3.1,98,0.0,18.9,0
2023-01-30 03:00:00,-2.8,77,0.0,22.2,0
2023-01-30 04:00:00,-2.7,85,0.0,23.8,0
2023-01-30 05:00:00,-2.3,92,0.0,26.7,0
2023-01-30 06:00:00,-1.7,100,0.0,28.8,0
2023-01-30 07:00:00,-1.5,100,0.0,26.2,0
2023-01-30 08:00:00,-0.9,100,0.0,26.5,0
2023-01-30 09:00:00,-0.2,100,0.0,29.5,1
2023-01-30 10:00:00,1.0,100,0.0,33.7,19
2023-01-30 11:00:00,2.0,100,0.0,35.6,48
2023-01-30 12:00:00,2.2,100,0.1,34.1,36
2023-01-30 13:00:00,2.5,100,0.3,33.9,71
2023-01-30 14:00:00,3.5,61,0.0,31.4,72
2023-01-30 15:00:00,3.5,94,0.0,31.3,280
2023-01-30 16:00:00,3.7,55,0.0,29.2,178
2023-01-30 17:00:00,3.3,100,0.0,31.4,103
2023-01-30 18:00:00,2.7,90,0.1,30.5,16
2023-01-30 19:00:00,2.3,100,0.1,29.7,0
2023-01-30 20:00:00,3.2,99,0.0,31.0,0
2023-01-30 21:00:00,3.5,80,0.0,30.6,0
2023-01-30 22:00:00,3.2,96,0.3,32.0,0
2023-01-30 23:00:00,3.5,55,0.0,28.3,0
2023-01-31 00:00:00,3.0,37,0.0,24.0,0
2023-01-31 01:00:00,2.8,65,0.0,23.2,0
2023-01-31 02:00:00,2.3,49,0.0,23.1,0
2023-01-31 03:00:00,2.8,97,0.0,24.5,0
2023-01-31 04:00:00,2.7,96,0.0,23.8,0
2023-01-31 05:00:00,2.3,100,0.0,25.6,0
2023-01-31 06:00:00,2.5,98,0.0,27.7,0
2023-01-31 07:00:00,2.2,80,0.0,26.0,0
2023-01-31 08:00:00,1.9,100,0.0,23.1,0
2023-01-31 09:00:00,2.5,96,0.0,23.5,1
2023-01-31 10:00:00,2.5,99,0.1,24.1,34
2023-01-31 11:00:00,3.2,100,0.0,23.4,48
2023-01-31 12:00:00,3.7,100,0.0,27.8,131
2023-01-31 13:00:00,4.3,100,0.0,30.7,228
2023-01-31 14:00:00,4.7,100,0.0,25.0,119
2023-01-31 15:00:00,4.2,100,0.0,26.7,90
2023-01-31 16:00:00,4.2,100,0.0,28.7,109
2023-01-31 17:00:00,3.1,100,0.2,25.9,37
2023-01-31 18:00:00,2.7,100,0.4,29.2,6
2023-01-31 19:00:00,2.8,100,0.1,29.6,0
2023-01-31 20:00:00,3.0,97,0.0,28.9,0
2023-01-31 21:00:00,3.5,100,0.0,30.7,0
2023-01-31 22:00:00,3.8,100,0.0,28.7,0
2023-01-31 23:00:00,4.1,76,0.0,27.7,0
2023-02-01 00:00:00,3.7,100,0.0,25.8,0
2023-02-01 01:00:00,4.2,88,0.2,30.1,0
2023-02-01 02:00:00,3.9,60,0.0,28.4,0
2023-02-01 03:00:00,3.2,60,0.1,25.8,0
2023-02-01 04:00:00,3.0,74,0.0,26.4,0
2023-02-01 05:00:00,3.0,100,0.0,26.2,0
2023-02-01 06:00:00,3.1,100,0.0,24.6,0
2023-02-01 07:00:00,3.2,100,0.0,23.8,0
2023-02-01 08:00:00,3.0,100,0.0,22.8,0
2023-02-01 09:00:00,3.2,100,0.0,23.6,2
2023-02-01 10:00:00,3.7,100,0.1,25.3,39
2023-02-01 11:00:00,4.2,85,0.1,23.7,94
2023-02-01 12:00:00,5.2,100,0.1,26.9,212
2023-02-01 13:00:00,4.8,100,0.3,29.8,206
2023-02-01 14:00:00,5.2,97,0.1,27.4,198
2023-02-01 15:00:00,6.6,71,0.0,29.4,273
2023-02-01 16:00:00,6.2,85,0.6,28.4,253
2023-02-01 17:00:00,5.3,100,0.0,30.3,128
2023-02-01 18:00:00,4.8,100,0.0,28.5,17
2023-02-01 19:00:00,4.2,100,0.0,27.9,0
2023-02-01 20:00:00,4.0,83,0.6,35.8,0
2023-02-01 21:00:00,3.2,100,0.3,31.7,0
2023-02-01 22:00:00,3.6,98,0.3,28.9,0
2023-02-01 23:00:00,3.2,86,0.0,28.5,0
2023-02-02 00:00:00,3.2,100,0.0,26.2,0
2023-02-02 01:00:00,3.4,100,0.0,26.2,0
2023-02-02 02:00:00,2.5,95,0.0,19.9,0
2023-02-02 03:00:00,2.1,31,0.1,19.8,0
2023-02-02 04:00:00,2.1,11,0.0,22.0,0
2023-02-02 05:00:00,1.9,2,0.0,23.6,0
2023-02-02 06:00:00,1.9,8,0.0,23.9,0
2023-02-02 07:00:00,2.0,42,0.0,24.2,0
2023-02-02 08:00:00,2.5,70,0.0,27.0,0
2023-02-02 09:00:00,3.0,100,0.0,27.2,3
2023-02-02 10:00:00,3.9,94,0.0,26.8,21
2023-02-02 11:00:00,4.4,98,0.0,22.6,75
2023-02-02 12:00:00,4.8,98,0.0,26.9,98
2023-02-02 13:00:00,5.0,64,0.2,30.9,189
2023-02-02 14:00:00,5.6,40,0.0,23.5,234
2023-02-02 15:00:00,5.1,63,1.6,23.9,210
2023-02-02 16:00:00,5.8,27,0.0,21.7,166
2023-02-02 17:00:00,5.2,92,0.0,21.8,136
2023-02-02 18:00:00,3.7,100,0.0,19.3,28
2023-02-02 19:00:00,3.2,100,0.0,17.3,0
2023-02-02 20:00:00,3.0,100,0.0,16.3,0
2023-02-02 21:00:00,2.8,100,0.0,14.7,0
2023-02-02 22:00:00,2.7,100,0.1,12.6,0
2023-02-02 23:00:00,2.8,100,0.1,12.0,0
2023-02-03 00:00:00,2.3,100,0.0,12.3,0
2023-02-03 01:00:00,2.2,100,0.0,11.7,0
2023-02-03 02:00:00,0.8,100,0.0,10.9,0
2023-02-03 03:00:00,1.3,100,0.2,13.5,0
2023-02-03 04:00:00,1.1,100,0.8,11.7,0
2023-02-03 05:00:00,1.2,100,0.9,15.6,0
2023-02-03 06:00:00,1.9,100,0.6,17.6,0
2023-02-03 07:00:00,3.0,100,0.6,20.9,0
2023-02-03 08:00:00,4.3,100,0.1,26.7,0
2023-02-03 09:00:00,5.3,100,0.1,29.2,1
2023-02-03 10:00:00,5.8,100,0.0,26.6,13
2023-02-03 11:00:00,5.8,100,0.2,25.5,42
2023-02-03 12:00:00,5.6,100,0.5,28.4,36
2023-02-03 13:00:00,5.8,100,0.9,32.1,43
2023-02-03 14:00:00,6.6,100,0.5,33.7,27
2023-02-03 15:00:00,7.2,100,0.4,36.6,75
2023-02-03 16:00:00,7.1,100,0.4,37.9,51
2023-02-03 17:00:00,5.7,100,3.2,31.2,20
2023-02-03 18:00:00,5.9,89,0.5,29.4,5
2023-02-03 19:00:00,5.6,59,0.0,28.0,0
2023-02-03 20:00:00,4.9,63,0.0,27.4,0
2023-02-03 21:00:00,4.4,100,0.0,23.2,0
2023-02-03 22:00:00,5.1,99,0.0,26.1,0
2023-02-03 23:00:00,4.9,100,0.0,28.1,0
2023-02-04 00:00:00,4.8,100,0.0,27.7,0
2023-02-04 01:00:00,4.6,100,0.1,29.3,0
2023-02-04 02:00:00,4.9,100,0.1,27.9,0
2023-02-04 03:00:00,4.4,99,0.2,31.6,0
2023-02-04 04:00:00,3.2,92,0.4,34.5,0
2023-02-04 05:00:00,2.4,81,0.0,27.8,0
2023-02-04 06:00:00,1.4,66,0.1,25.7,0
2023-02-04 07:00:00,0.4,64,0.0,23.1,0
2023-02-04 08:00:00,-0.4,34,0.0,20.9,0
2023-02-04 09:00:00,-1.0,22,0.0,18.1,5
2023-02-04 10:00:00,-0.2,17,0.0,21.5,87
2023-02-04 11:00:00,0.6,60,0.0,23.7,202
2023-02-04 12:00:00,1.3,59,0.0,21.9,252
2023-02-04 13:00:00,1.9,53,0.0,20.4,279
2023-02-04 14:00:00,2.2,97,0.0,19.5,297
2023-02-04 15:00:00,2.2,91,0.0,19.5,111
2023-02-04 16:00:00,2.2,37,0.0,19.8,135
2023-02-04 17:00:00,1.8,54,0.0,19.1,140
2023-02-04 18:00:00,0.3,46,0.1,11.1,29
2023-02-04 19:00:00,-0.3,48,0.0,13.5,0
2023-02-04 20:00:00,-0.4,73,0.1,15.6,0
2023-02-04 21:00:00,-0.2,81,0.1,12.9,0
2023-02-04 22:00:00,-0.8,100,0.1,13.4,0
2023-02-04 23:00:00,-0.4,100,0.2,14.9,0
2023-02-05 00:00:00,-0.9,98,0.0,15.7,0
2023-02-05 01:00:00,-1.7,11,0.0,14.5,0
2023-02-05 02:00:00,-1.2,0,0.0,12.3,0
2023-02-05 03:00:00,-2.2,0,0.0,10.6,0
2023-02-05 04:00:00,-4.5,0,0.0,6.9,0
2023-02-05 05:00:00,-5.7,0,0.0,7.4,0
2023-02-05 06:00:00,-6.2,0,0.0,5.8,0
2023-02-05 07:00:00,-6.1,0,0.0,5.2,0
2023-02-05 08:00:00,-6.2,3,0.0,5.2,0
2023-02-05 09:00:00,-5.4,6,0.0,3.6,6
2023-02-05 10:00:00,-3.4,15,0.0,3.7,92
2023-02-05 11:00:00,-1.9,99,0.0,5.2,217
2023-02-05 12:00:00,-0.9,100,0.0,6.4,315
2023-02-05 13:00:00,-0.3,98,0.0,6.1,360
2023-02-05 14:00:00,-0.3,100,0.0,4.1,323
2023-02-05 15:00:00,-0.1,100,0.0,5.7,227
2023-02-05 16:00:00,-0.1,100,0.0,6.2,189
2023-02-05 17:00:00,-0.4,100,0.0,5.9,139
2023-02-05 18:00:00,-2.5,100,0.0,5.6,32
2023-02-05 19:00:00,-3.2,94,0.0,6.1,0
2023-02-05 20:00:00,-4.5,70,0.0,7.1,0
2023-02-05 21:00:00,-4.7,23,0.0,5.6,0
2023-02-05 22:00:00,-5.4,22,0.0,6.6,0
2023-02-05 23:00:00,-5.8,36,0.0,6.1,0
2023-02-06 00:00:00,-5.5,30,0.0,5.4,0
2023-02-06 01:00:00,-6.2,11,0.0,6.6,0
2023-02-06 02:00:00,-5.2,91,0.0,4.3,0
2023-02-06 03:00:00,-5.7,50,0.0,4.8,0
2023-02-06 04:00:00,-6.3,42,0.0,5.7,0
2023-02-06 05:00:00,-6.2,100,0.0,5.2,0
2023-02-06 06:00:00,-4.7,100,0.0,8.4,0
2023-02-06 07:00:00,-5.6,96,0.0,4.8,0
2023-02-06 08:00:00,-5.9,94,0.0,4.8,0
2023-02-06 09:00:00,-4.9,91,0.0,7.0,6
2023-02-06 10:00:00,-3.5,97,0.0,4.1,90
2023-02-06 11:00:00,-2.0,98,0.0,1.8,176
2023-02-06 12:00:00,-0.7,100,0.0,0.0,278
2023-02-06 13:00:00,0.1,100,0.0,1.8,323
2023-02-06 14:00:00,-0.4,100,0.0,2.0,349
2023-02-06 15:00:00,0.1,100,0.0,6.0,253
2023-02-06 16:00:00,0.2,100,0.0,9.1,221
2023-02-06 17:00:00,-0.6,86,0.0,8.9,123
2023-02-06 18:00:00,-2.7,23,0.0,6.3,37
2023-02-06 19:00:00,-4.4,0,0.0,7.2,0
2023-02-06 20:00:00,-5.1,0,0.0,6.1,0
2023-02-06 21:00:00,-5.7,0,0.0,5.9,0
2023-02-06 22:00:00,-6.4,0,0.0,6.9,0
2023-02-06 23:00:00,-6.4,0,0.0,6.1,0
2023-02-07 00:00:00,-6.7,0,0.0,7.7,0
2023-02-07 01:00:00,-7.2,0,0.0,5.8,0
2023-02-07 02:00:00,-6.4,0,0.0,5.5,0
2023-02-07 03:00:00,-6.7,0,0.0,5.8,0
2023-02-07 04:00:00,-5.9,0,0.0,2.3,0
2023-02-07 05:00:00,-6.9,0,0.0,4.7,0
2023-02-07 06:00:00,-7.6,0,0.0,6.2,0
2023-02-07 07:00:00,-6.6,0,0.0,2.7,0
2023-02-07 08:00:00,-6.7,2,0.0,0.5,0
2023-02-07 09:00:00,-6.7,0,0.0,1.1,8
2023-02-07 10:00:00,-5.3,0,0.0,1.8,102
2023-02-07 11:00:00,-3.7,37,0.0,4.2,229
2023-02-07 12:00:00,-2.1,40,0.0,3.3,331
2023-02-07 13:00:00,-0.8,36,0.0,3.6,394
2023-02-07 14:00:00,-1.0,0,0.0,4.7,410
2023-02-07 15:00:00,-0.4,3,0.0,4.5,366
2023-02-07 16:00:00,-0.3,2,0.0,3.6,288
2023-02-07 17:00:00,-1.0,0,0.0,1.8,172
2023-02-07 18:00:00,-1.8,0,0.0,4.7,48
2023-02-07 19:00:00,-2.8,0,0.0,5.0,0
2023-02-07 20:00:00,-3.8,0,0.0,4.9,0
2023-02-07 21:00:00,-3.5,0,0.0,2.9,0
2023-02-07 22:00:00,-3.8,0,0.0,1.1,0
2023-02-07 23:00:00,-4.9,0,0.0,3.8,0
2023-02-08 00:00:00,-6.4,0,0.0,5.5,0
2023-02-08 01:00:00,-7.1,0,0.0,5.1,0
2023-02-08 02:00:00,-5.2,0,0.0,3.1,0
2023-02-08 03:00:00,-6.8,0,0.0,6.2,0
2023-02-08 04:00:00,-6.6,0,0.0,5.9,0
2023-02-08 05:00:00,-6.8,0,0.0,5.2,0
2023-02-08 06:00:00,-7.0,0,0.0,5.1,0
2023-02-08 07:00:00,-7.3,0,0.0,5.4,0
2023-02-08 08:00:00,-7.1,0,0.0,4.7,0
2023-02-08 09:00:00,-6.3,0,0.0,7.2,9
2023-02-08 10:00:00,-4.3,0,0.0,6.5,106
2023-02-08 11:00:00,-2.3,0,0.0,7.0,235
2023-02-08 12:00:00,-0.8,0,0.0,7.6,339
2023-02-08 13:00:00,0.6,0,0.0,8.9,403
2023-02-08 14:00:00,-0.3,0,0.0,10.7,418
2023-02-08 15:00:00,0.6,50,0.0,10.5,305
2023-02-08 16:00:00,1.1,1,0.0,9.2,277
2023-02-08 17:00:00,0.6,0,0.0,8.7,180
2023-02-08 18:00:00,-2.9,0,0.0,7.7,53
2023-02-08 19:00:00,-4.0,0,0.0,8.4,0
2023-02-08 20:00:00,-4.0,0,0.0,10.8,0
2023-02-08 21:00:00,-4.0,0,0.0,10.7,0
2023-02-08 22:00:00,-4.3,0,0.0,11.4,0
2023-02-08 23:00:00,-4.3,0,0.0,10.5,0
2023-02-09 00:00:00,-4.9,0,0.0,7.4,0
2023-02-09 01:00:00,-5.5,0,0.0,7.0,0
2023-02-09 02:00:00,-4.2,0,0.0,8.9,0
2023-02-09 03:00:00,-4.2,0,0.0,9.0,0
2023-02-09 04:00:00,-4.3,0,0.0,9.0,0
2023-02-09 05:00:00,-4.2,0,0.0,9.8,0
2023-02-09 06:00:00,-4.2,0,0.0,10.5,0
2023-02-09 07:00:00,-4.3,0,0.0,9.2,0
2023-02-09 08:00:00,-4.8,0,0.0,6.8,0
2023-02-09 09:00:00,-4.4,0,0.0,5.6,11
2023-02-09 10:00:00,-2.2,0,0.0,5.4,113
2023-02-09 11:00:00,-0.2,0,0.0,5.2,244
2023-02-09 12:00:00,1.7,0,0.0,9.7,350
2023-02-09 13:00:00,3.3,0,0.0,11.8,414
2023-02-09 14:00:00,3.2,0,0.0,11.3,428
2023-02-09 15:00:00,3.9,0,0.0,9.8,388
2023-02-09 16:00:00,4.0,0,0.0,8.9,304
2023-02-09 17:00:00,2.8,0,0.0,5.8,185
2023-02-09 18:00:00,-2.2,0,0.0,10.7,56
2023-02-09 19:00:00,-3.6,0,0.0,9.3,0
2023-02-09 20:00:00,-4.2,21,0.0,6.8,0
2023-02-09 21:00:00,-3.9,34,0.0,8.4,0
2023-02-09 22:00:00,-4.2,100,0.0,7.7,0
2023-02-09 23:00:00,-4.2,100,0.0,10.8,0
2023-02-10 00:00:00,-4.0,93,0.0,10.8,0
2023-02-10 01:00:00,-4.2,95,0.0,11.3,0
2023-02-10 02:00:00,-3.0,100,0.0,11.7,0
2023-02-10 03:00:00,-3.0,44,0.0,12.5,0
2023-02-10 04:00:00,-3.5,0,0.0,11.8,0
2023-02-10 05:00:00,-4.0,0,0.0,12.2,0
2023-02-10 06:00:00,-4.2,25,0.0,12.2,0
2023-02-10 07:00:00,-4.5,1,0.0,12.2,0
2023-02-10 08:00:00,-4.7,9,0.0,11.8,0
2023-02-10 09:00:00,-4.3,27,0.0,13.6,12
2023-02-10 10:00:00,-2.3,99,0.0,12.7,101
2023-02-10 11:00:00,-0.4,100,0.0,11.8,117
2023-02-10 12:00:00,0.8,96,0.0,12.6,113
2023-02-10 13:00:00,1.8,97,0.0,12.7,159
2023-02-10 14:00:00,1.4,100,0.0,8.2,214
2023-02-10 15:00:00,1.9,100,0.0,10.9,140
2023-02-10 16:00:00,2.1,100,0.0,12.8,117
2023-02-10 17:00:00,1.4,100,0.0,12.3,48
2023-02-10 18:00:00,0.9,88,0.0,12.5,22
2023-02-10 19:00:00,0.6,98,0.0,14.8,0
2023-02-10 20:00:00,0.1,100,0.0,14.9,0
2023-02-10 21:00:00,0.1,100,0.0,14.3,0
2023-02-10 22:00:00,-0.1,100,0.0,14.0,0
2023-02-10 23:00:00,-1.1,7,0.0,14.1,0
2023-02-11 00:00:00,-1.7,0,0.0,14.2,0
2023-02-11 01:00:00,-2.0,98,0.0,14.3,0
2023-02-11 02:00:00,-1.5,100,0.0,15.9,0
2023-02-11 03:00:00,-1.2,100,0.0,17.7,0
2023-02-11 04:00:00,-1.0,100,0.0,18.4,0
2023-02-11 05:00:00,-0.4,100,0.0,19.0,0
2023-02-11 06:00:00,-0.2,100,0.0,18.4,0
2023-02-11 07:00:00,0.0,100,0.0,20.2,0
2023-02-11 08:00:00,0.9,100,0.0,21.2,0
2023-02-11 09:00:00,1.4,100,0.0,22.6,4
2023-02-11 10:00:00,2.0,100,0.0,21.3,33
2023-02-11 11:00:00,2.2,100,0.0,21.2,30
2023-02-11 12:00:00,2.9,100,0.0,20.2,48
2023-02-11 13:00:00,4.3,100,0.0,19.8,98
2023-02-11 14:00:00,4.3,100,0.0,20.9,152
2023-02-11 15:00:00,4.8,100,0.0,20.7,181
2023-02-11 16:00:00,5.2,100,0.0,20.5,152
2023-02-11 17:00:00,4.8,100,0.0,20.6,31
2023-02-11 18:00:00,4.8,100,0.0,18.3,14
2023-02-11 19:00:00,4.4,100,0.0,18.2,0
2023-02-11 20:00:00,4.2,100,0.0,19.4,0
2023-02-11 21:00:00,4.2,100,0.0,18.1,0
2023-02-11 22:00:00,4.1,100,0.1,17.1,0
2023-02-11 23:00:00,4.2,100,0.1,16.8,0
2023-02-12 00:00:00,4.3,100,0.0,15.1,0
2023-02-12 01:00:00,4.3,100,0.0,14.5,0
2023-02-12 02:00:00,4.2,100,0.1,13.4,0
2023-02-12 03:00:00,4.3,100,0.2,11.9,0
2023-02-12 04:00:00,4.4,100,0.1,9.3,0
2023-02-12 05:00:00,4.3,100,0.1,9.5,0
2023-02-12 06:00:00,4.4,100,0.2,9.4,0
2023-02-12 07:00:00,4.6,100,0.2,12.3,0
2023-02-12 08:00:00,4.2,99,0.0,7.1,0
2023-02-12 09:00:00,3.9,100,0.1,6.8,5
2023-02-12 10:00:00,4.3,100,0.0,7.0,21
2023-02-12 11:00:00,4.9,100,0.0,8.0,44
2023-02-12 12:00:00,5.4,100,0.0,7.4,61
2023-02-12 13:00:00,5.8,100,0.0,7.4,80
2023-02-12 14:00:00,7.2,100,0.0,3.3,75
2023-02-12 15:00:00,7.8,85,0.0,4.9,188
2023-02-12 16:00:00,7.4,100,0.0,6.9,108
2023-02-12 17:00:00,6.9,100,0.0,6.9,58
2023-02-12 18:00:00,5.9,100,0.0,7.4,12
2023-02-12 19:00:00,5.4,89,0.0,6.9,0
2023-02-12 20:00:00,4.9,100,0.0,5.8,0
2023-02-12 21:00:00,4.7,100,0.0,4.8,0
2023-02-12 22:00:00,4.2,100,0.0,4.8,0
2023-02-12 23:00:00,3.2,98,0.0,5.8,0
2023-02-13 00:00:00,3.8,100,0.0,2.5,0
2023-02-13 01:00:00,3.8,100,0.0,2.4,0
2023-02-13 02:00:00,3.8,100,0.0,2.3,0
2023-02-13 03:00:00,3.4,95,0.0,6.0,0
2023-02-13 04:00:00,3.2,97,0.0,8.4,0
2023-02-13 05:00:00,3.2,100,0.0,9.0,0
2023-02-13 06:00:00,3.0,100,0.0,8.7,0
2023-02-13 07:00:00,2.7,100,0.0,6.6,0
2023-02-13 08:00:00,2.4,64,0.0,5.7,0
2023-02-13 09:00:00,2.2,82,0.0,6.6,9
2023-02-13 10:00:00,3.6,99,0.0,9.2,76
2023-02-13 11:00:00,5.4,74,0.0,8.3,175
2023-02-13 12:00:00,7.1,74,0.0,9.7,280
2023-02-13 13:00:00,7.9,100,0.0,11.2,306
2023-02-13 14:00:00,8.8,100,0.0,4.9,232
2023-02-13 15:00:00,9.1,80,0.0,4.9,214
2023-02-13 16:00:00,9.4,89,0.0,6.4,188
2023-02-13 17:00:00,9.4,23,0.0,4.8,135
2023-02-13 18:00:00,8.0,22,0.0,5.6,59
2023-02-13 19:00:00,6.8,20,0.0,5.7,1
2023-02-13 20:00:00,5.8,14,0.0,0.8,0
2023-02-13 21:00:00,1.4,13,0.0,5.4,0
2023-02-13 22:00:00,0.6,10,0.0,5.2,0
2023-02-13 23:00:00,-0.4,10,0.0,5.5,0
2023-02-14 00:00:00,-1.2,20,0.0,5.9,0
2023-02-14 01:00:00,-1.9,62,0.0,4.7,0
2023-02-14 02:00:00,-0.4,100,0.0,4.3,0
2023-02-14 03:00:00,1.8,100,0.0,3.4,0
2023-02-14 04:00:00,2.2,100,0.0,3.8,0
2023-02-14 05:00:00,2.2,100,0.0,7.5,0
2023-02-14 06:00:00,2.0,95,0.0,9.9,0
2023-02-14 07:00:00,1.5,96,0.0,10.6,0
2023-02-14 08:00:00,1.5,100,0.0,9.7,0
2023-02-14 09:00:00,1.6,100,0.0,9.2,10
2023-02-14 10:00:00,2.3,100,0.0,7.1,71
2023-02-14 11:00:00,3.0,100,0.0,6.4,127
2023-02-14 12:00:00,4.4,100,0.0,3.7,180
2023-02-14 13:00:00,5.2,100,0.0,1.4,245
2023-02-14 14:00:00,4.8,100,0.0,1.8,279
2023-02-14 15:00:00,5.7,74,0.0,2.4,268
2023-02-14 16:00:00,5.8,85,0.0,0.8,229
2023-02-14 17:00:00,5.7,86,0.0,0.5,161
2023-02-14 18:00:00,4.1,80,0.0,2.9,58
2023-02-14 19:00:00,1.5,62,0.0,6.9,1
2023-02-14 20:00:00,-0.1,11,0.0,9.0,0
2023-02-14 21:00:00,-0.6,8,0.0,8.4,0
2023-02-14 22:00:00,-1.0,5,0.0,6.0,0
2023-02-14 23:00:00,-1.1,6,0.0,6.5,0
2023-02-15 00:00:00,-1.4,6,0.0,7.0,0
2023-02-15 01:00:00,-1.8,5,0.0,7.1,0
2023-02-15 02:00:00,-2.1,3,0.0,7.6,0
2023-02-15 03:00:00,-2.0,7,0.0,7.0,0
2023-02-15 04:00:00,-2.2,9,0.0,7.3,0
2023-02-15 05:00:00,-2.1,100,0.0,7.1,0
2023-02-15 06:00:00,-1.9,100,0.0,7.5,0
2023-02-15 07:00:00,-2.0,100,0.0,7.4,0
2023-02-15 08:00:00,-2.0,100,0.0,7.4,0
2023-02-15 09:00:00,-1.8,100,0.0,7.7,12
2023-02-15 10:00:00,-1.1,100,0.0,8.4,81
2023-02-15 11:00:00,0.2,100,0.0,7.5,157
2023-02-15 12:00:00,2.4,85,0.0,5.2,301
2023-02-15 13:00:00,4.5,27,0.0,4.0,407
2023-02-15 14:00:00,3.4,14,0.0,6.6,445
2023-02-15 15:00:00,4.9,15,0.0,6.5,400
2023-02-15 16:00:00,5.9,7,0.0,4.4,327
2023-02-15 17:00:00,6.2,4,0.0,3.2,210
2023-02-15 18:00:00,6.1,2,0.0,5.4,77
2023-02-15 19:00:00,0.9,1,0.0,8.2,2
2023-02-15 20:00:00,-0.2,3,0.0,8.3,0
2023-02-15 21:00:00,-0.2,0,0.0,6.4,0
2023-02-15 22:00:00,-0.6,0,0.0,8.0,0
2023-02-15 23:00:00,-0.9,0,0.0,10.1,0
2023-02-16 00:00:00,-0.9,0,0.0,11.6,0
2023-02-16 01:00:00,-1.1,0,0.0,12.4,0
2023-02-16 02:00:00,-2.0,0,0.0,12.4,0
2023-02-16 03:00:00,-2.2,0,0.0,11.1,0
2023-02-16 04:00:00,-2.2,61,0.0,11.2,0
2023-02-16 05:00:00,-2.0,93,0.0,10.8,0
2023-02-16 06:00:00,-1.9,100,0.0,8.9,0
2023-02-16 07:00:00,-1.6,100,0.0,8.7,0
2023-02-16 08:00:00,-1.4,99,0.0,9.4,0
2023-02-16 09:00:00,-0.3,96,0.0,10.5,21
2023-02-16 10:00:00,2.0,100,0.0,10.3,136
2023-02-16 11:00:00,4.5,100,0.0,8.9,253
2023-02-16 12:00:00,6.8,87,0.0,9.8,348
2023-02-16 13:00:00,8.7,91,0.0,13.0,439
2023-02-16 14:00:00,8.0,50,0.0,11.9,442
2023-02-16 15:00:00,9.2,98,0.0,12.7,400
2023-02-16 16:00:00,8.9,13,0.0,14.5,316
2023-02-16 17:00:00,7.4,43,0.0,12.4,212
2023-02-16 18:00:00,4.0,1,0.0,11.6,79
2023-02-16 19:00:00,2.6,21,0.0,14.8,2
2023-02-16 20:00:00,2.2,90,0.0,17.0,0
2023-02-16 21:00:00,1.9,100,0.0,16.6,0
2023-02-16 22:00:00,2.2,100,0.0,16.4,0
2023-02-16 23:00:00,2.8,97,0.0,16.4,0
2023-02-17 00:00:00,3.0,100,0.0,17.5,0
2023-02-17 01:00:00,4.0,100,0.0,17.9,0
2023-02-17 02:00:00,5.0,100,0.0,14.6,0
2023-02-17 03:00:00,5.0,53,0.0,16.5,0
2023-02-17 04:00:00,4.2,90,0.0,17.8,0
2023-02-17 05:00:00,3.8,97,0.0,18.4,0
2023-02-17 06:00:00,4.2,100,0.0,17.8,0
2023-02-17 07:00:00,5.6,100,0.0,18.4,0
2023-02-17 08:00:00,5.8,100,0.0,19.4,0
2023-02-17 09:00:00,6.4,100,0.0,21.7,8
2023-02-17 10:00:00,7.3,100,0.0,24.6,30
2023-02-17 11:00:00,8.1,100,0.0,23.7,60
2023-02-17 12:00:00,8.6,100,0.0,21.2,79
2023-02-17 13:00:00,9.6,100,0.0,26.7,95
2023-02-17 14:00:00,10.2,100,0.0,24.1,131
2023-02-17 15:00:00,10.4,100,0.0,27.4,126
2023-02-17 16:00:00,10.4,100,0.0,31.3,71
2023-02-17 17:00:00,10.6,100,0.2,32.1,100
2023-02-17 18:00:00,10.2,100,0.2,35.4,38
2023-02-17 19:00:00,9.9,100,0.0,34.9,2
2023-02-17 20:00:00,10.0,100,0.0,34.6,0
2023-02-17 21:00:00,10.6,100,0.0,31.3,0
2023-02-17 22:00:00,11.1,100,0.0,30.7,0
2023-02-17 23:00:00,11.1,100,0.1,30.8,0
2023-02-18 00:00:00,10.9,100,0.0,27.3,0
2023-02-18 01:00:00,10.4,100,0.0,24.9,0
2023-02-18 02:00:00,10.1,100,0.0,24.1,0
2023-02-18 03:00:00,10.0,99,0.0,22.7,0
2023-02-18 04:00:00,9.8,100,0.0,21.2,0
2023-02-18 05:00:00,9.8,100,0.0,26.5,0
2023-02-18 06:00:00,9.9,100,0.0,27.9,0
2023-02-18 07:00:00,9.6,100,2.6,26.0,0
2023-02-18 08:00:00,9.2,100,1.8,23.4,0
2023-02-18 09:00:00,9.4,100,0.0,23.0,8
2023-02-18 10:00:00,10.1,100,0.0,24.9,28
2023-02-18 11:00:00,10.6,100,0.0,26.0,62
2023-02-18 12:00:00,11.4,100,0.0,24.0,153
2023-02-18 13:00:00,11.9,100,0.0,31.6,149
2023-02-18 14:00:00,12.6,100,0.0,32.1,179
2023-02-18 15:00:00,13.2,99,0.0,36.2,332
2023-02-18 16:00:00,12.3,97,0.0,32.8,121
2023-02-18 17:00:00,11.5,100,0.0,30.3,130
2023-02-18 18:00:00,10.8,100,0.0,32.1,45
2023-02-18 19:00:00,11.0,70,0.0,31.8,1
2023-02-18 20:00:00,9.8,100,0.0,28.8,0
2023-02-18 21:00:00,10.1,100,0.0,28.1,0
2023-02-18 22:00:00,9.8,99,0.0,28.6,0
2023-02-18 23:00:00,9.2,100,0.0,27.3,0
2023-02-19 00:00:00,9.2,100,0.0,27.1,0
2023-02-19 01:00:00,8.6,100,0.0,24.6,0
2023-02-19 02:00:00,8.6,100,0.0,17.9,0
2023-02-19 03:00:00,8.8,100,0.0,20.5,0
2023-02-19 04:00:00,8.6,100,0.1,22.1,0
2023-02-19 05:00:00,8.4,100,0.1,20.5,0
2023-02-19 06:00:00,8.1,100,0.2,19.2,0
2023-02-19 07:00:00,7.8,100,0.0,21.8,0
2023-02-19 08:00:00,8.0,98,0.0,27.2,0
2023-02-19 09:00:00,8.6,100,1.1,27.5,14
2023-02-19 10:00:00,9.1,100,0.7,31.0,66
2023-02-19 11:00:00,8.5,100,1.0,28.7,85
2023-02-19 12:00:00,8.2,100,0.5,23.4,37
2023-02-19 13:00:00,8.2,100,0.9,26.3,99
2023-02-19 14:00:00,6.6,100,0.4,20.9,65
2023-02-19 15:00:00,5.7,100,0.1,17.6,79
2023-02-19 16:00:00,5.4,74,0.0,13.4,59
2023-02-19 17:00:00,5.9,98,0.0,16.8,167
2023-02-19 18:00:00,5.1,100,0.0,11.8,59
2023-02-19 19:00:00,4.6,99,0.0,10.2,3
2023-02-19 20:00:00,3.8,98,0.0,7.8,0
2023-02-19 21:00:00,2.2,100,0.0,6.1,0
2023-02-19 22:00:00,0.9,100,0.0,6.1,0
2023-02-19 23:00:00,0.8,100,0.0,6.0,0
2023-02-20 00:00:00,1.1,100,0.0,7.1,0
2023-02-20 01:00:00,2.7,100,0.0,6.0,0
2023-02-20 02:00:00,2.5,100,0.0,6.9,0
2023-02-20 03:00:00,2.8,100,0.2,12.3,0
2023-02-20 04:00:00,3.0,100,0.0,12.9,0
2023-02-20 05:00:00,3.8,100,0.0,13.0,0
2023-02-20 06:00:00,5.6,100,0.0,20.2,0
2023-02-20 07:00:00,6.1,100,0.0,19.7,0
2023-02-20 08:00:00,5.8,100,0.0,18.7,0
2023-02-20 09:00:00,6.1,100,0.0,18.7,11
2023-02-20 10:00:00,6.7,100,0.0,22.3,94
2023-02-20 11:00:00,7.2,100,0.0,24.9,151
2023-02-20 12:00:00,8.9,94,0.0,29.3,300
2023-02-20 13:00:00,10.1,100,0.0,31.2,415
2023-02-20 14:00:00,11.1,100,0.0,30.3,454
2023-02-20 15:00:00,11.6,100,0.0,33.5,365
2023-02-20 16:00:00,11.5,100,0.0,33.0,262
2023-02-20 17:00:00,11.4,98,0.0,31.1,165
2023-02-20 18:00:00,10.9,100,0.0,28.7,69
2023-02-20 19:00:00,10.4,87,0.0,26.6,4
2023-02-20 20:00:00,9.5,80,0.0,24.0,0
2023-02-20 21:00:00,8.8,69,0.0,21.6,0
2023-02-20 22:00:00,8.4,65,0.0,20.8,0
2023-02-20 23:00:00,8.0,95,0.0,20.8,0
2023-02-21 00:00:00,8.4,100,0.0,22.3,0
2023-02-21 01:00:00,8.4,100,0.0,22.1,0
2023-02-21 02:00:00,7.8,100,0.0,23.8,0
2023-02-21 03:00:00,7.8,9,0.0,25.5,0
2023-02-21 04:00:00,7.6,34,0.0,26.1,0
2023-02-21 05:00:00,7.6,65,0.0,24.3,0
2023-02-21 06:00:00,7.5,25,0.0,23.7,0
2023-02-21 07:00:00,7.2,43,0.0,23.7,0
2023-02-21 08:00:00,7.1,68,0.0,23.3,0
2023-02-21 09:00:00,7.8,59,0.0,25.2,22
2023-02-21 10:00:00,9.4,93,0.0,28.8,124
2023-02-21 11:00:00,10.6,100,0.0,25.2,203
2023-02-21 12:00:00,11.6,85,0.0,26.2,236
2023-02-21 13:00:00,12.4,100,0.0,29.8,287
2023-02-21 14:00:00,12.9,100,0.0,26.0,115
2023-02-21 15:00:00,12.4,100,0.0,23.9,128
2023-02-21 16:00:00,12.2,100,0.0,21.2,98
2023-02-21 17:00:00,12.3,64,0.0,18.0,87
2023-02-21 18:00:00,11.2,100,0.0,15.5,62
2023-02-21 19:00:00,10.4,73,0.0,15.5,4
2023-02-21 20:00:00,9.2,11,0.0,13.3,0
2023-02-21 21:00:00,7.2,16,0.0,12.3,0
2023-02-21 22:00:00,6.8,18,0.0,11.5,0
2023-02-21 23:00:00,6.5,51,0.0,10.8,0
2023-02-22 00:00:00,6.3,36,0.0,11.2,0
2023-02-22 01:00:00,6.0,25,0.0,10.5,0
2023-02-22 02:00:00,5.7,34,0.0,6.1,0
2023-02-22 03:00:00,6.8,47,0.0,5.2,0
2023-02-22 04:00:00,5.0,62,0.0,6.3,0
2023-02-22 05:00:00,4.2,83,0.0,5.4,0
2023-02-22 06:00:00,3.5,60,0.0,4.9,0
2023-02-22 07:00:00,3.2,35,0.0,5.2,0
2023-02-22 08:00:00,2.7,21,0.0,5.5,0
2023-02-22 09:00:00,3.7,14,0.0,7.4,35
2023-02-22 10:00:00,6.5,9,0.0,4.0,156
2023-02-22 11:00:00,8.9,24,0.0,2.3,292
2023-02-22 12:00:00,10.8,54,0.0,3.0,397
2023-02-22 13:00:00,12.2,63,0.0,3.6,459
2023-02-22 14:00:00,11.4,100,0.0,4.0,302
2023-02-22 15:00:00,11.7,100,0.0,6.2,227
2023-02-22 16:00:00,11.7,100,0.0,8.1,229
2023-02-22 17:00:00,10.8,100,0.0,10.9,197
2023-02-22 18:00:00,9.2,100,0.0,8.3,79
2023-02-22 19:00:00,7.1,100,0.0,8.0,7
2023-02-22 20:00:00,7.2,100,0.0,11.5,0
2023-02-22 21:00:00,6.5,100,0.0,11.9,0
2023-02-22 22:00:00,5.8,100,0.0,10.4,0
2023-02-22 23:00:00,4.9,100,0.0,7.7,0
2023-02-23 00:00:00,3.9,100,0.0,5.8,0
2023-02-23 01:00:00,3.4,100,0.0,6.3,0
2023-02-23 02:00:00,4.1,100,0.0,5.8,0
2023-02-23 03:00:00,4.6,100,0.0,5.8,0
2023-02-23 04:00:00,3.8,100,0.0,6.1,0
2023-02-23 05:00:00,3.2,100,0.0,5.4,0
2023-02-23 06:00:00,2.6,100,0.0,5.0,0
2023-02-23 07:00:00,2.4,100,0.0,4.8,0
2023-02-23 08:00:00,2.2,100,0.0,5.5,0
2023-02-23 09:00:00,3.7,100,0.0,7.9,30
2023-02-23 10:00:00,5.9,100,0.0,5.6,113
2023-02-23 11:00:00,7.7,100,0.0,5.0,194
2023-02-23 12:00:00,8.9,100,0.0,4.9,250
2023-02-23 13:00:00,9.9,100,0.0,5.0,281
2023-02-23 14:00:00,10.9,100,0.0,5.1,323
2023-02-23 15:00:00,11.9,100,0.0,6.4,357
2023-02-23 16:00:00,11.9,100,0.0,7.1,167
2023-02-23 17:00:00,11.6,100,0.0,8.1,100
2023-02-23 18:00:00,10.9,100,0.0,6.4,52
2023-02-23 19:00:00,10.0,100,0.0,6.3,3
2023-02-23 20:00:00,9.9,100,0.0,5.6,0
2023-02-23 21:00:00,9.1,100,0.0,7.2,0
2023-02-23 22:00:00,7.8,82,0.1,7.9,0
2023-02-23 23:00:00,7.2,95,0.0,9.7,0
2023-02-24 00:00:00,7.3,93,0.0,9.6,0
2023-02-24 01:00:00,6.8,83,0.1,10.0,0
2023-02-24 02:00:00,7.3,33,0.0,9.7,0
2023-02-24 03:00:00,7.3,100,0.2,10.0,0
2023-02-24 04:00:00,6.7,35,0.2,8.0,0
2023-02-24 05:00:00,5.8,18,0.0,10.7,0
2023-02-24 06:00:00,5.4,53,0.0,11.4,0
2023-02-24 07:00:00,5.1,100,0.0,11.8,0
2023-02-24 08:00:00,5.3,98,0.0,11.3,0
2023-02-24 09:00:00,5.8,94,0.2,12.5,27
2023-02-24 10:00:00,7.2,78,0.0,13.8,132
2023-02-24 11:00:00,8.1,100,0.0,14.8,165
2023-02-24 12:00:00,8.4,92,0.1,16.1,170
2023-02-24 13:00:00,7.9,99,0.1,16.6,119
2023-02-24 14:00:00,9.4,100,0.1,19.2,200
2023-02-24 15:00:00,10.5,100,0.1,21.0,368
2023-02-24 16:00:00,10.6,100,0.1,25.1,262
2023-02-24 17:00:00,10.1,100,0.0,21.3,102
2023-02-24 18:00:00,8.9,100,0.0,17.5,68
2023-02-24 19:00:00,7.7,100,0.1,13.8,6
2023-02-24 20:00:00,6.9,100,0.1,13.2,0
2023-02-24 21:00:00,6.8,100,0.0,17.5,0
2023-02-24 22:00:00,5.8,100,0.0,16.6,0
2023-02-24 23:00:00,5.2,100,0.2,17.4,0
2023-02-25 00:00:00,4.6,100,0.3,17.8,0
2023-02-25 01:00:00,4.0,100,0.2,18.4,0
2023-02-25 02:00:00,3.3,81,0.1,14.1,0
2023-02-25 03:00:00,3.2,75,0.0,17.0,0
2023-02-25 04:00:00,2.5,44,0.0,19.9,0
2023-02-25 05:00:00,2.2,20,0.0,21.9,0
2023-02-25 06:00:00,2.0,22,0.0,21.8,0
2023-02-25 07:00:00,1.6,75,0.1,22.8,0
2023-02-25 08:00:00,1.7,100,0.3,25.6,0
2023-02-25 09:00:00,2.5,91,0.5,27.1,26
2023-02-25 10:00:00,3.3,100,0.2,26.7,112
2023-02-25 11:00:00,3.6,100,0.4,23.2,106
2023-02-25 12:00:00,4.0,100,0.5,23.7,126
2023-02-25 13:00:00,4.0,100,1.2,23.2,185
2023-02-25 14:00:00,3.8,100,0.0,21.4,223
2023-02-25 15:00:00,4.7,94,0.1,22.6,359
2023-02-25 16:00:00,4.0,33,0.1,23.2,277
2023-02-25 17:00:00,3.5,87,0.0,21.1,248
2023-02-25 18:00:00,2.6,40,0.0,18.6,103
2023-02-25 19:00:00,1.2,56,0.0,16.6,10
2023-02-25 20:00:00,0.3,100,0.0,14.3,0
2023-02-25 21:00:00,0.2,100,0.1,14.8,0
2023-02-25 22:00:00,-0.2,82,0.1,15.4,0
2023-02-25 23:00:00,-0.6,100,0.1,13.9,0
2023-02-26 00:00:00,-0.7,100,0.1,15.8,0
2023-02-26 01:00:00,-0.6,100,0.0,15.0,0
2023-02-26 02:00:00,-0.8,100,0.0,15.2,0
2023-02-26 03:00:00,-1.3,100,0.0,15.9,0
2023-02-26 04:00:00,-1.6,100,0.0,13.9,0
2023-02-26 05:00:00,-1.4,100,0.0,13.8,0
2023-02-26 06:00:00,-1.3,100,0.1,15.2,0
2023-02-26 07:00:00,-1.2,100,0.1,16.1,0
2023-02-26 08:00:00,-1.3,100,0.0,15.2,0
2023-02-26 09:00:00,-1.4,96,0.0,18.0,43
2023-02-26 10:00:00,-0.6,100,0.0,20.2,124
2023-02-26 11:00:00,0.2,100,0.1,19.6,157
2023-02-26 12:00:00,0.9,98,0.1,20.3,182
2023-02-26 13:00:00,1.4,77,0.6,22.4,212
2023-02-26 14:00:00,0.4,90,0.1,19.8,249
2023-02-26 15:00:00,1.1,66,0.4,19.6,174
2023-02-26 16:00:00,1.6,47,0.0,21.9,254
2023-02-26 17:00:00,1.0,64,0.1,24.4,243
2023-02-26 18:00:00,0.3,28,0.0,17.5,106
2023-02-26 19:00:00,-1.0,56,0.2,13.7,12
2023-02-26 20:00:00,-1.9,58,0.2,12.0,0
2023-02-26 21:00:00,-2.2,28,0.0,11.6,0
2023-02-26 22:00:00,-2.8,46,0.0,11.9,0
2023-02-26 23:00:00,-3.3,25,0.0,11.4,0
2023-02-27 00:00:00,-3.8,29,0.0,10.4,0
2023-02-27 01:00:00,-4.1,28,0.0,10.8,0
2023-02-27 02:00:00,-2.6,23,0.0,11.8,0
2023-02-27 03:00:00,-3.2,30,0.0,9.9,0
2023-02-27 04:00:00,-3.7,74,0.0,9.9,0
2023-02-27 05:00:00,-3.7,37,0.0,9.1,0
2023-02-27 06:00:00,-4.4,35,0.0,6.8,0
2023-02-27 07:00:00,-4.8,24,0.0,7.0,0
2023-02-27 08:00:00,-5.0,47,0.0,8.6,0
2023-02-27 09:00:00,-3.5,95,0.0,10.9,53
2023-02-27 10:00:00,-2.0,86,0.0,10.9,154
2023-02-27 11:00:00,-0.5,0,0.0,9.1,315
2023-02-27 12:00:00,1.2,49,0.0,12.1,460
2023-02-27 13:00:00,1.6,100,0.0,14.6,379
2023-02-27 14:00:00,1.4,100,0.0,9.9,234
2023-02-27 15:00:00,1.3,100,0.0,10.2,133
2023-02-27 16:00:00,0.9,100,0.0,12.0,82
2023-02-27 17:00:00,0.9,96,0.0,10.2,78
2023-02-27 18:00:00,1.1,86,0.0,7.9,58
2023-02-27 19:00:00,-0.5,94,0.0,7.2,11
2023-02-27 20:00:00,-0.6,99,0.1,10.9,0
2023-02-27 21:00:00,-1.2,42,0.0,8.7,0
2023-02-27 22:00:00,-2.3,63,0.0,6.3,0
2023-02-27 23:00:00,-2.5,85,0.0,7.4,0
2023-02-28 00:00:00,-3.0,99,0.0,5.8,0
2023-02-28 01:00:00,-3.0,90,0.0,7.4,0
2023-02-28 02:00:00,-3.3,0,0.0,7.7,0
2023-02-28 03:00:00,-3.7,0,0.0,7.8,0
2023-02-28 04:00:00,-4.1,66,0.0,8.9,0
2023-02-28 05:00:00,-4.2,1,0.0,8.9,0
2023-02-28 06:00:00,-4.7,0,0.0,8.2,0
2023-02-28 07:00:00,-4.8,0,0.0,8.2,0
2023-02-28 08:00:00,-4.9,1,0.0,8.5,0
2023-02-28 09:00:00,-3.5,0,0.0,9.8,62
2023-02-28 10:00:00,-1.6,4,0.0,12.1,203
2023-02-28 11:00:00,0.0,2,0.0,14.8,342
2023-02-28 12:00:00,1.5,39,0.0,15.3,451
2023-02-28 13:00:00,2.5,87,0.0,15.0,511
2023-02-28 14:00:00,3.1,52,0.0,13.8,523
2023-02-28 15:00:00,3.7,88,0.0,12.4,445
2023-02-28 16:00:00,3.7,100,0.0,13.0,315
2023-02-28 17:00:00,3.4,99,0.0,12.2,198
2023-02-28 18:00:00,2.8,16,0.0,9.8,100
2023-02-28 19:00:00,0.3,31,0.0,6.5,15
2023-02-28 20:00:00,-1.0,15,0.0,6.8,0
2023-02-28 21:00:00,-2.0,0,0.0,7.6,0
2023-02-28 22:00:00,-2.2,36,0.0,8.9,0
2023-02-28 23:00:00,-2.3,94,0.0,9.4,0
2023-03-01 00:00:00,-2.8,77,0.0,7.9,0
2023-03-01 01:00:00,-3.2,39,0.0,7.3,0
2023-03-01 02:00:00,-3.8,0,0.0,7.2,0
2023-03-01 03:00:00,-3.5,58,0.0,5.8,0
2023-03-01 04:00:00,-4.0,0,0.0,6.8,0
2023-03-01 05:00:00,-4.7,0,0.0,5.9,0
2023-03-01 06:00:00,-5.1,0,0.0,5.1,0
2023-03-01 07:00:00,-5.3,0,0.0,4.6,0
2023-03-01 08:00:00,-5.3,0,0.0,4.1,1
2023-03-01 09:00:00,-3.6,0,0.0,5.4,67
2023-03-01 10:00:00,-1.7,0,0.0,7.9,209
2023-03-01 11:00:00,0.2,0,0.0,9.7,349
2023-03-01 12:00:00,2.2,0,0.0,11.1,457
2023-03-01 13:00:00,3.8,0,0.0,12.1,520
2023-03-01 14:00:00,4.9,0,0.0,13.0,532
2023-03-01 15:00:00,5.5,1,0.0,13.6,493
2023-03-01 16:00:00,5.6,0,0.0,14.1,405
2023-03-01 17:00:00,5.2,0,0.0,13.2,280
2023-03-01 18:00:00,4.0,0,0.0,8.2,134
2023-03-01 19:00:00,1.2,5,0.0,7.9,18
2023-03-01 20:00:00,0.0,1,0.0,7.4,0
2023-03-01 21:00:00,-0.6,0,0.0,8.0,0
2023-03-01 22:00:00,-1.0,0,0.0,9.9,0
2023-03-01 23:00:00,-1.6,0,0.0,9.1,0
2023-03-02 00:00:00,-2.2,0,0.0,7.9,0
2023-03-02 01:00:00,-2.7,0,0.0,7.4,0
2023-03-02 02:00:00,-2.8,0,0.0,6.6,0
2023-03-02 03:00:00,-3.0,0,0.0,5.7,0
2023-03-02 04:00:00,-3.2,0,0.0,7.4,0
2023-03-02 05:00:00,-3.6,18,0.0,7.5,0
2023-03-02 06:00:00,-3.8,11,0.0,6.3,0
2023-03-02 07:00:00,-3.8,27,0.0,7.1,0
2023-03-02 08:00:00,-3.9,14,0.0,7.7,1
2023-03-02 09:00:00,-2.2,3,0.0,7.4,72
2023-03-02 10:00:00,0.1,2,0.0,5.4,216
2023-03-02 11:00:00,2.2,18,0.0,7.7,356
2023-03-02 12:00:00,4.0,34,0.0,10.5,463
2023-03-02 13:00:00,5.6,41,0.0,10.5,524
2023-03-02 14:00:00,6.9,16,0.0,11.5,533
2023-03-02 15:00:00,7.8,14,0.0,12.2,499
2023-03-02 16:00:00,8.1,42,0.0,11.6,412
2023-03-02 17:00:00,7.8,36,0.0,11.0,284
2023-03-02 18:00:00,6.1,35,0.0,6.1,139
2023-03-02 19:00:00,2.5,34,0.0,9.4,20
2023-03-02 20:00:00,1.1,0,0.0,11.3,0
2023-03-02 21:00:00,1.2,0,0.0,9.6,0
2023-03-02 22:00:00,-0.8,0,0.0,10.2,0
2023-03-02 23:00:00,-1.5,0,0.0,8.1,0
2023-03-03 00:00:00,-2.5,0,0.0,9.2,0
2023-03-03 01:00:00,-2.2,0,0.0,7.2,0
2023-03-03 02:00:00,-3.1,0,0.0,9.0,0
2023-03-03 03:00:00,-3.3,0,0.0,7.9,0
2023-03-03 04:00:00,-3.5,0,0.0,7.1,0
2023-03-03 05:00:00,-3.2,0,0.0,7.1,0
2023-03-03 06:00:00,-3.4,0,0.0,6.6,0
2023-03-03 07:00:00,-3.3,0,0.0,7.4,0
2023-03-03 08:00:00,-3.0,100,0.0,11.5,2
2023-03-03 09:00:00,-1.9,100,0.0,12.8,55
2023-03-03 10:00:00,-1.2,100,0.0,12.0,82
2023-03-03 11:00:00,-0.3,100,0.0,12.4,155
2023-03-03 12:00:00,0.2,100,0.0,13.9,162
2023-03-03 13:00:00,1.2,100,0.0,13.7,225
2023-03-03 14:00:00,4.1,100,0.0,14.8,271
2023-03-03 15:00:00,4.1,78,0.0,11.7,379
2023-03-03 16:00:00,4.2,71,0.0,11.0,360
2023-03-03 17:00:00,3.8,43,0.0,12.3,267
2023-03-03 18:00:00,2.7,72,0.0,11.0,129
2023-03-03 19:00:00,0.2,92,0.0,7.2,21
2023-03-03 20:00:00,-1.0,19,0.0,7.3,0
2023-03-03 21:00:00,-2.3,66,0.0,6.6,0
2023-03-03 22:00:00,-2.8,17,0.0,6.2,0
2023-03-03 23:00:00,-3.3,8,0.0,7.3,0
2023-03-04 00:00:00,-3.5,13,0.0,6.6,0
2023-03-04 01:00:00,-3.9,15,0.0,6.5,0
2023-03-04 02:00:00,-3.6,20,0.0,5.2,0
2023-03-04 03:00:00,-3.5,34,0.0,5.6,0
2023-03-04 04:00:00,-3.9,72,0.0,6.1,0
2023-03-04 05:00:00,-4.2,98,0.0,6.0,0
2023-03-04 06:00:00,-4.4,96,0.0,6.2,0
2023-03-04 07:00:00,-4.3,75,0.0,5.5,0
2023-03-04 08:00:00,-2.8,69,0.0,7.6,2
2023-03-04 09:00:00,-0.8,2,0.0,12.2,60
2023-03-04 10:00:00,1.1,53,0.0,12.2,224
2023-03-04 11:00:00,2.6,95,0.0,17.9,301
2023-03-04 12:00:00,2.9,100,0.0,18.8,284
2023-03-04 13:00:00,2.5,100,0.0,20.5,175
2023-03-04 14:00:00,3.4,100,0.0,21.7,113
2023-03-04 15:00:00,3.7,100,0.0,20.9,136
2023-03-04 16:00:00,3.7,100,0.0,20.9,75
2023-03-04 17:00:00,3.8,100,0.0,19.6,51
2023-03-04 18:00:00,3.8,82,0.0,14.1,32
2023-03-04 19:00:00,3.2,100,0.0,14.9,12
2023-03-04 20:00:00,3.5,100,0.0,18.1,0
2023-03-04 21:00:00,3.4,100,0.2,15.5,0
2023-03-04 22:00:00,2.9,99,0.5,12.6,0
2023-03-04 23:00:00,2.4,93,0.0,9.0,0
2023-03-05 00:00:00,1.5,100,0.0,7.8,0
2023-03-05 01:00:00,1.6,100,0.1,11.4,0
2023-03-05 02:00:00,1.8,92,0.0,11.0,0
2023-03-05 03:00:00,1.7,100,0.0,11.1,0
2023-03-05 04:00:00,1.5,67,0.0,10.9,0
2023-03-05 05:00:00,1.1,91,0.0,11.6,0
2023-03-05 06:00:00,0.5,100,0.1,10.2,0
2023-03-05 07:00:00,0.9,56,0.1,15.6,0
2023-03-05 08:00:00,-0.2,95,0.0,14.0,3
2023-03-05 09:00:00,1.0,39,0.0,16.1,65
2023-03-05 10:00:00,2.5,79,0.0,18.7,226
2023-03-05 11:00:00,3.5,100,0.0,23.1,262
2023-03-05 12:00:00,4.0,99,0.0,22.4,274
2023-03-05 13:00:00,4.3,100,0.0,25.5,184
2023-03-05 14:00:00,4.5,100,0.0,24.0,199
2023-03-05 15:00:00,4.6,100,0.0,22.0,184
2023-03-05 16:00:00,4.5,100,0.0,20.5,143
2023-03-05 17:00:00,4.8,100,0.0,22.0,106
2023-03-05 18:00:00,4.6,100,0.0,17.7,77
2023-03-05 19:00:00,3.8,100,0.0,14.4,8
2023-03-05 20:00:00,3.2,100,0.0,12.3,0
2023-03-05 21:00:00,2.8,100,0.1,11.2,0
2023-03-05 22:00:00,2.2,100,0.3,12.6,0
2023-03-05 23:00:00,1.5,100,0.2,11.7,0
2023-03-06 00:00:00,0.8,100,0.1,10.8,0
2023-03-06 01:00:00,0.3,100,0.1,10.3,0
2023-03-06 02:00:00,-0.4,100,0.0,13.8,0
2023-03-06 03:00:00,-0.4,100,0.0,13.5,0
2023-03-06 04:00:00,-0.6,100,0.0,13.0,0
2023-03-06 05:00:00,-0.8,100,0.0,14.0,0
2023-03-06 06:00:00,-0.6,100,0.0,15.0,0
2023-03-06 07:00:00,-0.9,100,0.0,13.8,0
2023-03-06 08:00:00,-0.9,100,0.0,13.0,3
2023-03-06 09:00:00,0.8,100,0.0,12.3,72
2023-03-06 10:00:00,1.8,100,0.0,13.8,114
2023-03-06 11:00:00,3.0,100,0.0,13.7,178
2023-03-06 12:00:00,4.8,100,0.0,15.5,351
2023-03-06 13:00:00,5.1,100,0.0,19.0,395
2023-03-06 14:00:00,4.1,100,0.1,16.6,320
2023-03-06 15:00:00,4.7,100,0.1,17.9,219
2023-03-06 16:00:00,4.7,100,0.1,19.0,213
2023-03-06 17:00:00,4.6,100,0.0,18.7,162
2023-03-06 18:00:00,4.0,86,0.0,16.9,101
2023-03-06 19:00:00,2.6,67,0.0,14.1,23
2023-03-06 20:00:00,1.6,86,0.0,13.0,0
2023-03-06 21:00:00,1.9,98,0.0,15.1,0
2023-03-06 22:00:00,1.1,100,0.0,14.8,0
2023-03-06 23:00:00,0.3,100,0.0,12.5,0
2023-03-07 00:00:00,-0.2,100,0.0,13.7,0
2023-03-07 01:00:00,-0.1,100,0.0,14.1,0
2023-03-07 02:00:00,0.2,100,0.0,13.3,0
2023-03-07 03:00:00,-0.2,79,0.0,14.0,0
2023-03-07 04:00:00,-0.3,99,0.0,14.8,0
2023-03-07 05:00:00,-0.2,100,0.0,16.1,0
2023-03-07 06:00:00,-0.2,100,0.0,17.3,0
2023-03-07 07:00:00,0.8,100,0.0,16.3,0
2023-03-07 08:00:00,1.5,92,0.0,19.2,3
2023-03-07 09:00:00,2.5,100,0.0,22.7,69
2023-03-07 10:00:00,3.0,100,0.0,23.2,101
2023-03-07 11:00:00,3.7,100,0.0,24.3,125
2023-03-07 12:00:00,5.1,100,0.0,30.9,216
2023-03-07 13:00:00,6.3,100,0.0,29.8,255
2023-03-07 14:00:00,6.7,100,0.0,28.1,343
2023-03-07 15:00:00,7.5,92,0.0,28.5,380
2023-03-07 16:00:00,7.4,100,0.0,26.6,267
2023-03-07 17:00:00,6.6,100,0.0,24.2,142
2023-03-07 18:00:00,6.1,99,0.0,21.1,110
2023-03-07 19:00:00,4.6,100,0.0,17.9,27
2023-03-07 20:00:00,4.2,99,0.0,18.7,0
2023-03-07 21:00:00,3.7,100,0.0,19.7,0
2023-03-07 22:00:00,3.5,100,0.0,21.8,0
2023-03-07 23:00:00,3.5,100,0.0,22.2,0
2023-03-08 00:00:00,3.7,100,0.0,23.0,0
2023-03-08 01:00:00,3.4,99,0.0,24.6,0
2023-03-08 02:00:00,3.5,26,0.0,22.9,0
2023-03-08 03:00:00,3.3,53,0.0,24.0,0
2023-03-08 04:00:00,3.0,86,0.0,20.4,0
2023-03-08 05:00:00,2.6,100,0.0,14.1,0
2023-03-08 06:00:00,2.7,100,0.1,8.4,0
2023-03-08 07:00:00,2.6,100,0.0,5.4,0
2023-03-08 08:00:00,2.9,100,0.0,7.1,2
2023-03-08 09:00:00,3.7,100,0.0,11.8,19
2023-03-08 10:00:00,4.8,100,0.0,13.2,84
2023-03-08 11:00:00,6.4,100,0.0,22.8,331
2023-03-08 12:00:00,6.2,100,0.0,19.1,286
2023-03-08 13:00:00,6.8,100,0.0,18.9,302
2023-03-08 14:00:00,6.7,100,0.1,17.4,226
2023-03-08 15:00:00,6.2,100,0.4,20.6,143
2023-03-08 16:00:00,4.4,100,0.6,15.8,106
2023-03-08 17:00:00,4.5,100,0.2,14.4,74
2023-03-08 18:00:00,4.8,94,0.1,15.6,34
2023-03-08 19:00:00,4.9,100,0.2,13.3,17
2023-03-08 20:00:00,5.1,100,1.0,10.6,0
2023-03-08 21:00:00,4.8,100,0.8,7.9,0
2023-03-08 22:00:00,4.8,100,0.2,8.4,0
2023-03-08 23:00:00,6.5,100,0.7,17.0,0
2023-03-09 00:00:00,7.4,100,0.4,19.6,0
2023-03-09 01:00:00,7.5,100,0.1,20.5,0
2023-03-09 02:00:00,6.3,99,0.1,6.1,0
2023-03-09 03:00:00,6.8,100,0.4,10.7,0
2023-03-09 04:00:00,7.2,100,0.0,13.2,0
2023-03-09 05:00:00,6.8,100,0.0,12.5,0
2023-03-09 06:00:00,6.8,100,1.4,14.9,0
2023-03-09 07:00:00,7.7,100,1.1,24.4,0
2023-03-09 08:00:00,7.2,100,1.4,17.3,1
2023-03-09 09:00:00,7.4,100,0.6,17.4,24
2023-03-09 10:00:00,7.9,100,0.4,24.5,43
2023-03-09 11:00:00,8.9,100,0.0,25.7,137
2023-03-09 12:00:00,10.1,80,0.2,23.5,183
2023-03-09 13:00:00,11.9,100,0.1,20.8,431
2023-03-09 14:00:00,9.6,100,1.0,18.9,317
2023-03-09 15:00:00,10.3,99,0.9,24.9,189
2023-03-09 16:00:00,10.9,82,0.1,19.2,228
2023-03-09 17:00:00,10.6,86,1.1,23.0,182
2023-03-09 18:00:00,10.1,98,0.1,21.5,106
2023-03-09 19:00:00,9.7,100,0.0,20.8,23
2023-03-09 20:00:00,9.1,90,0.0,19.5,0
2023-03-09 21:00:00,8.6,92,0.0,17.7,0
2023-03-09 22:00:00,8.1,100,0.0,15.9,0
2023-03-09 23:00:00,7.6,100,0.0,15.8,0
2023-03-10 00:00:00,7.4,48,0.0,17.7,0
2023-03-10 01:00:00,6.8,93,0.0,16.3,0
2023-03-10 02:00:00,6.7,97,0.0,15.3,0
2023-03-10 03:00:00,6.7,100,0.0,18.3,0
2023-03-10 04:00:00,7.1,100,0.0,21.3,0
2023-03-10 05:00:00,7.6,100,0.0,23.2,0
2023-03-10 06:00:00,7.7,100,0.2,23.7,0
2023-03-10 07:00:00,7.9,100,0.0,24.0,0
2023-03-10 08:00:00,8.1,100,0.0,21.9,3
2023-03-10 09:00:00,8.3,100,0.1,26.2,43
2023-03-10 10:00:00,9.8,100,0.1,26.2,142
2023-03-10 11:00:00,11.1,100,0.0,19.5,239
2023-03-10 12:00:00,12.8,100,0.0,19.4,412
2023-03-10 13:00:00,13.3,100,0.0,18.1,380
2023-03-10 14:00:00,13.9,100,0.0,21.4,390
2023-03-10 15:00:00,14.2,100,0.0,22.9,341
2023-03-10 16:00:00,11.2,100,0.7,17.0,289
2023-03-10 17:00:00,11.5,76,0.0,19.9,171
2023-03-10 18:00:00,11.1,96,0.0,19.8,159
2023-03-10 19:00:00,8.8,100,1.9,22.2,25
2023-03-10 20:00:00,7.8,29,0.3,19.6,0
2023-03-10 21:00:00,7.7,100,0.0,25.7,0
2023-03-10 22:00:00,7.5,100,0.5,28.8,0
2023-03-10 23:00:00,7.1,100,0.0,31.6,0
2023-03-11 00:00:00,6.2,91,0.0,30.9,0
2023-03-11 01:00:00,5.2,93,0.0,31.3,0
2023-03-11 02:00:00,4.7,100,0.1,34.8,0
2023-03-11 03:00:00,3.4,100,0.3,36.9,0
2023-03-11 04:00:00,2.1,100,0.2,31.1,0
2023-03-11 05:00:00,1.6,100,0.1,33.6,0
2023-03-11 06:00:00,1.2,100,0.1,32.8,0
2023-03-11 07:00:00,1.0,100,0.0,32.0,0
2023-03-11 08:00:00,0.9,100,0.0,31.4,2
2023-03-11 09:00:00,1.0,99,0.0,30.9,23
2023-03-11 10:00:00,1.8,100,0.0,38.8,110
2023-03-11 11:00:00,2.8,100,0.0,36.6,302
2023-03-11 12:00:00,2.4,98,0.0,32.7,168
2023-03-11 13:00:00,3.2,99,0.0,32.2,313
2023-03-11 14:00:00,2.8,99,0.0,29.1,229
2023-03-11 15:00:00,3.0,100,0.0,28.7,244
2023-03-11 16:00:00,3.5,100,0.0,26.0,230
2023-03-11 17:00:00,3.2,87,0.0,23.7,129
2023-03-11 18:00:00,2.8,94,0.0,22.6,81
2023-03-11 19:00:00,2.4,100,0.0,16.9,15
2023-03-11 20:00:00,1.8,95,0.0,13.5,0
2023-03-11 21:00:00,0.6,97,0.0,9.2,0
2023-03-11 22:00:00,-0.9,100,0.0,7.4,0
2023-03-11 23:00:00,-1.1,53,0.0,9.0,0
2023-03-12 00:00:00,-1.8,98,0.0,9.4,0
2023-03-12 01:00:00,-2.3,50,0.0,11.0,0
2023-03-12 02:00:00,-3.0,42,0.0,10.0,0
2023-03-12 03:00:00,-3.0,85,0.0,10.8,0
2023-03-12 04:00:00,-3.2,7,0.0,11.9,0
2023-03-12 05:00:00,-3.3,33,0.0,12.5,0
2023-03-12 06:00:00,-3.3,98,0.0,12.8,0
2023-03-12 07:00:00,-3.5,89,0.0,12.8,0
2023-03-12 08:00:00,-3.1,100,0.0,13.0,12
2023-03-12 09:00:00,-1.1,100,0.0,12.5,106
2023-03-12 10:00:00,1.2,100,0.0,11.2,248
2023-03-12 11:00:00,3.3,79,0.0,12.0,408
2023-03-12 12:00:00,4.4,90,0.0,12.2,519
2023-03-12 13:00:00,5.3,81,0.0,12.2,580
2023-03-12 14:00:00,6.2,100,0.0,8.3,575
2023-03-12 15:00:00,7.2,100,0.0,14.7,348
2023-03-12 16:00:00,7.1,100,0.0,12.2,136
2023-03-12 17:00:00,6.9,100,0.0,13.3,93
2023-03-12 18:00:00,5.6,100,0.3,16.1,27
2023-03-12 19:00:00,4.3,99,0.4,17.3,6
2023-03-12 20:00:00,4.2,100,0.0,18.6,0
2023-03-12 21:00:00,4.6,100,0.0,21.5,0
2023-03-12 22:00:00,5.1,100,0.1,25.1,0
2023-03-12 23:00:00,5.7,100,0.3,23.7,0
2023-03-13 00:00:00,5.4,98,0.0,20.4,0
2023-03-13 01:00:00,5.3,100,0.0,20.7,0
2023-03-13 02:00:00,6.3,100,0.0,17.3,0
2023-03-13 03:00:00,6.3,100,0.0,16.4,0
2023-03-13 04:00:00,5.6,100,0.0,11.9,0
2023-03-13 05:00:00,5.3,100,0.0,12.4,0
2023-03-13 06:00:00,5.6,100,0.0,14.4,0
2023-03-13 07:00:00,5.8,100,0.0,16.6,0
2023-03-13 08:00:00,6.1,100,0.0,19.7,10
2023-03-13 09:00:00,7.2,100,0.0,21.9,45
2023-03-13 10:00:00,7.9,100,0.2,21.8,55
2023-03-13 11:00:00,8.6,100,0.8,25.3,83
2023-03-13 12:00:00,9.8,100,0.0,24.2,54
2023-03-13 13:00:00,13.1,100,0.0,22.9,334
2023-03-13 14:00:00,13.5,100,0.0,27.5,282
2023-03-13 15:00:00,13.9,100,0.1,32.4,214
2023-03-13 16:00:00,14.2,97,0.2,26.6,193
2023-03-13 17:00:00,14.8,89,0.0,22.1,210
2023-03-13 18:00:00,14.4,100,0.0,18.8,167
2023-03-13 19:00:00,12.6,100,0.0,14.3,40
2023-03-13 20:00:00,11.2,100,0.0,18.0,0
2023-03-13 21:00:00,10.4,100,0.0,18.4,0
2023-03-13 22:00:00,10.2,84,0.0,20.5,0
2023-03-13 23:00:00,9.9,99,0.0,19.6,0
2023-03-14 00:00:00,9.4,89,0.0,18.0,0
2023-03-14 01:00:00,8.6,100,0.0,16.5,0
2023-03-14 02:00:00,7.8,100,1.8,5.6,0
2023-03-14 03:00:00,8.2,100,1.6,12.4,0
2023-03-14 04:00:00,8.1,100,1.4,11.5,0
2023-03-14 05:00:00,8.4,100,0.0,14.4,0
2023-03-14 06:00:00,8.6,100,0.0,18.5,0
2023-03-14 07:00:00,8.9,100,0.0,18.7,0
2023-03-14 08:00:00,9.2,100,0.0,18.3,7
2023-03-14 09:00:00,9.9,100,0.0,19.1,58
2023-03-14 10:00:00,11.2,100,0.0,20.6,192
2023-03-14 11:00:00,11.8,100,0.0,25.9,230
2023-03-14 12:00:00,12.2,100,0.0,24.6,278
2023-03-14 13:00:00,13.0,100,0.0,25.5,328
2023-03-14 14:00:00,12.4,100,0.0,21.7,294
2023-03-14 15:00:00,12.4,100,0.1,21.5,167
2023-03-14 16:00:00,12.4,100,0.0,20.4,146
2023-03-14 17:00:00,12.2,62,0.0,21.1,197
2023-03-14 18:00:00,11.6,100,0.0,27.5,149
2023-03-14 19:00:00,9.6,100,0.4,24.2,34
2023-03-14 20:00:00,9.1,100,0.2,30.4,0
2023-03-14 21:00:00,7.3,94,0.1,33.5,0
2023-03-14 22:00:00,4.4,100,0.0,21.7,0
2023-03-14 23:00:00,4.3,100,0.0,13.6,0
2023-03-15 00:00:00,4.3,99,0.0,13.0,0
2023-03-15 01:00:00,3.9,100,0.0,16.4,0
2023-03-15 02:00:00,3.2,91,0.0,12.3,0
2023-03-15 03:00:00,1.1,21,0.0,8.9,0
2023-03-15 04:00:00,-0.3,95,0.0,6.6,0
2023-03-15 05:00:00,-0.4,100,0.0,5.9,0
2023-03-15 06:00:00,-0.6,99,0.0,5.4,0
2023-03-15 07:00:00,0.8,56,0.0,5.9,0
2023-03-15 08:00:00,0.5,98,0.0,10.2,17
2023-03-15 09:00:00,2.9,1,0.0,12.0,139
2023-03-15 10:00:00,4.3,0,0.0,14.8,304
2023-03-15 11:00:00,5.6,1,0.0,14.7,449
2023-03-15 12:00:00,6.6,3,0.0,14.1,555
2023-03-15 13:00:00,7.3,35,0.0,19.7,625
2023-03-15 14:00:00,7.3,67,0.2,18.0,488
2023-03-15 15:00:00,3.8,100,1.7,19.4,249
2023-03-15 16:00:00,4.8,89,0.2,9.8,224
2023-03-15 17:00:00,3.3,100,2.2,9.4,194
2023-03-15 18:00:00,3.2,88,0.0,5.8,52
2023-03-15 19:00:00,1.7,60,0.2,3.2,38
2023-03-15 20:00:00,1.1,41,0.0,5.7,0
2023-03-15 21:00:00,0.2,36,0.0,6.7,0
2023-03-15 22:00:00,-0.2,2,0.0,8.5,0
2023-03-15 23:00:00,-0.9,0,0.0,7.3,0
2023-03-16 00:00:00,-1.7,0,0.0,7.2,0
2023-03-16 01:00:00,-2.1,0,0.0,6.9,0
2023-03-16 02:00:00,-1.7,0,0.0,6.2,0
2023-03-16 03:00:00,-2.8,0,0.0,7.2,0
2023-03-16 04:00:00,-3.0,0,0.0,7.0,0
2023-03-16 05:00:00,-3.2,0,0.0,6.1,0
2023-03-16 06:00:00,-3.5,0,0.0,6.1,0
2023-03-16 07:00:00,-3.7,0,0.0,5.6,0
2023-03-16 08:00:00,-2.5,0,0.0,6.3,20
2023-03-16 09:00:00,-0.4,11,0.0,6.0,146
2023-03-16 10:00:00,2.0,96,0.0,3.9,305
2023-03-16 11:00:00,3.7,93,0.0,4.1,439
2023-03-16 12:00:00,4.9,94,0.0,4.7,532
2023-03-16 13:00:00,5.9,93,0.0,4.1,591
2023-03-16 14:00:00,5.9,78,0.0,5.2,613
2023-03-16 15:00:00,6.8,54,0.0,5.5,572
2023-03-16 16:00:00,7.2,6,0.0,6.4,485
2023-03-16 17:00:00,7.3,8,0.0,8.1,357
2023-03-16 18:00:00,6.8,6,0.0,7.3,203
2023-03-16 19:00:00,3.2,6,0.0,7.2,56
2023-03-16 20:00:00,1.9,100,0.0,7.4,0
2023-03-16 21:00:00,1.1,100,0.0,9.6,0
2023-03-16 22:00:00,1.5,100,0.0,12.0,0
2023-03-16 23:00:00,2.5,100,0.0,13.2,0
2023-03-17 00:00:00,1.9,95,0.0,14.0,0
2023-03-17 01:00:00,1.2,92,0.0,12.6,0
2023-03-17 02:00:00,1.5,98,0.0,12.2,0
2023-03-17 03:00:00,1.1,100,0.0,10.8,0
2023-03-17 04:00:00,0.6,100,0.0,8.9,0
2023-03-17 05:00:00,0.1,100,0.0,7.9,0
2023-03-17 06:00:00,-0.8,100,0.0,7.2,0
2023-03-17 07:00:00,-0.7,100,0.0,6.4,0
2023-03-17 08:00:00,0.3,100,0.0,6.9,18
2023-03-17 09:00:00,2.3,100,0.0,7.4,95
2023-03-17 10:00:00,4.8,100,0.0,6.2,262
2023-03-17 11:00:00,6.9,100,0.0,10.3,402
2023-03-17 12:00:00,9.2,99,0.0,10.2,522
2023-03-17 13:00:00,11.1,100,0.0,10.1,596
2023-03-17 14:00:00,11.9,99,0.0,10.0,605
2023-03-17 15:00:00,13.2,97,0.0,9.8,554
2023-03-17 16:00:00,13.8,98,0.0,12.6,476
2023-03-17 17:00:00,13.4,34,0.0,15.3,348
2023-03-17 18:00:00,11.9,40,0.0,13.5,205
2023-03-17 19:00:00,8.9,46,0.0,11.7,59
2023-03-17 20:00:00,6.8,100,0.0,11.0,0
2023-03-17 21:00:00,5.9,100,0.0,10.3,0
2023-03-17 22:00:00,5.0,100,0.0,9.2,0
2023-03-17 23:00:00,4.8,100,0.0,8.2,0
2023-03-18 00:00:00,4.1,100,0.0,8.0,0
2023-03-18 01:00:00,3.2,99,0.0,8.6,0
2023-03-18 02:00:00,3.2,97,0.0,11.3,0
2023-03-18 03:00:00,3.1,100,0.0,8.1,0
2023-03-18 04:00:00,2.3,95,0.0,5.9,0
2023-03-18 05:00:00,1.2,100,0.0,6.2,0
2023-03-18 06:00:00,0.9,100,0.0,5.9,0
2023-03-18 07:00:00,-0.1,100,0.0,5.6,0
2023-03-18 08:00:00,0.9,100,0.0,6.9,22
2023-03-18 09:00:00,3.2,100,0.0,6.6,124
2023-03-18 10:00:00,5.1,100,0.0,7.4,264
2023-03-18 11:00:00,7.1,100,0.0,6.4,402
2023-03-18 12:00:00,9.1,99,0.0,4.1,523
2023-03-18 13:00:00,10.8,100,0.0,4.3,592
2023-03-18 14:00:00,10.9,99,0.0,6.2,592
2023-03-18 15:00:00,12.0,100,0.0,3.6,485
2023-03-18 16:00:00,12.4,100,0.0,5.0,370
2023-03-18 17:00:00,12.2,100,0.0,6.8,258
2023-03-18 18:00:00,11.3,0,0.0,7.9,180
2023-03-18 19:00:00,8.4,0,0.0,8.1,59
2023-03-18 20:00:00,6.7,0,0.0,9.0,0
2023-03-18 21:00:00,5.2,0,0.0,6.6,0
2023-03-18 22:00:00,5.8,99,0.0,11.4,0
2023-03-18 23:00:00,5.8,67,0.0,10.9,0
2023-03-19 00:00:00,4.2,28,0.0,7.2,0
2023-03-19 01:00:00,3.2,100,0.0,6.9,0
2023-03-19 02:00:00,3.0,100,0.0,7.3,0
2023-03-19 03:00:00,2.5,100,0.0,7.2,0
2023-03-19 04:00:00,2.0,100,0.0,6.1,0
2023-03-19 05:00:00,1.6,100,0.0,6.1,0
2023-03-19 06:00:00,0.7,100,0.0,6.8,0
2023-03-19 07:00:00,0.8,100,0.0,6.4,0
2023-03-19 08:00:00,2.3,100,0.0,6.7,22
2023-03-19 09:00:00,4.3,100,0.0,2.8,109
2023-03-19 10:00:00,6.1,100,0.0,1.8,188
2023-03-19 11:00:00,8.2,100,0.0,3.1,334
2023-03-19 12:00:00,9.6,100,0.0,3.2,357
2023-03-19 13:00:00,11.1,100,0.0,1.1,447
2023-03-19 14:00:00,11.5,100,0.0,3.0,440
2023-03-19 15:00:00,12.6,100,0.0,2.8,354
2023-03-19 16:00:00,13.1,100,0.0,1.6,310
2023-03-19 17:00:00,12.8,100,0.0,3.6,191
2023-03-19 18:00:00,11.9,100,0.0,1.8,103
2023-03-19 19:00:00,10.6,100,0.0,3.2,28
2023-03-19 20:00:00,8.9,100,0.0,4.0,0
2023-03-19 21:00:00,8.9,100,0.0,4.3,0
2023-03-19 22:00:00,8.1,100,0.0,2.7,0
2023-03-19 23:00:00,7.6,53,0.0,4.4,0
2023-03-20 00:00:00,7.1,100,0.0,4.6,0
2023-03-20 01:00:00,7.4,55,0.0,6.1,0
2023-03-20 02:00:00,5.9,40,0.0,6.1,0
2023-03-20 03:00:00,5.6,86,0.0,6.4,0
2023-03-20 04:00:00,5.7,50,0.0,6.7,0
2023-03-20 05:00:00,5.8,11,0.0,9.4,0
2023-03-20 06:00:00,5.6,5,0.0,9.7,0
2023-03-20 07:00:00,5.2,5,0.0,10.1,0
2023-03-20 08:00:00,5.8,14,0.0,12.3,29
2023-03-20 09:00:00,7.8,18,0.0,12.3,154
2023-03-20 10:00:00,10.0,22,0.0,11.4,298
2023-03-20 11:00:00,12.2,8,0.0,10.9,425
2023-03-20 12:00:00,13.9,5,0.0,9.8,558
2023-03-20 13:00:00,14.8,48,0.0,13.1,555
2023-03-20 14:00:00,16.0,99,0.7,15.8,546
2023-03-20 15:00:00,13.6,100,0.1,14.3,207
2023-03-20 16:00:00,13.6,100,1.4,12.3,402
2023-03-20 17:00:00,14.1,100,0.0,12.9,277
2023-03-20 18:00:00,13.4,100,0.0,9.3,133
2023-03-20 19:00:00,10.9,100,0.0,5.8,31
2023-03-20 20:00:00,9.1,100,0.0,5.8,1
2023-03-20 21:00:00,9.2,100,0.0,5.7,0
2023-03-20 22:00:00,8.8,71,0.0,8.9,0
2023-03-20 23:00:00,8.2,70,0.0,10.6,0
2023-03-21 00:00:00,7.7,63,0.0,10.5,0
2023-03-21 01:00:00,7.2,100,0.0,12.6,0
2023-03-21 02:00:00,7.6,98,0.0,13.2,0
2023-03-21 03:00:00,7.1,20,0.0,13.2,0
2023-03-21 04:00:00,6.4,8,0.0,12.5,0
2023-03-21 05:00:00,5.7,12,0.0,11.3,0
2023-03-21 06:00:00,5.2,21,0.0,10.5,0
2023-03-21 07:00:00,4.7,22,0.0,10.5,0
2023-03-21 08:00:00,5.2,38,0.0,11.4,32
2023-03-21 09:00:00,7.2,63,0.0,9.2,150
2023-03-21 10:00:00,9.4,34,0.0,7.6,284
2023-03-21 11:00:00,11.0,100,0.0,7.3,421
2023-03-21 12:00:00,12.1,100,0.0,7.3,465
2023-03-21 13:00:00,12.4,100,0.0,6.8,308
2023-03-21 14:00:00,14.4,100,0.0,7.3,310
2023-03-21 15:00:00,14.4,100,0.0,4.9,282
2023-03-21 16:00:00,14.6,96,0.0,4.6,269
2023-03-21 17:00:00,14.6,98,0.0,4.5,189
2023-03-21 18:00:00,14.4,83,0.0,2.9,151
2023-03-21 19:00:00,11.5,68,0.0,5.7,62
2023-03-21 20:00:00,10.2,90,0.0,8.4,1
2023-03-21 21:00:00,8.8,100,0.0,9.0,0
2023-03-21 22:00:00,8.2,100,0.0,10.5,0
2023-03-21 23:00:00,8.1,100,0.0,12.0,0
2023-03-22 00:00:00,8.4,100,0.0,13.0,0
2023-03-22 01:00:00,8.1,100,0.0,12.3,0
2023-03-22 02:00:00,9.5,100,0.0,9.7,0
2023-03-22 03:00:00,9.8,100,0.2,9.7,0
2023-03-22 04:00:00,9.5,100,0.1,10.0,0
2023-03-22 05:00:00,9.6,36,0.0,11.3,0
2023-03-22 06:00:00,8.4,25,0.0,10.2,0
2023-03-22 07:00:00,7.4,97,0.0,11.1,0
2023-03-22 08:00:00,7.8,100,0.0,11.7,33
2023-03-22 09:00:00,9.4,100,0.0,12.1,141
2023-03-22 10:00:00,11.4,100,0.0,11.2,274
2023-03-22 11:00:00,13.4,100,0.0,12.0,352
2023-03-22 12:00:00,15.2,100,0.0,15.2,469
2023-03-22 13:00:00,16.5,100,0.0,22.6,610
2023-03-22 14:00:00,18.3,92,0.0,14.8,286
2023-03-22 15:00:00,19.0,95,0.0,16.9,532
2023-03-22 16:00:00,19.0,53,0.0,18.3,462
2023-03-22 17:00:00,18.5,88,0.0,17.6,379
2023-03-22 18:00:00,17.1,94,0.0,13.8,221
2023-03-22 19:00:00,14.9,100,0.0,11.4,66
2023-03-22 20:00:00,13.1,58,0.0,10.7,1
2023-03-22 21:00:00,11.4,96,0.0,10.9,0
2023-03-22 22:00:00,10.1,87,0.0,10.2,0
2023-03-22 23:00:00,9.4,100,0.0,10.5,0
2023-03-23 00:00:00,8.8,99,0.0,11.8,0
2023-03-23 01:00:00,8.6,100,0.0,12.6,0
2023-03-23 02:00:00,8.6,100,0.0,12.1,0
2023-03-23 03:00:00,8.8,100,0.0,13.7,0
2023-03-23 04:00:00,9.1,100,0.0,16.1,0
2023-03-23 05:00:00,9.4,100,0.0,16.4,0
2023-03-23 06:00:00,9.9,100,0.0,17.0,0
2023-03-23 07:00:00,10.3,100,0.0,16.4,0
2023-03-23 08:00:00,10.9,100,0.0,15.4,9
2023-03-23 09:00:00,12.1,100,0.0,19.2,22
2023-03-23 10:00:00,13.8,94,0.0,19.0,119
2023-03-23 11:00:00,16.4,100,0.0,19.7,338
2023-03-23 12:00:00,16.5,100,0.0,18.1,227
2023-03-23 13:00:00,17.2,100,0.0,25.3,275
2023-03-23 14:00:00,17.9,100,0.0,24.3,148
2023-03-23 15:00:00,16.0,100,0.0,18.2,110
2023-03-23 16:00:00,16.2,100,0.0,17.1,133
2023-03-23 17:00:00,15.9,100,0.0,16.7,72
2023-03-23 18:00:00,15.2,100,0.0,19.0,41
2023-03-23 19:00:00,14.6,100,0.0,16.4,44
2023-03-23 20:00:00,14.1,100,0.0,15.8,1
2023-03-23 21:00:00,13.0,100,0.0,13.2,0
2023-03-23 22:00:00,11.9,100,0.0,10.8,0
2023-03-23 23:00:00,11.1,100,0.0,9.5,0
2023-03-24 00:00:00,10.6,100,0.0,10.3,0
2023-03-24 01:00:00,11.7,100,0.0,13.9,0
2023-03-24 02:00:00,12.4,100,0.0,14.8,0
2023-03-24 03:00:00,12.6,100,0.0,15.3,0
2023-03-24 04:00:00,12.6,100,0.0,16.5,0
2023-03-24 05:00:00,12.2,100,0.0,16.1,0
2023-03-24 06:00:00,12.0,100,0.0,17.0,0
2023-03-24 07:00:00,12.2,100,0.0,17.3,0
2023-03-24 08:00:00,12.4,100,0.0,18.8,18
2023-03-24 09:00:00,13.6,100,0.0,21.8,92
2023-03-24 10:00:00,15.1,100,0.0,19.7,190
2023-03-24 11:00:00,16.2,100,0.0,16.4,204
2023-03-24 12:00:00,16.2,100,1.1,20.7,132
2023-03-24 13:00:00,17.4,89,0.0,32.0,365
2023-03-24 14:00:00,17.0,100,0.0,26.3,523
2023-03-24 15:00:00,15.9,100,0.0,24.2,247
2023-03-24 16:00:00,14.6,100,0.0,23.5,96
2023-03-24 17:00:00,15.1,100,0.0,21.4,168
2023-03-24 18:00:00,14.9,92,0.0,18.7,106
2023-03-24 19:00:00,14.4,100,0.0,21.1,57
2023-03-24 20:00:00,13.5,100,0.0,16.6,2
2023-03-24 21:00:00,11.6,100,0.0,10.8,0
2023-03-24 22:00:00,11.1,100,0.0,15.3,0
2023-03-24 23:00:00,11.0,100,0.0,16.4,0
2023-03-25 00:00:00,10.6,100,0.0,16.4,0
2023-03-25 01:00:00,10.5,100,0.0,19.7,0
2023-03-25 02:00:00,9.6,100,0.0,17.2,0
2023-03-25 03:00:00,9.4,96,0.0,17.3,0
2023-03-25 04:00:00,9.0,3,0.0,23.3,0
2023-03-25 05:00:00,8.4,76,0.0,19.7,0
2023-03-25 06:00:00,8.2,97,0.0,20.3,0
2023-03-25 07:00:00,8.2,90,0.1,21.8,0
2023-03-25 08:00:00,8.2,21,0.0,20.4,36
2023-03-25 09:00:00,9.4,89,0.0,22.0,179
2023-03-25 10:00:00,10.3,92,0.0,27.1,272
2023-03-25 11:00:00,10.9,99,0.4,30.9,417
2023-03-25 12:00:00,11.2,45,0.2,28.5,320
2023-03-25 13:00:00,12.3,78,0.4,27.9,586
2023-03-25 14:00:00,11.9,30,0.1,27.0,423
2023-03-25 15:00:00,12.7,59,0.1,29.5,560
2023-03-25 16:00:00,11.8,52,0.0,28.1,384
2023-03-25 17:00:00,11.1,100,0.1,32.8,321
2023-03-25 18:00:00,9.9,100,0.0,24.2,124
2023-03-25 19:00:00,9.4,100,0.0,21.1,62
2023-03-25 20:00:00,8.3,88,0.0,20.9,3
2023-03-25 21:00:00,8.2,79,0.0,21.7,0
2023-03-25 22:00:00,7.8,59,0.0,22.9,0
2023-03-25 23:00:00,7.5,68,0.0,23.6,0
2023-03-26 00:00:00,7.3,89,0.0,24.2,0
2023-03-26 01:00:00,7.3,65,0.0,22.7,0
2023-03-26 02:00:00,7.4,72,0.0,20.2,0
2023-03-26 03:00:00,7.6,11,0.0,23.4,0
2023-03-26 04:00:00,7.1,28,0.0,23.0,0
2023-03-26 05:00:00,6.9,45,0.0,21.0,0
2023-03-26 06:00:00,6.6,9,0.0,19.5,0
2023-03-26 07:00:00,6.2,8,0.0,16.4,0
2023-03-26 08:00:00,6.8,44,0.0,19.0,50
2023-03-26 09:00:00,8.2,100,0.0,25.1,175
2023-03-26 10:00:00,9.1,100,0.0,25.7,245
2023-03-26 11:00:00,9.9,100,0.0,22.6,282
2023-03-26 12:00:00,10.9,100,0.0,21.3,400
2023-03-26 13:00:00,11.9,100,0.0,19.5,433
2023-03-26 14:00:00,12.6,100,0.0,19.3,551
2023-03-26 15:00:00,11.8,100,0.0,20.0,279
2023-03-26 16:00:00,11.0,100,0.1,18.1,218
2023-03-26 17:00:00,8.7,100,0.7,15.5,80
2023-03-26 18:00:00,7.9,100,0.8,7.5,40
2023-03-26 19:00:00,7.7,100,0.2,6.4,11
2023-03-26 20:00:00,7.6,100,0.4,5.4,0
2023-03-26 21:00:00,6.9,51,0.0,3.9,0
2023-03-26 22:00:00,4.8,99,0.0,6.6,0
2023-03-26 23:00:00,5.2,100,0.0,6.7,0
2023-03-27 00:00:00,5.6,100,0.1,10.9,0
2023-03-27 01:00:00,4.8,100,0.0,7.5,0
2023-03-27 02:00:00,4.3,100,0.1,3.4,0
2023-03-27 03:00:00,4.7,100,0.0,4.5,0
2023-03-27 04:00:00,4.8,100,0.0,8.6,0
2023-03-27 05:00:00,5.1,100,0.0,13.5,0
2023-03-27 06:00:00,4.1,100,0.8,24.6,0
2023-03-27 07:00:00,1.9,100,1.4,23.3,0
2023-03-27 08:00:00,1.5,100,0.4,24.1,10
2023-03-27 09:00:00,1.6,99,0.3,20.9,44
2023-03-27 10:00:00,3.0,100,0.0,27.6,191
2023-03-27 11:00:00,4.2,65,0.0,28.1,397
2023-03-27 12:00:00,5.3,71,0.0,28.9,557
2023-03-27 13:00:00,5.6,100,0.0,27.7,497
2023-03-27 14:00:00,4.8,55,0.0,25.0,333
2023-03-27 15:00:00,6.1,44,0.1,27.9,580
2023-03-27 16:00:00,5.8,31,0.0,27.9,477
2023-03-27 17:00:00,5.8,42,0.1,28.3,363
2023-03-27 18:00:00,4.9,100,0.2,26.7,223
2023-03-27 19:00:00,4.0,24,0.0,19.9,63
2023-03-27 20:00:00,2.5,30,0.0,15.8,4
2023-03-27 21:00:00,2.1,8,0.0,13.9,0
2023-03-27 22:00:00,1.5,28,0.0,16.7,0
2023-03-27 23:00:00,1.0,98,0.0,16.1,0
2023-03-28 00:00:00,1.2,39,0.1,17.5,0
2023-03-28 01:00:00,0.8,33,0.0,18.7,0
2023-03-28 02:00:00,-0.1,5,0.0,16.3,0
2023-03-28 03:00:00,-0.1,16,0.0,18.1,0
2023-03-28 04:00:00,-0.2,55,0.0,20.0,0
2023-03-28 05:00:00,0.1,83,0.0,22.3,0
2023-03-28 06:00:00,0.2,89,0.1,21.6,0
2023-03-28 07:00:00,0.3,92,0.2,23.4,0
2023-03-28 08:00:00,1.1,37,0.0,21.0,35
2023-03-28 09:00:00,1.8,29,0.1,27.5,204
2023-03-28 10:00:00,2.7,22,0.1,27.2,350
2023-03-28 11:00:00,3.5,33,0.1,27.4,507
2023-03-28 12:00:00,4.7,3,0.0,30.4,619
2023-03-28 13:00:00,5.4,41,0.0,31.4,666
2023-03-28 14:00:00,5.3,60,0.0,29.4,601
2023-03-28 15:00:00,6.2,79,0.0,29.1,492
2023-03-28 16:00:00,6.1,73,0.0,27.8,368
2023-03-28 17:00:00,5.9,100,0.0,24.7,253
2023-03-28 18:00:00,5.6,89,0.0,21.9,122
2023-03-28 19:00:00,5.1,94,0.0,15.0,43
2023-03-28 20:00:00,4.1,41,0.0,10.0,3
2023-03-28 21:00:00,1.9,82,0.0,6.0,0
2023-03-28 22:00:00,0.6,62,0.0,5.9,0
2023-03-28 23:00:00,0.1,78,0.0,6.3,0
2023-03-29 00:00:00,-0.9,77,0.0,6.0,0
2023-03-29 01:00:00,-1.4,86,0.0,10.9,0
2023-03-29 02:00:00,0.2,43,0.0,7.9,0
2023-03-29 03:00:00,-0.4,100,0.0,9.8,0
2023-03-29 04:00:00,0.2,100,0.0,10.2,0
2023-03-29 05:00:00,0.3,100,0.0,10.5,0
2023-03-29 06:00:00,0.0,100,0.0,13.0,0
2023-03-29 07:00:00,1.0,100,0.0,14.2,0
2023-03-29 08:00:00,1.8,100,0.0,15.3,46
2023-03-29 09:00:00,3.8,100,0.0,14.2,180
2023-03-29 10:00:00,5.3,100,0.0,16.1,287
2023-03-29 11:00:00,5.9,100,0.0,16.9,256
2023-03-29 12:00:00,5.8,100,0.1,16.3,184
2023-03-29 13:00:00,5.8,100,0.1,15.7,170
2023-03-29 14:00:00,8.2,69,0.0,13.3,242
2023-03-29 15:00:00,9.2,100,0.0,13.0,350
2023-03-29 16:00:00,10.0,100,0.0,8.7,251
2023-03-29 17:00:00,10.5,100,0.0,10.8,167
2023-03-29 18:00:00,10.4,100,0.0,12.3,94
2023-03-29 19:00:00,9.6,100,0.0,11.8,38
2023-03-29 20:00:00,7.6,100,0.0,12.1,4
2023-03-29 21:00:00,6.8,100,0.0,13.1,0
2023-03-29 22:00:00,5.8,100,0.0,14.1,0
2023-03-29 23:00:00,5.7,100,0.0,15.2,0
2023-03-30 00:00:00,5.7,100,0.0,15.3,0
2023-03-30 01:00:00,6.2,100,0.0,16.1,0
2023-03-30 02:00:00,6.8,100,0.0,15.1,0
2023-03-30 03:00:00,6.8,100,0.1,16.9,0
2023-03-30 04:00:00,7.1,100,0.2,16.1,0
2023-03-30 05:00:00,7.2,100,0.1,17.7,0
2023-03-30 06:00:00,7.4,100,0.0,19.0,0
2023-03-30 07:00:00,7.6,100,0.0,18.3,1
2023-03-30 08:00:00,8.6,99,0.0,17.3,41
2023-03-30 09:00:00,11.2,100,0.0,15.5,173
2023-03-30 10:00:00,13.8,100,0.0,17.6,327
2023-03-30 11:00:00,13.8,100,0.0,22.4,211
2023-03-30 12:00:00,13.2,100,1.3,16.1,153
2023-03-30 13:00:00,13.1,100,2.9,15.6,148
2023-03-30 14:00:00,11.4,100,0.9,10.5,57
2023-03-30 15:00:00,13.2,100,0.4,16.6,169
2023-03-30 16:00:00,14.6,100,0.0,17.3,288
2023-03-30 17:00:00,14.0,100,0.1,19.1,157
2023-03-30 18:00:00,13.9,100,0.2,21.1,96
2023-03-30 19:00:00,13.4,100,0.0,23.2,56
2023-03-30 20:00:00,12.4,100,0.1,20.6,4
2023-03-30 21:00:00,11.4,56,0.1,18.7,0
2023-03-30 22:00:00,10.3,27,0.0,19.5,0
2023-03-30 23:00:00,9.6,16,0.0,21.9,0
2023-03-31 00:00:00,8.9,0,0.0,20.5,0
2023-03-31 01:00:00,8.5,4,0.0,20.0,0
2023-03-31 02:00:00,8.1,1,0.0,16.3,0
2023-03-31 03:00:00,7.9,56,0.0,16.0,0
2023-03-31 04:00:00,7.9,91,0.0,16.8,0
2023-03-31 05:00:00,7.8,40,0.0,17.1,0
2023-03-31 06:00:00,7.6,99,0.0,17.8,0
2023-03-31 07:00:00,7.7,81,0.0,17.9,1
2023-03-31 08:00:00,8.6,99,0.0,18.6,70
2023-03-31 09:00:00,10.2,100,0.0,16.2,180
2023-03-31 10:00:00,11.9,100,0.0,19.0,240
2023-03-31 11:00:00,12.5,100,0.1,19.9,331
2023-03-31 12:00:00,11.2,100,0.2,12.8,80
2023-03-31 13:00:00,11.4,100,0.7,14.2,121
2023-03-31 14:00:00,10.9,100,1.7,15.6,76
2023-03-31 15:00:00,13.6,38,0.1,21.9,533
2023-03-31 16:00:00,13.0,95,0.5,26.0,490
2023-03-31 17:00:00,13.5,54,0.0,20.9,270
2023-03-31 18:00:00,12.4,100,0.7,26.3,217
2023-03-31 19:00:00,10.6,96,0.2,20.2,47
2023-03-31 20:00:00,9.2,59,0.0,20.5,7
2023-03-31 21:00:00,8.9,52,0.0,19.9,0
2023-03-31 22:00:00,8.8,91,0.0,21.4,0
2023-03-31 23:00:00,8.8,78,0.0,22.2,0
2023-04-01 00:00:00,8.4,81,0.0,23.3,0
2023-04-01 01:00:00,8.1,43,0.0,22.0,0
2023-04-01 02:00:00,8.2,70,0.0,24.2,0
2023-04-01 03:00:00,8.1,100,0.2,25.8,0
2023-04-01 04:00:00,8.1,100,0.1,20.6,0
2023-04-01 05:00:00,8.2,100,1.1,19.7,0
2023-04-01 06:00:00,8.0,100,0.3,20.7,0
2023-04-01 07:00:00,7.9,100,0.0,22.5,1
2023-04-01 08:00:00,8.2,100,0.0,22.6,37
2023-04-01 09:00:00,9.2,95,0.3,22.8,158
2023-04-01 10:00:00,9.6,100,0.2,21.7,168
2023-04-01 11:00:00,9.4,100,0.1,18.7,95
2023-04-01 12:00:00,10.9,100,0.1,20.8,177
2023-04-01 13:00:00,11.6,95,0.0,17.9,131
2023-04-01 14:00:00,12.6,83,0.0,20.6,358
2023-04-01 15:00:00,14.0,32,0.0,19.9,646
2023-04-01 16:00:00,13.3,92,0.0,20.5,490
2023-04-01 17:00:00,12.6,100,0.1,18.5,306
2023-04-01 18:00:00,11.8,76,0.0,18.2,166
2023-04-01 19:00:00,10.3,100,0.0,17.3,96
2023-04-01 20:00:00,9.3,100,0.0,15.0,4
2023-04-01 21:00:00,8.9,100,0.1,13.9,0
2023-04-01 22:00:00,8.6,98,0.2,12.8,0
2023-04-01 23:00:00,8.4,100,0.1,12.5,0
2023-04-02 00:00:00,8.4,100,0.1,11.0,0
2023-04-02 01:00:00,8.1,100,0.0,8.0,0
2023-04-02 02:00:00,8.3,100,0.1,7.2,0
2023-04-02 03:00:00,8.3,100,0.1,7.2,0
2023-04-02 04:00:00,8.1,100,0.3,6.5,0
2023-04-02 05:00:00,7.8,100,0.2,8.8,0
2023-04-02 06:00:00,7.2,100,0.2,12.1,0
2023-04-02 07:00:00,6.6,100,0.4,14.5,1
2023-04-02 08:00:00,5.7,100,0.8,16.2,22
2023-04-02 09:00:00,4.3,100,0.9,17.7,23
2023-04-02 10:00:00,4.0,100,0.3,19.5,64
2023-04-02 11:00:00,4.2,100,0.0,21.0,92
2023-04-02 12:00:00,5.2,100,0.0,23.5,152
2023-04-02 13:00:00,6.1,100,0.0,23.0,308
2023-04-02 14:00:00,4.8,98,0.0,22.8,406
2023-04-02 15:00:00,5.4,100,0.0,23.8,296
2023-04-02 16:00:00,5.3,100,0.0,23.7,267
2023-04-02 17:00:00,4.9,100,0.0,23.7,178
2023-04-02 18:00:00,4.6,100,0.0,23.9,114
2023-04-02 19:00:00,4.4,100,0.0,22.5,41
2023-04-02 20:00:00,4.4,100,0.0,18.2,3
2023-04-02 21:00:00,4.0,51,0.0,16.6,0
2023-04-02 22:00:00,3.0,46,0.0,14.3,0
2023-04-02 23:00:00,2.0,69,0.0,14.5,0
2023-04-03 00:00:00,2.5,84,0.0,15.5,0
2023-04-03 01:00:00,2.3,35,0.0,15.8,0
2023-04-03 02:00:00,3.2,4,0.0,15.6,0
2023-04-03 03:00:00,2.5,75,0.0,17.7,0
2023-04-03 04:00:00,0.8,15,0.0,16.2,0
2023-04-03 05:00:00,-0.7,22,0.0,13.7,0
2023-04-03 06:00:00,-1.5,0,0.0,13.3,0
2023-04-03 07:00:00,-2.2,0,0.0,13.7,4
2023-04-03 08:00:00,-1.2,10,0.0,15.1,91
2023-04-03 09:00:00,0.1,16,0.0,17.6,241
2023-04-03 10:00:00,1.5,38,0.0,18.8,404
2023-04-03 11:00:00,2.7,38,0.0,21.3,535
2023-04-03 12:00:00,3.4,67,0.0,22.3,600
2023-04-03 13:00:00,4.1,100,0.0,22.2,579
2023-04-03 14:00:00,3.4,99,0.0,20.8,429
2023-04-03 15:00:00,3.7,100,0.0,21.3,226
2023-04-03 16:00:00,3.7,99,0.0,22.0,220
2023-04-03 17:00:00,3.4,100,0.0,22.3,167
2023-04-03 18:00:00,3.0,99,0.0,21.9,102
2023-04-03 19:00:00,2.7,100,0.0,20.9,43
2023-04-03 20:00:00,2.2,99,0.0,17.1,6
2023-04-03 21:00:00,1.5,91,0.0,16.5,0
2023-04-03 22:00:00,1.1,85,0.0,15.3,0
2023-04-03 23:00:00,0.4,43,0.0,12.6,0
2023-04-04 00:00:00,-0.2,29,0.0,11.2,0
2023-04-04 01:00:00,-1.0,61,0.0,9.8,0
2023-04-04 02:00:00,0.5,76,0.0,11.6,0
2023-04-04 03:00:00,-0.5,33,0.0,11.5,0
2023-04-04 04:00:00,-1.6,10,0.0,10.4,0
2023-04-04 05:00:00,-2.5,31,0.0,9.4,0
2023-04-04 06:00:00,-2.8,35,0.0,10.1,0
2023-04-04 07:00:00,-2.8,30,0.0,10.3,5
2023-04-04 08:00:00,-1.3,12,0.0,9.5,94
2023-04-04 09:00:00,0.7,12,0.0,11.5,246
2023-04-04 10:00:00,2.0,100,0.0,18.7,442
2023-04-04 11:00:00,2.2,97,0.0,17.1,363
2023-04-04 12:00:00,2.9,52,0.0,16.2,442
2023-04-04 13:00:00,4.0,90,0.0,16.8,579
2023-04-04 14:00:00,4.2,47,0.0,17.8,591
2023-04-04 15:00:00,4.5,62,0.0,17.5,344
2023-04-04 16:00:00,4.8,85,0.0,18.1,357
2023-04-04 17:00:00,4.2,96,0.0,18.8,240
2023-04-04 18:00:00,3.3,96,0.0,18.2,129
2023-04-04 19:00:00,2.5,100,0.0,16.8,62
2023-04-04 20:00:00,2.0,87,0.0,12.4,7
2023-04-04 21:00:00,1.7,98,0.0,11.0,0
2023-04-04 22:00:00,1.5,64,0.0,12.6,0
2023-04-04 23:00:00,0.9,66,0.0,9.3,0
2023-04-05 00:00:00,-0.6,83,0.0,6.9,0
2023-04-05 01:00:00,-0.2,63,0.0,4.7,0
2023-04-05 02:00:00,-1.1,60,0.0,3.8,0
2023-04-05 03:00:00,-1.5,100,0.0,5.4,0
2023-04-05 04:00:00,-1.9,81,0.0,6.1,0
2023-04-05 05:00:00,-3.5,100,0.0,4.9,0
2023-04-05 06:00:00,-2.6,92,0.0,5.1,0
2023-04-05 07:00:00,-1.5,81,0.0,6.8,4
2023-04-05 08:00:00,-0.1,79,0.0,5.6,64
2023-04-05 09:00:00,1.9,38,0.0,5.8,196
2023-04-05 10:00:00,3.4,36,0.0,6.3,400
2023-04-05 11:00:00,4.7,65,0.0,7.2,560
2023-04-05 12:00:00,5.1,100,0.0,7.2,467
2023-04-05 13:00:00,4.9,100,0.0,6.6,300
2023-04-05 14:00:00,5.4,100,0.0,5.1,269
2023-04-05 15:00:00,5.4,100,0.0,5.2,192
2023-04-05 16:00:00,5.4,100,0.0,5.5,163
2023-04-05 17:00:00,5.5,100,0.0,7.6,146
2023-04-05 18:00:00,5.1,54,0.0,8.3,115
2023-04-05 19:00:00,4.4,37,0.0,4.7,83
2023-04-05 20:00:00,3.0,36,0.0,6.6,14
2023-04-05 21:00:00,3.2,29,0.0,2.8,0
2023-04-05 22:00:00,2.5,18,0.0,1.5,0
2023-04-05 23:00:00,1.7,4,0.0,1.5,0
2023-04-06 00:00:00,0.9,6,0.0,2.2,0
2023-04-06 01:00:00,-1.8,4,0.0,3.1,0
2023-04-06 02:00:00,-1.0,35,0.0,4.3,0
2023-04-06 03:00:00,-1.8,1,0.0,5.7,0
2023-04-06 04:00:00,-2.3,0,0.0,5.6,0
2023-04-06 05:00:00,-3.7,0,0.0,7.6,0
2023-04-06 06:00:00,-3.5,18,0.0,5.1,0
2023-04-06 07:00:00,-3.4,40,0.0,6.1,7
2023-04-06 08:00:00,-0.6,10,0.0,1.9,98
2023-04-06 09:00:00,1.9,0,0.0,3.9,253
2023-04-06 10:00:00,4.1,0,0.0,2.5,431
2023-04-06 11:00:00,5.9,0,0.0,3.6,577
2023-04-06 12:00:00,7.2,38,0.0,7.2,651
2023-04-06 13:00:00,7.4,67,0.0,8.4,491
2023-04-06 14:00:00,8.6,100,0.0,9.9,489
2023-04-06 15:00:00,8.6,82,0.0,10.5,425
2023-04-06 16:00:00,8.5,98,0.0,12.1,373
2023-04-06 17:00:00,8.2,81,0.0,12.0,276
2023-04-06 18:00:00,7.9,72,0.0,11.6,189
2023-04-06 19:00:00,6.7,7,0.0,6.8,103
2023-04-06 20:00:00,4.3,16,0.0,8.0,14
2023-04-06 21:00:00,2.6,30,0.0,7.9,0
2023-04-06 22:00:00,1.9,51,0.0,8.7,0
2023-04-06 23:00:00,-0.4,30,0.0,10.1,0
2023-04-07 00:00:00,2.1,63,0.0,4.3,0
2023-04-07 01:00:00,0.2,100,0.0,2.8,0
2023-04-07 02:00:00,1.5,100,0.0,3.3,0
2023-04-07 03:00:00,0.4,100,0.0,5.8,0
2023-04-07 04:00:00,0.2,100,0.0,6.1,0
2023-04-07 05:00:00,0.4,99,0.0,5.0,0
2023-04-07 06:00:00,-1.4,100,0.0,6.2,0
2023-04-07 07:00:00,-1.2,99,0.0,6.1,8
2023-04-07 08:00:00,1.8,100,0.0,4.7,94
2023-04-07 09:00:00,4.4,92,0.0,3.1,221
2023-04-07 10:00:00,6.0,100,0.0,4.7,289
2023-04-07 11:00:00,6.5,100,0.0,7.3,276
2023-04-07 12:00:00,7.6,95,0.0,7.6,436
2023-04-07 13:00:00,8.6,100,0.0,7.9,530
2023-04-07 14:00:00,6.4,100,0.0,10.3,389
2023-04-07 15:00:00,6.2,100,0.2,7.8,188
2023-04-07 16:00:00,6.1,100,0.1,5.4,139
2023-04-07 17:00:00,6.6,100,0.0,4.6,151
2023-04-07 18:00:00,6.8,100,0.0,6.9,124
2023-04-07 19:00:00,5.7,100,0.1,8.4,35
2023-04-07 20:00:00,4.8,100,0.2,7.9,4
2023-04-07 21:00:00,4.4,100,0.2,9.7,0
2023-04-07 22:00:00,4.0,100,0.1,10.0,0
2023-04-07 23:00:00,3.9,100,0.1,10.2,0
2023-04-08 00:00:00,3.5,100,0.1,10.2,0
2023-04-08 01:00:00,3.3,100,0.2,10.8,0
2023-04-08 02:00:00,3.3,100,0.3,12.7,0
2023-04-08 03:00:00,3.2,100,0.7,12.1,0
2023-04-08 04:00:00,3.5,100,0.0,12.7,0
2023-04-08 05:00:00,3.5,100,0.1,11.5,0
2023-04-08 06:00:00,3.4,100,0.6,11.0,0
2023-04-08 07:00:00,3.5,100,0.0,10.8,1
2023-04-08 08:00:00,3.8,100,0.0,10.5,20
2023-04-08 09:00:00,4.1,100,0.0,8.9,35
2023-04-08 10:00:00,4.6,100,0.0,11.4,86
2023-04-08 11:00:00,5.0,100,0.0,11.0,113
2023-04-08 12:00:00,5.8,100,0.0,10.8,154
2023-04-08 13:00:00,7.1,100,0.1,11.1,267
2023-04-08 14:00:00,7.2,98,0.2,10.3,240
2023-04-08 15:00:00,7.9,100,0.1,11.3,251
2023-04-08 16:00:00,8.3,94,0.0,12.6,253
2023-04-08 17:00:00,8.5,100,0.0,13.4,206
2023-04-08 18:00:00,7.9,98,0.0,14.2,109
2023-04-08 19:00:00,7.3,73,0.0,12.0,36
2023-04-08 20:00:00,6.3,84,0.0,8.8,9
2023-04-08 21:00:00,5.4,37,0.0,6.3,0
2023-04-08 22:00:00,2.8,1,0.0,7.6,0
2023-04-08 23:00:00,1.1,3,0.0,8.7,0
2023-04-09 00:00:00,2.9,13,0.0,5.9,0
2023-04-09 01:00:00,0.6,36,0.0,5.9,0
2023-04-09 02:00:00,0.9,100,0.0,6.6,0
2023-04-09 03:00:00,1.4,100,0.0,6.2,0
2023-04-09 04:00:00,2.4,100,0.0,7.8,0
2023-04-09 05:00:00,2.8,100,0.0,8.1,0
2023-04-09 06:00:00,2.8,100,0.1,8.2,0
2023-04-09 07:00:00,2.8,100,0.3,10.3,4
2023-04-09 08:00:00,3.3,80,0.1,8.6,25
2023-04-09 09:00:00,5.1,12,0.0,8.7,180
2023-04-09 10:00:00,7.5,83,0.0,8.3,434
2023-04-09 11:00:00,9.2,100,0.0,10.2,502
2023-04-09 12:00:00,9.1,100,0.1,10.0,322
2023-04-09 13:00:00,8.6,100,0.4,5.6,192
2023-04-09 14:00:00,9.6,80,0.1,4.1,202
2023-04-09 15:00:00,9.9,100,0.1,3.9,269
2023-04-09 16:00:00,11.0,100,0.0,7.3,413
2023-04-09 17:00:00,9.4,100,0.2,12.8,120
2023-04-09 18:00:00,8.9,68,0.1,9.6,114
2023-04-09 19:00:00,8.5,82,0.0,7.1,125
2023-04-09 20:00:00,6.1,100,0.0,7.7,14
2023-04-09 21:00:00,7.4,100,0.0,4.6,0
2023-04-09 22:00:00,7.2,100,0.2,3.5,0
2023-04-09 23:00:00,6.8,100,0.1,3.8,0
2023-04-10 00:00:00,6.8,100,0.0,4.0,0
2023-04-10 01:00:00,5.6,55,0.0,5.4,0
2023-04-10 02:00:00,4.4,1,0.0,3.0,0
2023-04-10 03:00:00,2.7,3,0.0,3.4,0
2023-04-10 04:00:00,1.8,19,0.0,4.4,0
2023-04-10 05:00:00,1.4,43,0.0,5.4,0
2023-04-10 06:00:00,1.2,35,0.0,6.3,0
2023-04-10 07:00:00,1.4,55,0.0,7.8,12
2023-04-10 08:00:00,3.1,82,0.0,7.6,110
2023-04-10 09:00:00,6.0,49,0.0,6.1,259
2023-04-10 10:00:00,8.8,1,0.0,5.9,436
2023-04-10 11:00:00,10.6,92,0.0,6.8,549
2023-04-10 12:00:00,11.8,59,0.0,7.0,574
2023-04-10 13:00:00,12.8,99,0.0,7.8,632
2023-04-10 14:00:00,14.2,93,0.0,10.0,546
2023-04-10 15:00:00,14.6,87,0.0,11.4,582
2023-04-10 16:00:00,14.6,99,0.0,10.3,393
2023-04-10 17:00:00,14.4,71,0.0,11.9,307
2023-04-10 18:00:00,13.7,2,0.0,14.9,262
2023-04-10 19:00:00,11.9,0,0.0,12.7,141
2023-04-10 20:00:00,9.2,72,0.0,10.5,21
2023-04-10 21:00:00,7.8,100,0.0,10.1,0
2023-04-10 22:00:00,7.3,100,0.0,11.5,0
2023-04-10 23:00:00,7.2,100,0.0,11.9,0
2023-04-11 00:00:00,6.7,100,0.0,11.9,0
2023-04-11 01:00:00,5.8,95,0.0,12.7,0
2023-04-11 02:00:00,6.0,100,0.0,13.7,0
2023-04-11 03:00:00,6.5,100,0.0,14.4,0
2023-04-11 04:00:00,6.3,100,0.0,15.9,0
2023-04-11 05:00:00,6.2,100,0.0,16.6,0
2023-04-11 06:00:00,6.0,100,0.0,17.7,0
2023-04-11 07:00:00,6.6,100,0.0,17.7,7
2023-04-11 08:00:00,7.1,100,0.3,17.6,56
2023-04-11 09:00:00,6.8,100,2.3,13.3,57
2023-04-11 10:00:00,8.1,100,0.2,11.3,105
2023-04-11 11:00:00,9.1,100,0.8,16.4,104
2023-04-11 12:00:00,8.8,100,1.4,19.4,49
2023-04-11 13:00:00,8.6,100,0.9,14.4,60
2023-04-11 14:00:00,9.9,44,0.1,19.4,279
2023-04-11 15:00:00,11.6,27,0.1,16.1,381
2023-04-11 16:00:00,9.6,90,1.3,26.1,560
2023-04-11 17:00:00,10.1,97,0.0,16.3,304
2023-04-11 18:00:00,10.0,15,0.0,15.5,179
2023-04-11 19:00:00,9.4,4,0.0,11.3,137
2023-04-11 20:00:00,7.2,68,0.0,12.3,23
2023-04-11 21:00:00,6.9,81,0.5,14.1,0
2023-04-11 22:00:00,5.7,3,0.0,12.2,0
2023-04-11 23:00:00,4.4,4,0.0,11.0,0
2023-04-12 00:00:00,3.5,0,0.0,10.5,0
2023-04-12 01:00:00,2.8,0,0.0,9.0,0
2023-04-12 02:00:00,2.0,0,0.0,10.4,0
2023-04-12 03:00:00,1.5,31,0.0,9.1,0
2023-04-12 04:00:00,1.1,47,0.0,9.2,0
2023-04-12 05:00:00,0.6,68,0.0,8.4,0
2023-04-12 06:00:00,0.0,92,0.0,7.4,0
2023-04-12 07:00:00,0.4,100,0.0,7.5,17
2023-04-12 08:00:00,2.9,100,0.0,10.8,134
2023-04-12 09:00:00,5.9,100,0.0,10.9,293
2023-04-12 10:00:00,9.1,100,0.0,11.5,460
2023-04-12 11:00:00,11.3,67,0.0,14.1,583
2023-04-12 12:00:00,12.7,97,0.0,14.0,701
2023-04-12 13:00:00,13.8,87,0.0,15.5,735
2023-04-12 14:00:00,14.4,100,0.0,18.0,716
2023-04-12 15:00:00,13.9,100,0.0,19.4,396
2023-04-12 16:00:00,13.4,100,0.0,16.2,193
2023-04-12 17:00:00,13.3,100,0.0,22.4,221
2023-04-12 18:00:00,12.1,100,0.0,14.7,95
2023-04-12 19:00:00,11.6,99,0.0,16.9,82
2023-04-12 20:00:00,10.3,100,0.0,13.4,11
2023-04-12 21:00:00,9.0,100,0.0,12.6,0
2023-04-12 22:00:00,8.5,99,0.0,14.8,0
2023-04-12 23:00:00,8.1,75,0.0,15.0,0
2023-04-13 00:00:00,7.9,100,0.0,15.7,0
2023-04-13 01:00:00,7.5,71,0.0,13.8,0
2023-04-13 02:00:00,7.9,98,0.0,16.6,0
2023-04-13 03:00:00,8.6,100,0.1,15.1,0
2023-04-13 04:00:00,8.6,100,0.1,16.6,0
2023-04-13 05:00:00,8.1,100,0.0,13.7,0
2023-04-13 06:00:00,7.8,100,0.0,14.0,0
2023-04-13 07:00:00,7.8,100,0.0,13.2,11
2023-04-13 08:00:00,8.2,100,0.0,15.2,60
2023-04-13 09:00:00,8.8,100,0.0,14.0,117
2023-04-13 10:00:00,9.7,100,0.0,14.2,242
2023-04-13 11:00:00,10.4,100,0.0,13.0,292
2023-04-13 12:00:00,10.6,100,0.1,15.1,310
2023-04-13 13:00:00,10.6,100,0.1,11.2,273
2023-04-13 14:00:00,12.0,100,0.0,9.2,295
2023-04-13 15:00:00,11.8,100,0.0,8.3,295
2023-04-13 16:00:00,12.2,100,0.0,9.4,387
2023-04-13 17:00:00,11.8,100,0.0,7.6,140
2023-04-13 18:00:00,11.6,100,0.0,5.1,116
2023-04-13 19:00:00,10.9,100,0.0,1.1,35
2023-04-13 20:00:00,8.1,100,0.0,6.4,13
2023-04-13 21:00:00,7.9,100,0.0,5.4,0
2023-04-13 22:00:00,5.9,100,0.0,6.5,0
2023-04-13 23:00:00,5.0,100,0.0,7.3,0
2023-04-14 00:00:00,4.7,100,0.0,7.6,0
2023-04-14 01:00:00,5.6,100,0.0,3.3,0
2023-04-14 02:00:00,6.3,100,0.0,4.2,0
2023-04-14 03:00:00,6.6,100,0.6,2.6,0
2023-04-14 04:00:00,6.5,100,1.0,3.6,0
2023-04-14 05:00:00,6.4,100,1.1,5.7,0
2023-04-14 06:00:00,6.2,100,1.1,4.7,0
2023-04-14 07:00:00,6.2,100,1.1,13.3,2
2023-04-14 08:00:00,6.1,100,0.8,17.2,27
2023-04-14 09:00:00,6.0,100,1.0,18.7,64
2023-04-14 10:00:00,5.9,100,1.2,16.9,62
2023-04-14 11:00:00,6.1,100,1.4,18.6,54
2023-04-14 12:00:00,6.5,100,0.9,19.7,111
2023-04-14 13:00:00,6.5,100,0.8,19.7,89
2023-04-14 14:00:00,6.6,100,0.4,21.5,106
2023-04-14 15:00:00,6.8,100,0.5,16.7,100
2023-04-14 16:00:00,6.8,100,1.0,14.0,57
2023-04-14 17:00:00,6.9,100,1.5,16.2,51
2023-04-14 18:00:00,6.8,100,1.0,13.4,48
2023-04-14 19:00:00,6.7,100,0.9,14.0,16
2023-04-14 20:00:00,6.4,100,0.4,15.8,7
2023-04-14 21:00:00,6.4,100,0.3,17.5,0
2023-04-14 22:00:00,6.6,100,0.5,18.7,0
2023-04-14 23:00:00,6.5,100,0.5,19.1,0
2023-04-15 00:00:00,6.4,100,1.2,19.5,0
2023-04-15 01:00:00,6.4,100,1.9,18.8,0
2023-04-15 02:00:00,6.7,100,2.6,20.2,0
2023-04-15 03:00:00,6.4,100,2.0,17.8,0
2023-04-15 04:00:00,6.2,100,1.5,16.7,0
2023-04-15 05:00:00,6.1,100,1.6,12.3,0
2023-04-15 06:00:00,6.2,100,0.5,11.8,0
2023-04-15 07:00:00,5.9,100,0.1,13.7,8
2023-04-15 08:00:00,5.6,100,0.0,11.8,51
2023-04-15 09:00:00,5.9,100,0.0,13.0,123
2023-04-15 10:00:00,7.2,100,0.1,14.4,268
2023-04-15 11:00:00,7.6,100,0.1,13.4,248
2023-04-15 12:00:00,8.3,100,0.1,12.6,279
2023-04-15 13:00:00,9.1,100,0.1,12.8,304
2023-04-15 14:00:00,8.4,100,0.1,8.1,341
2023-04-15 15:00:00,9.0,100,0.0,8.6,221
2023-04-15 16:00:00,9.4,100,0.0,8.4,205
2023-04-15 17:00:00,9.5,100,0.0,7.3,150
2023-04-15 18:00:00,9.7,91,0.0,7.7,160
2023-04-15 19:00:00,9.1,38,0.0,5.8,90
2023-04-15 20:00:00,6.9,11,0.0,7.1,22
2023-04-15 21:00:00,6.7,0,0.0,5.8,0
2023-04-15 22:00:00,4.8,37,0.0,7.0,0
2023-04-15 23:00:00,3.2,92,0.0,8.9,0
2023-04-16 00:00:00,3.8,100,0.0,7.1,0
2023-04-16 01:00:00,3.7,100,0.0,7.4,0
2023-04-16 02:00:00,3.3,100,0.0,10.0,0
2023-04-16 03:00:00,2.9,8,0.0,9.0,0
2023-04-16 04:00:00,2.0,43,0.0,8.4,0
2023-04-16 05:00:00,2.0,14,0.0,7.4,0
2023-04-16 06:00:00,1.5,24,0.0,7.9,0
2023-04-16 07:00:00,3.0,60,0.0,4.5,23
2023-04-16 08:00:00,5.7,90,0.0,4.8,128
2023-04-16 09:00:00,8.2,48,0.0,5.7,310
2023-04-16 10:00:00,9.9,98,0.0,4.4,448
2023-04-16 11:00:00,11.2,100,0.0,4.3,569
2023-04-16 12:00:00,12.2,100,0.0,6.2,620
2023-04-16 13:00:00,12.9,100,0.0,5.8,585
2023-04-16 14:00:00,13.2,100,0.1,4.7,611
2023-04-16 15:00:00,13.9,96,0.0,5.7,633
2023-04-16 16:00:00,13.9,98,0.0,6.5,502
2023-04-16 17:00:00,13.4,99,0.0,7.6,361
2023-04-16 18:00:00,12.8,56,0.0,9.9,241
2023-04-16 19:00:00,11.6,95,0.0,4.0,137
2023-04-16 20:00:00,9.6,79,0.0,8.5,23
2023-04-16 21:00:00,7.9,54,0.0,5.6,0
2023-04-16 22:00:00,7.0,41,0.0,5.7,0
2023-04-16 23:00:00,6.4,21,0.0,7.4,0
2023-04-17 00:00:00,5.5,61,0.0,6.8,0
2023-04-17 01:00:00,5.2,75,0.0,7.4,0
2023-04-17 02:00:00,5.6,33,0.0,6.8,0
2023-04-17 03:00:00,4.8,25,0.0,6.5,0
2023-04-17 04:00:00,3.8,14,0.0,9.0,0
2023-04-17 05:00:00,3.5,90,0.0,9.3,0
2023-04-17 06:00:00,4.2,99,0.0,7.1,0
2023-04-17 07:00:00,5.8,98,0.0,7.9,21
2023-04-17 08:00:00,6.8,100,0.0,11.6,113
2023-04-17 09:00:00,7.8,100,0.0,12.8,217
2023-04-17 10:00:00,9.6,100,0.0,13.3,264
2023-04-17 11:00:00,10.9,65,0.1,10.2,336
2023-04-17 12:00:00,11.9,61,0.1,9.7,456
2023-04-17 13:00:00,12.8,42,0.0,11.2,498
2023-04-17 14:00:00,13.4,51,0.0,12.1,684
2023-04-17 15:00:00,14.4,54,0.0,12.0,603
2023-04-17 16:00:00,11.4,62,0.5,21.0,334
2023-04-17 17:00:00,10.9,92,0.9,20.2,273
2023-04-17 18:00:00,10.4,100,0.4,22.7,212
2023-04-17 19:00:00,9.2,76,0.0,21.6,94
2023-04-17 20:00:00,8.0,93,0.0,17.3,23
2023-04-17 21:00:00,7.7,100,0.2,16.0,0
2023-04-17 22:00:00,7.4,97,0.1,15.7,0
2023-04-17 23:00:00,7.2,61,0.0,15.4,0
2023-04-18 00:00:00,6.5,75,0.0,13.0,0
2023-04-18 01:00:00,6.6,97,0.0,13.1,0
2023-04-18 02:00:00,7.0,100,0.2,16.4,0
2023-04-18 03:00:00,6.8,69,0.1,15.8,0
2023-04-18 04:00:00,6.3,100,0.0,16.3,0
2023-04-18 05:00:00,6.7,100,0.0,16.8,0
2023-04-18 06:00:00,6.6,100,0.0,17.1,0
2023-04-18 07:00:00,6.7,100,0.0,15.6,9
2023-04-18 08:00:00,7.1,100,0.0,17.0,51
2023-04-18 09:00:00,7.1,100,0.1,16.2,55
2023-04-18 10:00:00,7.6,100,0.1,17.3,68
2023-04-18 11:00:00,8.6,100,0.1,19.6,148
2023-04-18 12:00:00,9.3,100,0.0,19.1,198
2023-04-18 13:00:00,10.2,100,0.0,18.5,269
2023-04-18 14:00:00,8.9,100,0.1,20.0,232
2023-04-18 15:00:00,10.3,100,0.5,21.1,266
2023-04-18 16:00:00,10.0,100,0.4,21.4,181
2023-04-18 17:00:00,10.6,100,0.0,17.0,107
2023-04-18 18:00:00,11.1,61,0.2,17.3,133
2023-04-18 19:00:00,10.4,75,0.1,17.6,90
2023-04-18 20:00:00,9.2,52,0.0,17.6,21
2023-04-18 21:00:00,8.1,56,0.0,15.1,0
2023-04-18 22:00:00,7.7,86,0.0,12.2,0
2023-04-18 23:00:00,8.1,100,0.0,11.2,0
2023-04-19 00:00:00,8.8,100,0.0,11.9,0
2023-04-19 01:00:00,8.5,100,0.0,10.1,0
2023-04-19 02:00:00,8.6,100,0.0,11.8,0
2023-04-19 03:00:00,8.7,100,0.8,14.1,0
2023-04-19 04:00:00,8.6,100,0.6,15.9,0
2023-04-19 05:00:00,8.6,100,0.4,15.3,0
2023-04-19 06:00:00,8.1,100,0.4,15.2,0
2023-04-19 07:00:00,7.4,100,0.0,16.6,7
2023-04-19 08:00:00,7.2,91,0.0,18.4,63
2023-04-19 09:00:00,7.4,100,0.0,22.1,178
2023-04-19 10:00:00,7.1,23,0.0,17.7,183
2023-04-19 11:00:00,8.6,32,0.0,21.3,493
2023-04-19 12:00:00,9.2,14,0.0,22.0,703
2023-04-19 13:00:00,10.0,21,0.0,22.3,714
2023-04-19 14:00:00,10.1,39,0.1,25.2,683
2023-04-19 15:00:00,10.1,21,0.0,21.5,700
2023-04-19 16:00:00,10.1,48,0.0,20.0,583
2023-04-19 17:00:00,9.4,52,0.0,18.7,453
2023-04-19 18:00:00,8.8,56,0.1,15.0,276
2023-04-19 19:00:00,7.9,42,0.0,12.3,129
2023-04-19 20:00:00,5.8,15,0.0,10.5,37
2023-04-19 21:00:00,4.6,16,0.0,8.4,0
2023-04-19 22:00:00,4.0,26,0.0,7.9,0
2023-04-19 23:00:00,3.2,62,0.0,5.8,0
2023-04-20 00:00:00,2.5,0,0.0,4.7,0
2023-04-20 01:00:00,1.0,0,0.0,7.5,0
2023-04-20 02:00:00,0.9,0,0.0,7.6,0
2023-04-20 03:00:00,0.1,9,0.0,7.5,0
2023-04-20 04:00:00,0.2,48,0.0,6.7,0
2023-04-20 05:00:00,1.0,100,0.0,5.2,0
2023-04-20 06:00:00,1.5,100,0.0,4.2,0
2023-04-20 07:00:00,2.3,100,0.0,5.9,19
2023-04-20 08:00:00,3.6,100,0.1,8.2,76
2023-04-20 09:00:00,4.2,100,0.1,9.4,97
2023-04-20 10:00:00,4.9,100,0.1,9.6,153
2023-04-20 11:00:00,6.0,100,0.1,15.3,196
2023-04-20 12:00:00,8.8,100,0.0,17.6,489
2023-04-20 13:00:00,9.1,100,0.0,18.6,242
2023-04-20 14:00:00,10.9,100,0.0,17.3,249
2023-04-20 15:00:00,12.1,100,0.0,15.6,259
2023-04-20 16:00:00,13.8,100,0.0,14.2,281
2023-04-20 17:00:00,14.8,85,0.0,15.9,244
2023-04-20 18:00:00,13.3,100,0.0,21.8,211
2023-04-20 19:00:00,12.5,100,0.0,23.6,130
2023-04-20 20:00:00,11.1,100,0.0,20.4,33
2023-04-20 21:00:00,9.6,100,0.0,17.7,0
2023-04-20 22:00:00,8.9,100,0.0,15.9,0
2023-04-20 23:00:00,8.1,97,0.0,14.4,0
2023-04-21 00:00:00,7.5,1,0.0,13.7,0
2023-04-21 01:00:00,6.9,3,0.0,12.2,0
2023-04-21 02:00:00,6.8,0,0.0,11.2,0
2023-04-21 03:00:00,6.5,23,0.0,12.7,0
2023-04-21 04:00:00,6.3,6,0.0,13.3,0
2023-04-21 05:00:00,6.1,0,0.0,11.9,0
2023-04-21 06:00:00,5.8,0,0.0,11.2,0
2023-04-21 07:00:00,6.7,0,0.0,12.2,38
2023-04-21 08:00:00,8.8,0,0.0,10.8,171
2023-04-21 09:00:00,10.9,0,0.0,11.8,336
2023-04-21 10:00:00,13.1,0,0.0,14.1,495
2023-04-21 11:00:00,15.2,9,0.0,15.5,628
2023-04-21 12:00:00,16.6,25,0.1,18.7,628
2023-04-21 13:00:00,17.6,24,0.0,19.2,698
2023-04-21 14:00:00,18.0,36,0.1,18.9,651
2023-04-21 15:00:00,18.2,21,0.1,18.2,636
2023-04-21 16:00:00,18.1,22,0.0,18.8,583
2023-04-21 17:00:00,17.6,15,0.0,18.3,435
2023-04-21 18:00:00,17.1,15,0.0,15.2,310
2023-04-21 19:00:00,15.6,8,0.0,14.0,168
2023-04-21 20:00:00,13.4,8,0.0,11.8,41
2023-04-21 21:00:00,11.4,0,0.0,9.8,0
2023-04-21 22:00:00,9.5,0,0.0,8.0,0
2023-04-21 23:00:00,7.9,0,0.0,6.9,0
2023-04-22 00:00:00,6.8,0,0.0,6.9,0
2023-04-22 01:00:00,5.7,2,0.0,8.6,0
2023-04-22 02:00:00,5.2,0,0.0,8.7,0
2023-04-22 03:00:00,5.2,1,0.0,6.4,0
2023-04-22 04:00:00,4.7,0,0.0,7.4,0
2023-04-22 05:00:00,4.5,0,0.0,8.3,0
2023-04-22 06:00:00,6.8,0,0.0,6.4,0
2023-04-22 07:00:00,6.2,0,0.0,3.4,43
2023-04-22 08:00:00,8.7,0,0.0,1.6,182
2023-04-22 09:00:00,11.0,0,0.0,2.2,350
2023-04-22 10:00:00,13.2,0,0.0,2.9,511
2023-04-22 11:00:00,15.5,0,0.0,4.6,646
2023-04-22 12:00:00,17.5,11,0.0,6.6,745
2023-04-22 13:00:00,19.1,7,0.0,8.0,797
2023-04-22 14:00:00,20.0,1,0.0,8.9,791
2023-04-22 15:00:00,20.4,0,0.0,10.5,748
2023-04-22 16:00:00,20.5,8,0.0,9.5,655
2023-04-22 17:00:00,20.2,15,0.0,9.4,520
2023-04-22 18:00:00,19.5,66,0.0,10.1,355
2023-04-22 19:00:00,17.4,92,0.0,7.4,180
2023-04-22 20:00:00,14.2,93,0.0,8.2,45
2023-04-22 21:00:00,12.8,97,0.0,9.9,0
2023-04-22 22:00:00,12.6,100,0.0,14.0,0
2023-04-22 23:00:00,12.6,100,0.0,14.7,0
2023-04-23 00:00:00,12.4,100,0.0,14.2,0
2023-04-23 01:00:00,11.9,100,0.0,13.7,0
2023-04-23 02:00:00,12.5,100,0.0,13.7,0
2023-04-23 03:00:00,12.1,88,0.0,12.6,0
2023-04-23 04:00:00,10.8,99,0.0,10.1,0
2023-04-23 05:00:00,10.9,100,0.0,9.4,0
2023-04-23 06:00:00,10.4,100,0.1,6.5,0
2023-04-23 07:00:00,11.4,100,0.6,8.7,12
2023-04-23 08:00:00,12.6,82,0.0,15.1,41
2023-04-23 09:00:00,14.6,100,0.0,13.1,219
2023-04-23 10:00:00,16.0,100,0.0,16.3,367
2023-04-23 11:00:00,16.2,100,0.0,13.5,261
2023-04-23 12:00:00,17.5,100,0.0,17.1,467
2023-04-23 13:00:00,16.5,100,1.8,13.8,327
2023-04-23 14:00:00,16.1,100,1.0,14.9,230
2023-04-23 15:00:00,17.2,100,0.0,12.1,434
2023-04-23 16:00:00,17.2,100,0.0,11.0,358
2023-04-23 17:00:00,17.1,100,0.0,8.4,275
2023-04-23 18:00:00,15.5,100,0.0,8.8,85
2023-04-23 19:00:00,14.4,100,0.0,10.5,57
2023-04-23 20:00:00,13.8,100,0.0,9.1,13
2023-04-23 21:00:00,12.9,99,0.0,7.0,0
2023-04-23 22:00:00,10.9,71,0.0,6.3,0
2023-04-23 23:00:00,9.6,27,0.0,5.8,0
2023-04-24 00:00:00,9.4,54,0.0,6.8,0
2023-04-24 01:00:00,8.9,98,0.0,7.3,0
2023-04-24 02:00:00,9.0,100,0.0,8.8,0
2023-04-24 03:00:00,9.5,100,0.2,7.4,0
2023-04-24 04:00:00,10.0,100,0.0,9.5,0
2023-04-24 05:00:00,9.9,100,0.0,11.0,0
2023-04-24 06:00:00,10.0,100,0.0,11.5,0
2023-04-24 07:00:00,10.6,100,0.0,10.6,24
2023-04-24 08:00:00,11.4,99,0.0,11.4,76
2023-04-24 09:00:00,11.8,100,0.1,11.2,103
2023-04-24 10:00:00,11.6,100,0.2,13.0,98
2023-04-24 11:00:00,11.8,100,0.2,12.3,106
2023-04-24 12:00:00,12.8,100,0.1,14.7,216
2023-04-24 13:00:00,13.0,100,0.1,15.6,209
2023-04-24 14:00:00,11.7,100,0.1,18.3,253
2023-04-24 15:00:00,12.6,100,0.6,13.1,131
2023-04-24 16:00:00,14.2,100,0.0,16.7,312
2023-04-24 17:00:00,14.6,100,0.0,20.5,345
2023-04-24 18:00:00,14.4,100,0.0,17.7,245
2023-04-24 19:00:00,13.4,100,0.0,18.3,138
2023-04-24 20:00:00,12.0,100,0.0,17.1,34
2023-04-24 21:00:00,10.9,100,0.0,14.8,0
2023-04-24 22:00:00,10.1,98,0.0,15.8,0
2023-04-24 23:00:00,9.3,100,0.0,17.7,0
2023-04-25 00:00:00,8.6,100,0.0,17.1,0
2023-04-25 01:00:00,7.9,100,0.0,16.5,0
2023-04-25 02:00:00,7.7,46,0.0,16.7,0
2023-04-25 03:00:00,6.8,11,0.0,15.7,0
2023-04-25 04:00:00,6.2,8,0.0,14.3,0
2023-04-25 05:00:00,5.5,9,0.0,13.4,0
2023-04-25 06:00:00,5.1,0,0.0,13.0,0
2023-04-25 07:00:00,6.0,0,0.0,15.1,51
2023-04-25 08:00:00,7.7,19,0.0,14.5,190
2023-04-25 09:00:00,9.4,34,0.0,14.4,349
2023-04-25 10:00:00,10.7,56,0.0,12.5,486
2023-04-25 11:00:00,11.1,100,0.1,12.8,445
2023-04-25 12:00:00,10.9,100,0.0,12.1,199
2023-04-25 13:00:00,9.1,95,1.6,14.4,151
2023-04-25 14:00:00,8.6,85,0.2,14.1,365
2023-04-25 15:00:00,10.8,53,0.1,14.0,603
2023-04-25 16:00:00,11.5,74,0.0,17.1,585
2023-04-25 17:00:00,10.6,52,0.1,17.9,397
2023-04-25 18:00:00,10.0,36,0.1,18.7,276
2023-04-25 19:00:00,9.1,30,0.0,16.7,165
2023-04-25 20:00:00,7.8,87,0.0,14.7,49
2023-04-25 21:00:00,6.8,12,0.0,9.7,0
2023-04-25 22:00:00,5.1,11,0.0,7.5,0
2023-04-25 23:00:00,4.6,10,0.0,10.8,0
2023-04-26 00:00:00,4.2,0,0.0,10.1,0
2023-04-26 01:00:00,3.6,0,0.0,10.2,0
2023-04-26 02:00:00,3.3,20,0.0,9.7,0
2023-04-26 03:00:00,3.3,18,0.0,10.6,0
2023-04-26 04:00:00,3.0,18,0.0,10.4,0
2023-04-26 05:00:00,2.8,90,0.0,10.0,0
2023-04-26 06:00:00,3.2,35,0.0,10.0,0
2023-04-26 07:00:00,3.5,11,0.0,10.9,53
2023-04-26 08:00:00,5.0,14,0.0,12.2,198
2023-04-26 09:00:00,6.2,19,0.0,15.5,366
2023-04-26 10:00:00,7.3,38,0.0,18.1,497
2023-04-26 11:00:00,8.1,78,0.1,19.3,568
2023-04-26 12:00:00,8.8,95,0.0,18.6,553
2023-04-26 13:00:00,8.8,100,0.0,17.9,410
2023-04-26 14:00:00,9.3,95,0.0,17.1,400
2023-04-26 15:00:00,9.4,100,0.0,16.6,369
2023-04-26 16:00:00,9.3,100,0.0,14.7,272
2023-04-26 17:00:00,9.6,97,0.0,14.3,301
2023-04-26 18:00:00,9.2,92,0.0,13.6,186
2023-04-26 19:00:00,8.8,100,0.0,9.9,113
2023-04-26 20:00:00,7.7,100,0.0,6.5,30
2023-04-26 21:00:00,6.3,67,0.0,5.9,0
2023-04-26 22:00:00,4.4,100,0.0,5.8,0
2023-04-26 23:00:00,3.8,96,0.0,6.4,0
2023-04-27 00:00:00,4.1,55,0.0,5.8,0
2023-04-27 01:00:00,5.1,85,0.0,1.9,0
2023-04-27 02:00:00,2.4,80,0.0,4.1,0
2023-04-27 03:00:00,2.5,100,0.0,3.7,0
2023-04-27 04:00:00,2.8,97,0.0,6.3,0
2023-04-27 05:00:00,2.1,100,0.0,7.4,0
2023-04-27 06:00:00,1.1,100,0.0,6.8,0
2023-04-27 07:00:00,2.9,100,0.0,6.5,44
2023-04-27 08:00:00,4.8,99,0.0,2.3,142
2023-04-27 09:00:00,7.0,82,0.0,0.8,338
2023-04-27 10:00:00,8.4,58,0.0,1.5,480
2023-04-27 11:00:00,9.7,100,0.0,5.1,616
2023-04-27 12:00:00,9.9,100,0.0,7.9,392
2023-04-27 13:00:00,10.4,100,0.0,7.9,410
2023-04-27 14:00:00,11.5,100,0.0,6.5,513
2023-04-27 15:00:00,11.7,100,0.0,6.2,399
2023-04-27 16:00:00,11.9,100,0.0,7.1,350
2023-04-27 17:00:00,11.8,97,0.0,5.9,241
2023-04-27 18:00:00,11.6,94,0.0,3.3,183
2023-04-27 19:00:00,11.1,100,0.0,4.1,97
2023-04-27 20:00:00,9.5,100,0.0,6.5,31
2023-04-27 21:00:00,8.6,100,0.0,5.4,0
2023-04-27 22:00:00,7.1,100,0.0,6.7,0
2023-04-27 23:00:00,6.4,100,0.0,6.0,0
2023-04-28 00:00:00,5.4,100,0.0,6.6,0
2023-04-28 01:00:00,4.8,100,0.0,6.6,0
2023-04-28 02:00:00,5.3,100,0.0,6.5,0
2023-04-28 03:00:00,4.1,100,0.0,4.1,0
2023-04-28 04:00:00,3.7,100,0.0,4.2,0
2023-04-28 05:00:00,4.4,100,0.0,5.2,0
2023-04-28 06:00:00,5.2,100,0.0,5.8,0
2023-04-28 07:00:00,6.2,100,0.0,6.4,27
2023-04-28 08:00:00,7.5,100,0.0,4.2,90
2023-04-28 09:00:00,9.9,100,0.0,3.3,244
2023-04-28 10:00:00,12.8,100,0.0,7.7,457
2023-04-28 11:00:00,14.8,100,0.0,9.3,487
2023-04-28 12:00:00,15.6,100,0.0,11.2,453
2023-04-28 13:00:00,14.9,100,0.1,15.0,331
2023-04-28 14:00:00,15.9,100,0.4,4.6,331
2023-04-28 15:00:00,14.5,100,0.6,2.6,117
2023-04-28 16:00:00,13.1,100,1.0,8.0,128
2023-04-28 17:00:00,12.0,99,0.6,10.3,67
2023-04-28 18:00:00,12.1,100,1.3,11.9,130
2023-04-28 19:00:00,11.6,100,0.0,14.2,41
2023-04-28 20:00:00,11.4,100,0.0,11.5,11
2023-04-28 21:00:00,10.9,71,0.0,10.6,0
2023-04-28 22:00:00,10.3,100,0.0,9.0,0
2023-04-28 23:00:00,10.5,56,0.0,10.7,0
2023-04-29 00:00:00,9.6,22,0.0,9.3,0
2023-04-29 01:00:00,8.8,56,0.0,8.9,0
2023-04-29 02:00:00,10.2,36,0.0,7.2,0
2023-04-29 03:00:00,8.2,46,0.2,6.4,0
2023-04-29 04:00:00,8.8,71,3.5,5.4,0
2023-04-29 05:00:00,8.2,50,0.8,9.0,0
2023-04-29 06:00:00,8.4,100,1.1,13.6,1
2023-04-29 07:00:00,9.6,100,3.5,12.8,32
2023-04-29 08:00:00,10.8,86,4.2,11.3,89
2023-04-29 09:00:00,12.4,100,0.0,13.7,161
2023-04-29 10:00:00,13.8,100,0.1,11.7,276
2023-04-29 11:00:00,14.9,100,0.1,11.4,328
2023-04-29 12:00:00,15.6,100,0.1,11.4,352
2023-04-29 13:00:00,15.9,91,0.2,11.9,368
2023-04-29 14:00:00,14.5,86,3.3,14.3,370
2023-04-29 15:00:00,15.9,76,0.0,18.1,589
2023-04-29 16:00:00,15.7,81,0.0,18.4,476
2023-04-29 17:00:00,15.7,47,0.0,20.1,348
2023-04-29 18:00:00,14.6,100,0.0,22.4,207
2023-04-29 19:00:00,13.4,100,0.0,18.5,158
2023-04-29 20:00:00,12.2,69,0.0,17.0,33
2023-04-29 21:00:00,11.1,100,0.0,13.8,1
2023-04-29 22:00:00,10.9,100,0.0,12.1,0
2023-04-29 23:00:00,10.7,100,0.0,11.3,0
2023-04-30 00:00:00,10.2,94,0.0,10.3,0
2023-04-30 01:00:00,9.5,52,0.0,8.3,0
2023-04-30 02:00:00,8.3,31,0.0,7.9,0
2023-04-30 03:00:00,7.7,6,0.0,7.5,0
2023-04-30 04:00:00,7.3,6,0.0,7.9,0
2023-04-30 05:00:00,6.9,25,0.0,8.3,0
2023-04-30 06:00:00,6.8,15,0.0,9.7,1
2023-04-30 07:00:00,8.0,1,0.0,12.3,56
2023-04-30 08:00:00,9.1,1,0.0,13.9,195
2023-04-30 09:00:00,10.1,0,0.0,11.7,373
2023-04-30 10:00:00,11.8,55,0.0,11.2,539
2023-04-30 11:00:00,12.9,29,0.0,11.3,588
2023-04-30 12:00:00,13.9,41,0.0,11.5,679
2023-04-30 13:00:00,14.8,49,0.0,11.9,723
2023-04-30 14:00:00,14.3,58,0.0,10.9,724
2023-04-30 15:00:00,14.6,1,0.0,9.8,758
2023-04-30 16:00:00,14.8,0,0.0,9.8,658
2023-04-30 17:00:00,14.6,0,0.0,10.9,519
2023-04-30 18:00:00,14.2,1,0.0,11.1,383
2023-04-30 19:00:00,13.4,0,0.0,9.3,216
2023-04-30 20:00:00,11.1,0,0.0,7.8,69
2023-04-30 21:00:00,9.6,0,0.0,11.5,1
2023-04-30 22:00:00,8.4,0,0.0,10.0,0
2023-04-30 23:00:00,7.3,0,0.0,8.4,0
2023-05-01 00:00:00,6.2,0,0.0,7.6,0
2023-05-01 01:00:00,5.5,0,0.0,7.9,0
2023-05-01 02:00:00,4.4,0,0.0,8.3,0
2023-05-01 03:00:00,4.0,96,0.0,6.2,0
2023-05-01 04:00:00,3.7,99,0.0,6.5,0
2023-05-01 05:00:00,3.3,100,0.0,6.3,0
2023-05-01 06:00:00,3.2,100,0.0,6.2,2
2023-05-01 07:00:00,5.4,100,0.0,6.9,67
2023-05-01 08:00:00,7.7,97,0.0,4.3,207
2023-05-01 09:00:00,9.8,100,0.0,4.8,383
2023-05-01 10:00:00,11.9,100,0.0,7.6,546
2023-05-01 11:00:00,13.7,100,0.0,9.8,670
2023-05-01 12:00:00,15.4,100,0.0,12.2,761
2023-05-01 13:00:00,17.0,100,0.0,13.9,813
2023-05-01 14:00:00,18.2,97,0.0,13.1,817
2023-05-01 15:00:00,19.5,61,0.0,21.6,769
2023-05-01 16:00:00,19.0,100,0.0,19.9,508
2023-05-01 17:00:00,18.9,100,0.0,19.5,310
2023-05-01 18:00:00,17.4,100,0.0,17.9,184
2023-05-01 19:00:00,17.0,100,0.0,14.0,114
2023-05-01 20:00:00,15.4,100,0.0,11.2,44
2023-05-01 21:00:00,13.9,100,0.0,13.0,2
2023-05-01 22:00:00,12.9,100,0.5,14.6,0
2023-05-01 23:00:00,12.0,100,0.0,11.2,0
2023-05-02 00:00:00,11.6,100,0.0,12.0,0
2023-05-02 01:00:00,12.1,100,0.0,13.8,0
2023-05-02 02:00:00,11.5,100,0.0,11.0,0
2023-05-02 03:00:00,11.1,100,0.0,13.2,0
2023-05-02 04:00:00,10.2,100,0.0,12.3,0
2023-05-02 05:00:00,9.6,100,0.0,12.4,0
2023-05-02 06:00:00,9.6,100,0.0,11.3,1
2023-05-02 07:00:00,10.6,100,0.0,10.4,30
2023-05-02 08:00:00,11.1,100,0.0,9.2,42
2023-05-02 09:00:00,11.8,100,0.0,7.7,57
2023-05-02 10:00:00,13.4,100,0.0,6.8,193
2023-05-02 11:00:00,14.8,100,0.0,6.5,365
2023-05-02 12:00:00,15.8,100,0.0,7.9,481
2023-05-02 13:00:00,16.4,100,0.0,8.2,551
2023-05-02 14:00:00,16.1,100,0.0,14.7,529
2023-05-02 15:00:00,15.6,100,0.2,12.0,384
2023-05-02 16:00:00,16.2,100,0.0,11.9,408
2023-05-02 17:00:00,15.7,100,0.0,12.8,313
2023-05-02 18:00:00,15.3,100,0.0,9.9,186
2023-05-02 19:00:00,14.9,100,0.0,8.0,125
2023-05-02 20:00:00,13.3,78,0.1,12.1,41
2023-05-02 21:00:00,12.1,50,0.0,14.2,2
2023-05-02 22:00:00,11.2,41,0.0,14.2,0
2023-05-02 23:00:00,10.2,20,0.0,11.9,0
2023-05-03 00:00:00,8.9,32,0.0,10.7,0
2023-05-03 01:00:00,8.2,25,0.0,11.6,0
2023-05-03 02:00:00,7.6,25,0.0,10.9,0
2023-05-03 03:00:00,7.0,100,0.0,7.2,0
2023-05-03 04:00:00,6.7,100,0.0,7.5,0
2023-05-03 05:00:00,6.7,100,0.0,9.3,0
2023-05-03 06:00:00,6.4,100,0.0,9.9,2
2023-05-03 07:00:00,6.7,0,0.0,10.0,63
2023-05-03 08:00:00,7.9,2,0.0,10.8,213
2023-05-03 09:00:00,9.2,0,0.0,13.1,394
2023-05-03 10:00:00,10.5,0,0.0,12.9,561
2023-05-03 11:00:00,12.1,72,0.0,13.0,702
2023-05-03 12:00:00,12.9,36,0.0,11.9,695
2023-05-03 13:00:00,13.9,59,0.0,10.9,790
2023-05-03 14:00:00,13.6,100,0.0,10.1,748
2023-05-03 15:00:00,14.1,13,0.0,10.8,763
2023-05-03 16:00:00,14.2,7,0.0,10.5,669
2023-05-03 17:00:00,14.4,11,0.0,10.9,551
2023-05-03 18:00:00,14.0,10,0.0,11.5,394
2023-05-03 19:00:00,13.2,0,0.0,10.7,224
2023-05-03 20:00:00,11.3,0,0.0,7.1,76
2023-05-03 21:00:00,9.4,0,0.0,6.9,3
2023-05-03 22:00:00,8.7,0,0.0,9.3,0
2023-05-03 23:00:00,7.9,0,0.0,9.1,0
2023-05-04 00:00:00,6.9,2,0.0,8.0,0
2023-05-04 01:00:00,6.1,5,0.0,7.2,0
2023-05-04 02:00:00,4.9,0,0.0,7.7,0
2023-05-04 03:00:00,4.5,0,0.0,6.7,0
2023-05-04 04:00:00,4.5,0,0.0,5.9,0
2023-05-04 05:00:00,4.0,0,0.0,5.9,0
2023-05-04 06:00:00,3.5,0,0.0,5.4,4
2023-05-04 07:00:00,5.1,13,0.0,3.8,81
2023-05-04 08:00:00,7.5,82,0.0,1.4,233
2023-05-04 09:00:00,9.8,100,0.0,2.3,395
2023-05-04 10:00:00,11.9,100,0.0,5.1,539
2023-05-04 11:00:00,13.4,100,0.0,6.8,668
2023-05-04 12:00:00,14.6,100,0.0,7.5,763
2023-05-04 13:00:00,15.6,100,0.0,8.0,827
2023-05-04 14:00:00,16.8,100,0.0,7.6,812
2023-05-04 15:00:00,17.4,100,0.0,8.0,743
2023-05-04 16:00:00,17.6,100,0.0,7.6,640
2023-05-04 17:00:00,17.5,100,0.0,8.8,469
2023-05-04 18:00:00,16.8,100,0.0,10.1,282
2023-05-04 19:00:00,15.6,100,0.0,9.4,135
2023-05-04 20:00:00,14.1,100,0.0,9.4,50
2023-05-04 21:00:00,12.5,100,0.0,9.2,3
2023-05-04 22:00:00,12.1,100,0.0,8.7,0
2023-05-04 23:00:00,10.9,99,0.0,7.4,0
2023-05-05 00:00:00,9.2,100,0.0,6.8,0
2023-05-05 01:00:00,7.9,100,0.0,7.3,0
2023-05-05 02:00:00,7.8,100,0.0,7.5,0
2023-05-05 03:00:00,6.7,100,0.0,7.6,0
2023-05-05 04:00:00,6.7,100,0.0,6.5,0
2023-05-05 05:00:00,6.8,100,0.0,6.5,0
2023-05-05 06:00:00,6.4,100,0.0,6.6,4
2023-05-05 07:00:00,8.6,100,0.0,5.0,73
2023-05-05 08:00:00,10.6,79,0.0,2.5,202
2023-05-05 09:00:00,12.8,9,0.0,4.2,385
2023-05-05 10:00:00,15.1,70,0.0,5.4,561
2023-05-05 11:00:00,17.2,0,0.0,5.8,692
2023-05-05 12:00:00,19.0,45,0.0,6.2,789
2023-05-05 13:00:00,20.2,90,0.0,8.0,836
2023-05-05 14:00:00,21.5,100,0.0,9.1,833
2023-05-05 15:00:00,22.0,99,0.0,9.4,749
2023-05-05 16:00:00,22.3,100,0.0,10.4,668
2023-05-05 17:00:00,22.0,100,0.0,12.6,534
2023-05-05 18:00:00,21.0,100,0.0,15.0,346
2023-05-05 19:00:00,19.4,100,0.0,14.8,208
2023-05-05 20:00:00,17.5,100,0.0,14.0,58
2023-05-05 21:00:00,16.6,100,0.0,12.6,3
2023-05-05 22:00:00,15.8,100,0.0,10.7,0
2023-05-05 23:00:00,14.7,100,0.0,9.3,0
2023-05-06 00:00:00,14.8,100,0.0,8.6,0
2023-05-06 01:00:00,13.2,100,0.0,6.6,0
2023-05-06 02:00:00,13.9,100,0.0,10.3,0
2023-05-06 03:00:00,13.1,100,4.4,5.5,0
2023-05-06 04:00:00,12.6,100,3.1,3.0,0
2023-05-06 05:00:00,12.4,100,1.2,4.3,0
2023-05-06 06:00:00,12.1,100,1.3,3.1,1
2023-05-06 07:00:00,12.1,100,0.2,8.3,20
2023-05-06 08:00:00,13.1,100,0.0,8.9,135
2023-05-06 09:00:00,15.2,98,0.0,9.8,354
2023-05-06 10:00:00,16.9,99,0.0,13.6,509
2023-05-06 11:00:00,17.7,94,0.0,15.8,533
2023-05-06 12:00:00,18.6,91,0.0,15.0,564
2023-05-06 13:00:00,19.2,100,0.1,15.5,646
2023-05-06 14:00:00,19.0,79,0.1,13.5,647
2023-05-06 15:00:00,19.8,45,0.0,16.7,647
2023-05-06 16:00:00,19.9,33,0.0,14.9,620
2023-05-06 17:00:00,19.4,82,0.1,15.2,481
2023-05-06 18:00:00,18.0,64,0.0,17.8,338
2023-05-06 19:00:00,16.0,32,0.0,18.1,203
2023-05-06 20:00:00,14.5,52,0.0,14.2,71
2023-05-06 21:00:00,12.6,79,0.0,11.9,4
2023-05-06 22:00:00,11.4,84,0.0,9.9,0
2023-05-06 23:00:00,10.2,87,0.0,8.4,0
2023-05-07 00:00:00,9.2,99,0.0,6.3,0
2023-05-07 01:00:00,8.9,99,0.0,7.1,0
2023-05-07 02:00:00,8.4,100,0.0,5.6,0
2023-05-07 03:00:00,7.9,90,0.0,5.8,0
2023-05-07 04:00:00,8.0,97,0.0,8.7,0
2023-05-07 05:00:00,8.1,100,0.0,9.7,0
2023-05-07 06:00:00,8.6,79,0.0,9.7,4
2023-05-07 07:00:00,9.2,100,0.0,10.4,50
2023-05-07 08:00:00,9.9,100,0.0,10.9,118
2023-05-07 09:00:00,10.4,100,0.1,8.5,178
2023-05-07 10:00:00,11.2,100,0.1,9.1,267
2023-05-07 11:00:00,11.7,100,0.1,10.3,290
2023-05-07 12:00:00,12.6,100,0.0,11.5,371
2023-05-07 13:00:00,13.9,100,0.0,13.0,459
2023-05-07 14:00:00,13.6,100,0.0,12.8,519
2023-05-07 15:00:00,13.9,100,0.0,15.1,358
2023-05-07 16:00:00,14.5,100,0.0,16.6,399
2023-05-07 17:00:00,14.1,100,0.0,19.8,277
2023-05-07 18:00:00,13.0,100,0.0,22.7,234
2023-05-07 19:00:00,11.6,17,0.0,21.3,149
2023-05-07 20:00:00,10.1,91,0.0,18.8,81
2023-05-07 21:00:00,9.1,99,0.0,17.7,4
2023-05-07 22:00:00,8.1,100,0.0,16.7,0
2023-05-07 23:00:00,7.3,90,0.0,16.5,0
2023-05-08 00:00:00,6.6,36,0.0,14.9,0
2023-05-08 01:00:00,6.0,64,0.0,13.0,0
2023-05-08 02:00:00,5.3,73,0.0,11.7,0
2023-05-08 03:00:00,5.0,99,0.0,10.1,0
2023-05-08 04:00:00,4.4,100,0.0,9.0,0
2023-05-08 05:00:00,3.9,100,0.0,7.9,0
2023-05-08 06:00:00,4.0,74,0.0,6.5,7
2023-05-08 07:00:00,5.4,96,0.0,8.8,94
2023-05-08 08:00:00,7.1,100,0.0,10.9,248
2023-05-08 09:00:00,8.6,99,0.0,12.6,413
2023-05-08 10:00:00,10.1,86,0.0,13.0,577
2023-05-08 11:00:00,11.6,99,0.0,14.1,707
2023-05-08 12:00:00,13.1,96,0.0,14.9,792
2023-05-08 13:00:00,14.3,92,0.0,15.2,833
2023-05-08 14:00:00,15.4,98,0.0,15.1,814
2023-05-08 15:00:00,16.0,100,0.0,14.8,773
2023-05-08 16:00:00,16.3,100,0.0,15.5,648
2023-05-08 17:00:00,16.2,100,0.0,16.6,488
2023-05-08 18:00:00,15.9,100,0.0,17.0,352
2023-05-08 19:00:00,15.2,100,0.0,16.6,214
2023-05-08 20:00:00,12.8,99,0.0,18.1,80
2023-05-08 21:00:00,11.0,100,0.0,15.9,6
2023-05-08 22:00:00,9.8,100,0.0,14.3,0
2023-05-08 23:00:00,8.8,100,0.0,11.6,0
2023-05-09 00:00:00,8.0,100,0.0,12.6,0
2023-05-09 01:00:00,7.1,68,0.0,11.6,0
2023-05-09 02:00:00,6.3,98,0.0,9.5,0
2023-05-09 03:00:00,5.6,88,0.0,8.0,0
2023-05-09 04:00:00,4.7,0,0.0,6.8,0
2023-05-09 05:00:00,3.3,0,0.0,6.0,0
2023-05-09 06:00:00,3.2,0,0.0,6.2,8
2023-05-09 07:00:00,4.8,2,0.0,5.9,100
2023-05-09 08:00:00,6.9,0,0.0,6.8,256
2023-05-09 09:00:00,9.0,0,0.0,7.3,427
2023-05-09 10:00:00,11.1,0,0.0,8.0,587
2023-05-09 11:00:00,13.2,0,0.0,9.8,720
2023-05-09 12:00:00,15.0,1,0.0,12.1,812
2023-05-09 13:00:00,16.6,6,0.0,13.2,853
2023-05-09 14:00:00,17.8,20,0.0,13.5,837
2023-05-09 15:00:00,18.5,0,0.0,15.8,803
2023-05-09 16:00:00,18.5,3,0.0,18.1,705
2023-05-09 17:00:00,18.1,3,0.0,20.2,566
2023-05-09 18:00:00,17.5,0,0.0,21.9,409
2023-05-09 19:00:00,16.4,1,0.0,20.9,244
2023-05-09 20:00:00,14.8,0,0.0,15.4,92
2023-05-09 21:00:00,13.2,0,0.0,15.6,6
2023-05-09 22:00:00,12.2,0,0.0,16.7,0
2023-05-09 23:00:00,11.6,0,0.0,16.4,0
2023-05-10 00:00:00,11.0,0,0.0,15.1,0
2023-05-10 01:00:00,10.6,0,0.0,14.6,0
2023-05-10 02:00:00,9.6,0,0.0,11.1,0
2023-05-10 03:00:00,9.6,22,0.0,11.0,0
2023-05-10 04:00:00,9.2,0,0.0,11.4,0
2023-05-10 05:00:00,8.7,0,0.0,10.8,0
2023-05-10 06:00:00,8.4,0,0.0,8.8,9
2023-05-10 07:00:00,10.1,0,0.0,13.6,100
2023-05-10 08:00:00,12.1,1,0.0,13.8,255
2023-05-10 09:00:00,13.9,5,0.0,15.1,429
2023-05-10 10:00:00,15.7,32,0.0,14.9,588
2023-05-10 11:00:00,17.3,95,0.0,14.6,722
2023-05-10 12:00:00,18.6,99,0.0,14.1,797
2023-05-10 13:00:00,20.1,100,0.0,13.8,712
2023-05-10 14:00:00,19.9,100,0.0,14.5,535
2023-05-10 15:00:00,19.6,100,0.0,16.3,409
2023-05-10 16:00:00,18.6,100,0.0,18.9,222
2023-05-10 17:00:00,18.2,100,0.0,18.1,193
2023-05-10 18:00:00,18.5,100,0.0,18.4,277
2023-05-10 19:00:00,17.4,100,0.0,17.4,135
2023-05-10 20:00:00,16.6,100,0.0,12.2,62
2023-05-10 21:00:00,15.3,100,0.0,8.5,5
2023-05-10 22:00:00,14.9,100,0.0,9.7,0
2023-05-10 23:00:00,14.9,100,0.0,12.0,0
2023-05-11 00:00:00,14.9,100,0.0,13.4,0
2023-05-11 01:00:00,14.9,100,0.0,13.4,0
2023-05-11 02:00:00,14.4,100,0.0,12.2,0
2023-05-11 03:00:00,12.6,73,0.0,6.2,0
2023-05-11 04:00:00,12.4,100,0.0,7.6,0
2023-05-11 05:00:00,12.9,100,0.0,9.4,0
2023-05-11 06:00:00,13.1,100,0.0,11.4,2
2023-05-11 07:00:00,13.4,100,0.0,12.4,40
2023-05-11 08:00:00,14.1,100,0.0,13.3,122
2023-05-11 09:00:00,14.8,100,0.0,14.0,217
2023-05-11 10:00:00,17.0,99,0.0,14.9,484
2023-05-11 11:00:00,18.4,98,0.1,22.3,595
2023-05-11 12:00:00,18.6,100,0.0,22.4,538
2023-05-11 13:00:00,18.6,97,0.0,19.7,440
2023-05-11 14:00:00,19.5,100,0.0,18.0,357
2023-05-11 15:00:00,19.9,99,0.0,18.2,458
2023-05-11 16:00:00,19.7,100,0.0,21.6,506
2023-05-11 17:00:00,18.1,100,0.0,19.6,162
2023-05-11 18:00:00,18.3,100,0.0,18.8,259
2023-05-11 19:00:00,17.5,100,0.0,16.1,120
2023-05-11 20:00:00,16.6,100,0.0,9.8,62
2023-05-11 21:00:00,14.2,100,0.0,7.6,7
2023-05-11 22:00:00,12.8,97,0.0,7.9,0
2023-05-11 23:00:00,11.7,93,0.0,7.7,0
2023-05-12 00:00:00,11.3,96,0.0,8.1,0
2023-05-12 01:00:00,10.9,68,0.0,7.9,0
2023-05-12 02:00:00,9.6,48,0.0,7.9,0
2023-05-12 03:00:00,10.9,100,0.0,3.5,0
2023-05-12 04:00:00,11.6,100,0.0,5.1,0
2023-05-12 05:00:00,11.8,100,0.0,5.0,0
2023-05-12 06:00:00,11.9,85,0.0,3.3,3
2023-05-12 07:00:00,12.3,41,0.0,6.0,68
2023-05-12 08:00:00,14.1,89,0.0,7.2,246
2023-05-12 09:00:00,15.9,68,0.0,9.2,411
2023-05-12 10:00:00,17.0,87,0.3,15.9,580
2023-05-12 11:00:00,16.7,87,0.2,18.0,471
2023-05-12 12:00:00,17.5,97,0.1,18.1,639
2023-05-12 13:00:00,18.0,100,0.1,18.7,611
2023-05-12 14:00:00,19.1,100,0.1,14.4,604
2023-05-12 15:00:00,19.1,100,0.1,14.2,655
2023-05-12 16:00:00,19.1,100,0.0,14.7,574
2023-05-12 17:00:00,17.3,97,0.0,15.5,359
2023-05-12 18:00:00,17.0,99,0.0,13.1,311
2023-05-12 19:00:00,15.9,100,0.0,14.0,188
2023-05-12 20:00:00,14.6,100,0.0,10.1,75
2023-05-12 21:00:00,13.1,100,0.0,9.0,7
2023-05-12 22:00:00,12.1,99,0.0,8.4,0
2023-05-12 23:00:00,10.9,83,0.0,7.2,0
2023-05-13 00:00:00,10.5,82,0.0,6.4,0
2023-05-13 01:00:00,10.5,100,0.0,6.7,0
2023-05-13 02:00:00,10.4,79,0.0,3.9,0
2023-05-13 03:00:00,10.5,100,0.0,10.0,0
2023-05-13 04:00:00,9.8,100,0.0,9.2,0
2023-05-13 05:00:00,9.4,100,0.0,9.5,0
2023-05-13 06:00:00,9.6,100,0.0,10.1,8
2023-05-13 07:00:00,10.6,100,0.0,9.7,62
2023-05-13 08:00:00,11.8,88,0.0,9.3,149
2023-05-13 09:00:00,13.4,100,0.0,12.4,325
2023-05-13 10:00:00,14.1,100,0.0,15.3,327
2023-05-13 11:00:00,13.5,100,0.0,14.7,200
2023-05-13 12:00:00,14.6,100,0.1,15.6,319
2023-05-13 13:00:00,15.2,100,0.0,17.2,341
2023-05-13 14:00:00,14.8,100,0.0,15.3,462
2023-05-13 15:00:00,15.6,87,0.0,17.9,356
2023-05-13 16:00:00,16.3,100,0.0,18.0,328
2023-05-13 17:00:00,16.5,81,0.0,17.7,287
2023-05-13 18:00:00,16.3,100,0.0,17.6,219
2023-05-13 19:00:00,15.7,63,0.0,16.9,138
2023-05-13 20:00:00,14.8,13,0.0,12.6,68
2023-05-13 21:00:00,12.6,9,0.0,9.7,9
2023-05-13 22:00:00,11.4,24,0.0,9.6,0
2023-05-13 23:00:00,10.4,37,0.0,7.6,0
2023-05-14 00:00:00,9.4,32,0.0,6.4,0
2023-05-14 01:00:00,8.9,38,0.0,6.8,0
2023-05-14 02:00:00,9.2,35,0.0,5.9,0
2023-05-14 03:00:00,9.1,27,0.0,6.5,0
2023-05-14 04:00:00,8.4,43,0.0,6.8,0
2023-05-14 05:00:00,8.0,42,0.0,5.4,0
2023-05-14 06:00:00,8.0,40,0.0,7.8,10
2023-05-14 07:00:00,9.3,27,0.0,8.3,96
2023-05-14 08:00:00,11.5,31,0.0,10.5,246
2023-05-14 09:00:00,13.6,18,0.0,13.0,396
2023-05-14 10:00:00,15.4,45,0.1,15.1,574
2023-05-14 11:00:00,16.3,59,0.1,14.1,609
2023-05-14 12:00:00,17.5,16,0.0,10.9,649
2023-05-14 13:00:00,18.3,69,0.0,14.0,717
2023-05-14 14:00:00,17.2,64,0.0,12.6,521
2023-05-14 15:00:00,17.5,100,0.0,12.0,464
2023-05-14 16:00:00,17.1,100,0.0,10.5,274
2023-05-14 17:00:00,15.9,100,0.5,14.7,391
2023-05-14 18:00:00,14.6,100,0.9,12.2,116
2023-05-14 19:00:00,13.8,100,0.4,13.6,61
2023-05-14 20:00:00,12.4,100,0.9,9.5,27
2023-05-14 21:00:00,11.9,100,0.9,4.3,2
2023-05-14 22:00:00,11.8,100,0.4,1.5,0
2023-05-14 23:00:00,11.0,99,0.1,6.2,0
2023-05-15 00:00:00,10.5,100,0.0,7.3,0
2023-05-15 01:00:00,10.8,100,0.0,8.9,0
2023-05-15 02:00:00,10.6,100,0.2,7.0,0
2023-05-15 03:00:00,10.6,100,1.2,9.5,0
2023-05-15 04:00:00,10.6,100,1.2,11.3,0
2023-05-15 05:00:00,10.6,100,1.2,10.6,0
2023-05-15 06:00:00,10.6,100,1.0,10.7,2
2023-05-15 07:00:00,10.8,100,0.9,10.9,16
2023-05-15 08:00:00,11.1,100,0.6,9.4,49
2023-05-15 09:00:00,11.4,100,0.9,9.1,75
2023-05-15 10:00:00,11.7,100,1.0,11.5,87
2023-05-15 11:00:00,12.3,100,0.8,12.4,147
2023-05-15 12:00:00,13.4,100,0.4,13.9,221
2023-05-15 13:00:00,14.1,100,0.4,16.2,307
2023-05-15 14:00:00,14.9,100,0.0,10.0,422
2023-05-15 15:00:00,16.2,29,0.1,9.4,373
2023-05-15 16:00:00,16.2,41,0.4,14.8,509
2023-05-15 17:00:00,16.9,79,0.0,11.8,446
2023-05-15 18:00:00,16.6,11,0.0,11.7,286
2023-05-15 19:00:00,16.2,67,0.3,14.2,232
2023-05-15 20:00:00,14.4,16,0.0,13.8,86
2023-05-15 21:00:00,13.1,22,0.0,13.2,10
2023-05-15 22:00:00,12.2,20,0.0,13.7,0
2023-05-15 23:00:00,11.6,0,0.0,12.9,0
2023-05-16 00:00:00,10.9,1,0.0,10.5,0
2023-05-16 01:00:00,10.3,8,0.0,10.2,0
2023-05-16 02:00:00,9.7,4,0.0,12.8,0
2023-05-16 03:00:00,9.2,67,0.0,11.8,0
2023-05-16 04:00:00,9.1,96,0.0,11.3,0
2023-05-16 05:00:00,8.9,100,0.0,9.5,0
2023-05-16 06:00:00,9.4,99,0.0,7.6,12
2023-05-16 07:00:00,11.0,99,0.0,9.7,97
2023-05-16 08:00:00,12.9,7,0.0,10.0,239
2023-05-16 09:00:00,14.2,89,0.0,13.8,426
2023-05-16 10:00:00,15.9,98,0.0,12.2,556
2023-05-16 11:00:00,16.9,99,0.0,13.0,628
2023-05-16 12:00:00,17.6,100,0.0,13.0,702
2023-05-16 13:00:00,18.0,100,0.0,14.4,643
2023-05-16 14:00:00,14.9,100,0.0,15.7,581
2023-05-16 15:00:00,14.7,100,0.0,20.2,217
2023-05-16 16:00:00,13.8,100,0.1,23.4,249
2023-05-16 17:00:00,12.9,100,0.1,22.0,206
2023-05-16 18:00:00,12.4,100,0.1,21.6,142
2023-05-16 19:00:00,12.0,100,0.2,19.4,79
2023-05-16 20:00:00,11.4,100,0.5,17.7,17
2023-05-16 21:00:00,10.8,100,0.7,17.5,3
2023-05-16 22:00:00,10.3,100,0.5,17.7,0
2023-05-16 23:00:00,9.9,100,0.3,16.9,0
2023-05-17 00:00:00,9.8,100,0.2,14.3,0
2023-05-17 01:00:00,9.7,100,0.1,15.1,0
2023-05-17 02:00:00,9.6,100,0.0,11.5,0
2023-05-17 03:00:00,9.2,100,0.3,18.9,0
2023-05-17 04:00:00,8.6,100,0.0,17.8,0
2023-05-17 05:00:00,7.8,100,0.0,16.1,0
2023-05-17 06:00:00,7.2,95,0.0,14.5,12
2023-05-17 07:00:00,7.6,95,0.0,15.7,94
2023-05-17 08:00:00,8.4,95,0.0,19.4,231
2023-05-17 09:00:00,9.9,100,0.0,23.0,403
2023-05-17 10:00:00,10.5,100,0.0,21.8,357
2023-05-17 11:00:00,11.8,100,0.0,20.9,488
2023-05-17 12:00:00,12.6,100,0.0,21.7,522
2023-05-17 13:00:00,12.7,100,0.0,21.4,415
2023-05-17 14:00:00,12.6,100,0.0,19.9,413
2023-05-17 15:00:00,12.5,100,0.0,18.3,252
2023-05-17 16:00:00,13.1,100,0.0,21.2,309
2023-05-17 17:00:00,13.1,100,0.0,19.2,312
2023-05-17 18:00:00,13.1,100,0.0,17.0,242
2023-05-17 19:00:00,13.0,100,0.0,13.9,148
2023-05-17 20:00:00,12.2,100,0.0,11.2,63
2023-05-17 21:00:00,11.5,100,0.0,14.0,7
2023-05-17 22:00:00,10.7,100,0.0,10.5,0
2023-05-17 23:00:00,9.9,100,0.0,10.9,0
2023-05-18 00:00:00,9.5,100,0.0,12.6,0
2023-05-18 01:00:00,8.9,100,0.0,13.0,0
2023-05-18 02:00:00,7.7,100,0.0,9.8,0
2023-05-18 03:00:00,7.3,100,0.0,9.4,0
2023-05-18 04:00:00,7.1,97,0.0,8.0,0
2023-05-18 05:00:00,6.6,100,0.0,7.6,0
2023-05-18 06:00:00,6.6,99,0.0,8.4,14
2023-05-18 07:00:00,7.9,65,0.0,9.4,93
2023-05-18 08:00:00,9.1,24,0.0,10.2,252
2023-05-18 09:00:00,10.6,51,0.0,11.6,438
2023-05-18 10:00:00,11.6,100,0.0,13.0,476
2023-05-18 11:00:00,12.2,100,0.0,11.2,426
2023-05-18 12:00:00,12.8,98,0.0,10.0,404
2023-05-18 13:00:00,14.0,93,0.0,9.5,499
2023-05-18 14:00:00,13.2,96,0.0,8.7,676
2023-05-18 15:00:00,14.6,100,0.0,10.7,564
2023-05-18 16:00:00,14.8,100,0.0,10.4,462
2023-05-18 17:00:00,14.9,98,0.0,10.5,340
2023-05-18 18:00:00,15.1,100,0.0,10.3,346
2023-05-18 19:00:00,14.6,99,0.0,9.1,159
2023-05-18 20:00:00,12.9,100,0.0,14.5,53
2023-05-18 21:00:00,12.1,100,0.0,11.9,4
2023-05-18 22:00:00,11.5,100,0.0,8.7,0
2023-05-18 23:00:00,11.0,100,0.0,4.5,0
2023-05-19 00:00:00,10.6,100,0.0,3.6,0
2023-05-19 01:00:00,10.4,100,0.0,6.6,0
2023-05-19 02:00:00,10.0,100,0.0,4.2,0
2023-05-19 03:00:00,10.0,100,0.0,3.6,0
2023-05-19 04:00:00,9.7,100,0.0,6.1,0
2023-05-19 05:00:00,9.4,100,0.1,6.6,0
2023-05-19 06:00:00,9.4,100,0.0,10.5,5
2023-05-19 07:00:00,9.9,3,0.0,12.4,56
2023-05-19 08:00:00,10.8,11,0.0,14.2,267
2023-05-19 09:00:00,11.8,3,0.0,13.1,430
2023-05-19 10:00:00,13.7,73,0.0,13.9,575
2023-05-19 11:00:00,14.4,100,0.0,14.3,586
2023-05-19 12:00:00,15.1,100,0.0,15.3,579
2023-05-19 13:00:00,15.4,100,0.0,16.0,516
2023-05-19 14:00:00,15.8,100,0.0,16.3,436
2023-05-19 15:00:00,15.4,100,0.1,17.3,339
2023-05-19 16:00:00,15.2,100,0.0,17.4,255
2023-05-19 17:00:00,15.2,100,0.0,18.2,207
2023-05-19 18:00:00,14.9,100,0.0,16.9,102
2023-05-19 19:00:00,15.0,100,0.0,14.7,69
2023-05-19 20:00:00,14.6,100,0.0,14.6,27
2023-05-19 21:00:00,13.4,100,0.0,16.8,4
2023-05-19 22:00:00,13.0,48,0.0,16.6,0
2023-05-19 23:00:00,11.8,52,0.0,14.7,0
2023-05-20 00:00:00,11.1,28,0.0,13.8,0
2023-05-20 01:00:00,10.2,38,0.0,13.2,0
2023-05-20 02:00:00,9.5,80,0.0,13.1,0
2023-05-20 03:00:00,9.2,17,0.0,13.5,0
2023-05-20 04:00:00,8.8,42,0.0,13.7,0
2023-05-20 05:00:00,8.4,7,0.0,14.1,0
2023-05-20 06:00:00,8.4,44,0.0,15.4,17
2023-05-20 07:00:00,9.9,95,0.0,17.9,116
2023-05-20 08:00:00,11.5,47,0.0,15.8,220
2023-05-20 09:00:00,13.6,35,0.0,13.2,422
2023-05-20 10:00:00,16.0,40,0.0,14.0,576
2023-05-20 11:00:00,18.4,75,0.0,15.8,713
2023-05-20 12:00:00,20.4,54,0.0,18.9,783
2023-05-20 13:00:00,21.7,22,0.0,20.9,783
2023-05-20 14:00:00,23.1,88,0.0,21.0,765
2023-05-20 15:00:00,23.5,77,0.0,23.2,601
2023-05-20 16:00:00,22.5,90,0.3,21.2,495
2023-05-20 17:00:00,20.2,100,0.0,18.4,426
2023-05-20 18:00:00,19.5,100,1.1,11.2,281
2023-05-20 19:00:00,20.2,100,0.0,18.4,176
2023-05-20 20:00:00,18.8,100,0.0,15.2,91
2023-05-20 21:00:00,17.0,100,0.0,14.3,12
2023-05-20 22:00:00,16.3,100,0.0,14.0,0
2023-05-20 23:00:00,15.5,94,0.0,10.8,0
2023-05-21 00:00:00,14.4,99,0.0,9.7,0
2023-05-21 01:00:00,13.5,100,0.0,9.4,0
2023-05-21 02:00:00,13.2,100,0.0,8.0,0
2023-05-21 03:00:00,12.9,69,0.0,8.0,0
2023-05-21 04:00:00,12.4,51,0.0,7.1,0
2023-05-21 05:00:00,11.8,16,0.0,7.6,0
2023-05-21 06:00:00,11.9,8,0.0,8.1,19
2023-05-21 07:00:00,13.8,79,0.0,9.5,121
2023-05-21 08:00:00,16.3,100,0.0,8.6,270
2023-05-21 09:00:00,18.8,100,0.0,10.1,419
2023-05-21 10:00:00,21.1,100,0.0,10.8,568
2023-05-21 11:00:00,23.0,83,0.0,11.4,701
2023-05-21 12:00:00,24.4,9,0.0,12.4,788
2023-05-21 13:00:00,24.8,34,0.0,14.1,789
2023-05-21 14:00:00,22.0,99,0.0,12.0,789
2023-05-21 15:00:00,24.2,36,0.0,10.7,641
2023-05-21 16:00:00,25.4,25,0.0,14.3,584
2023-05-21 17:00:00,25.2,15,0.0,18.2,512
2023-05-21 18:00:00,24.5,14,0.0,18.7,389
2023-05-21 19:00:00,23.5,0,0.0,18.0,243
2023-05-21 20:00:00,21.4,1,0.0,18.8,116
2023-05-21 21:00:00,19.1,1,0.0,17.3,17
2023-05-21 22:00:00,17.8,2,0.0,13.7,0
2023-05-21 23:00:00,16.6,1,0.0,11.9,0
2023-05-22 00:00:00,15.7,9,0.0,9.4,0
2023-05-22 01:00:00,14.8,1,0.0,7.6,0
2023-05-22 02:00:00,13.7,98,0.0,9.4,0
2023-05-22 03:00:00,12.9,4,0.0,6.1,0
2023-05-22 04:00:00,12.9,64,0.0,6.6,0
2023-05-22 05:00:00,12.5,19,0.0,7.2,0
2023-05-22 06:00:00,12.9,0,0.0,9.8,20
2023-05-22 07:00:00,14.8,0,0.0,8.3,123
2023-05-22 08:00:00,17.2,3,0.0,6.5,272
2023-05-22 09:00:00,19.6,32,0.0,8.0,433
2023-05-22 10:00:00,21.5,60,0.0,10.0,581
2023-05-22 11:00:00,23.1,55,0.0,11.7,700
2023-05-22 12:00:00,24.5,39,0.0,12.3,797
2023-05-22 13:00:00,25.5,4,0.0,13.7,844
2023-05-22 14:00:00,26.0,14,0.0,12.8,822
2023-05-22 15:00:00,26.2,100,0.0,13.0,709
2023-05-22 16:00:00,26.1,100,0.0,12.0,613
2023-05-22 17:00:00,22.4,100,0.6,16.9,500
2023-05-22 18:00:00,23.0,100,0.0,8.6,227
2023-05-22 19:00:00,22.9,100,0.0,11.3,171
2023-05-22 20:00:00,21.8,100,0.0,8.9,69
2023-05-22 21:00:00,19.9,100,0.0,8.0,13
2023-05-22 22:00:00,18.5,91,0.0,8.4,0
2023-05-22 23:00:00,17.6,88,0.0,6.5,0
2023-05-23 00:00:00,16.3,54,0.0,5.6,0
2023-05-23 01:00:00,15.4,71,0.0,5.4,0
2023-05-23 02:00:00,16.1,100,0.0,9.7,0
2023-05-23 03:00:00,15.6,100,0.0,9.6,0
2023-05-23 04:00:00,15.1,81,0.0,6.8,0
2023-05-23 05:00:00,14.4,33,0.0,8.6,0
2023-05-23 06:00:00,13.9,2,0.0,4.8,18
2023-05-23 07:00:00,14.9,13,0.1,6.2,121
2023-05-23 08:00:00,16.6,27,0.0,4.8,256
2023-05-23 09:00:00,18.9,30,0.0,5.4,411
2023-05-23 10:00:00,21.2,75,0.0,10.7,566
2023-05-23 11:00:00,22.5,42,0.0,13.1,678
2023-05-23 12:00:00,22.9,60,0.0,12.5,618
2023-05-23 13:00:00,23.5,28,0.0,15.3,666
2023-05-23 14:00:00,19.0,100,0.0,7.3,834
2023-05-23 15:00:00,20.0,71,0.1,6.7,146
2023-05-23 16:00:00,21.6,81,0.1,14.9,420
2023-05-23 17:00:00,20.9,31,0.1,17.1,294
2023-05-23 18:00:00,21.3,27,0.0,19.9,360
2023-05-23 19:00:00,19.4,59,0.0,24.5,202
2023-05-23 20:00:00,17.6,100,0.0,24.5,89
2023-05-23 21:00:00,15.9,66,0.0,17.7,14
2023-05-23 22:00:00,15.3,100,0.0,17.4,0
2023-05-23 23:00:00,14.2,100,0.0,17.1,0
2023-05-24 00:00:00,13.7,100,0.0,17.1,0
2023-05-24 01:00:00,13.4,100,0.0,16.1,0
2023-05-24 02:00:00,12.2,100,0.0,15.6,0
2023-05-24 03:00:00,11.7,50,0.0,14.0,0
2023-05-24 04:00:00,10.9,99,0.0,11.3,0
2023-05-24 05:00:00,10.7,100,0.0,10.9,0
2023-05-24 06:00:00,10.6,100,0.0,13.4,13
2023-05-24 07:00:00,10.4,100,0.0,15.4,94
2023-05-24 08:00:00,10.4,100,0.0,13.7,160
2023-05-24 09:00:00,10.9,100,0.0,13.0,257
2023-05-24 10:00:00,12.3,94,0.0,11.8,417
2023-05-24 11:00:00,13.6,100,0.0,10.7,604
2023-05-24 12:00:00,14.6,89,0.0,10.1,717
2023-05-24 13:00:00,15.4,92,0.0,9.7,813
2023-05-24 14:00:00,15.1,94,0.0,11.1,841
2023-05-24 15:00:00,15.6,100,0.0,10.5,614
2023-05-24 16:00:00,15.5,12,0.0,10.7,482
2023-05-24 17:00:00,15.9,7,0.0,9.8,576
2023-05-24 18:00:00,15.8,14,0.0,11.2,422
2023-05-24 19:00:00,14.9,6,0.0,14.3,279
2023-05-24 20:00:00,13.6,24,0.0,14.2,126
2023-05-24 21:00:00,12.3,51,0.0,11.5,21
2023-05-24 22:00:00,11.4,26,0.0,11.3,0
2023-05-24 23:00:00,10.3,72,0.0,9.1,0
2023-05-25 00:00:00,9.6,6,0.0,7.2,0
2023-05-25 01:00:00,8.6,6,0.0,5.2,0
2023-05-25 02:00:00,8.1,0,0.0,5.2,0
2023-05-25 03:00:00,7.2,0,0.0,5.2,0
2023-05-25 04:00:00,6.7,0,0.0,5.8,0
2023-05-25 05:00:00,6.3,3,0.0,5.4,0
2023-05-25 06:00:00,7.7,4,0.0,8.5,23
2023-05-25 07:00:00,9.4,0,0.0,10.2,130
2023-05-25 08:00:00,11.1,0,0.0,11.5,283
2023-05-25 09:00:00,13.2,0,0.0,10.0,446
2023-05-25 10:00:00,14.9,0,0.0,6.9,602
2023-05-25 11:00:00,16.3,0,0.0,4.7,732
2023-05-25 12:00:00,17.7,0,0.0,5.0,828
2023-05-25 13:00:00,18.9,0,0.0,6.6,871
2023-05-25 14:00:00,20.0,7,0.0,9.0,872
2023-05-25 15:00:00,20.9,0,0.0,11.2,816
2023-05-25 16:00:00,21.1,1,0.0,12.3,722
2023-05-25 17:00:00,21.0,5,0.0,13.0,589
2023-05-25 18:00:00,20.5,17,0.0,16.3,433
2023-05-25 19:00:00,19.3,6,0.0,17.3,274
2023-05-25 20:00:00,18.1,0,0.0,13.3,125
2023-05-25 21:00:00,15.8,0,0.0,6.2,22
2023-05-25 22:00:00,14.2,14,0.0,6.5,0
2023-05-25 23:00:00,13.7,53,0.0,8.1,0
2023-05-26 00:00:00,12.9,19,0.0,8.7,0
2023-05-26 01:00:00,12.1,9,0.0,8.8,0
2023-05-26 02:00:00,11.8,10,0.0,10.8,0
2023-05-26 03:00:00,11.4,0,0.0,11.2,0
2023-05-26 04:00:00,10.9,0,0.0,9.4,0
2023-05-26 05:00:00,10.4,0,0.0,9.6,0
2023-05-26 06:00:00,10.7,67,0.0,10.6,24
2023-05-26 07:00:00,12.1,95,0.0,11.2,126
2023-05-26 08:00:00,13.8,78,0.0,11.9,273
2023-05-26 09:00:00,15.8,37,0.0,11.6,433
2023-05-26 10:00:00,17.8,0,0.0,10.4,587
2023-05-26 11:00:00,19.5,58,0.0,11.9,719
2023-05-26 12:00:00,20.5,57,0.0,13.1,734
2023-05-26 13:00:00,21.0,100,0.0,14.3,663
2023-05-26 14:00:00,21.0,100,0.0,13.7,685
2023-05-26 15:00:00,21.8,15,0.0,14.6,748
2023-05-26 16:00:00,22.1,37,0.0,16.3,690
2023-05-26 17:00:00,21.2,18,0.0,19.3,521
2023-05-26 18:00:00,20.9,8,0.0,17.1,320
2023-05-26 19:00:00,19.8,17,0.0,20.8,273
2023-05-26 20:00:00,18.6,6,0.0,18.0,108
2023-05-26 21:00:00,16.7,2,0.0,14.6,22
2023-05-26 22:00:00,15.1,0,0.0,10.2,0
2023-05-26 23:00:00,13.8,0,0.0,9.4,0
2023-05-27 00:00:00,12.9,0,0.0,11.7,0
2023-05-27 01:00:00,11.9,0,0.0,10.7,0
2023-05-27 02:00:00,11.1,0,0.0,10.8,0
2023-05-27 03:00:00,10.4,0,0.0,10.2,0
2023-05-27 04:00:00,9.4,0,0.0,8.3,0
2023-05-27 05:00:00,8.5,0,0.0,6.1,0
2023-05-27 06:00:00,8.9,2,0.0,7.3,26
2023-05-27 07:00:00,10.4,1,0.0,7.3,138
2023-05-27 08:00:00,12.2,0,0.0,9.7,297
2023-05-27 09:00:00,13.9,0,0.0,11.1,466
2023-05-27 10:00:00,15.4,0,0.0,9.9,624
2023-05-27 11:00:00,16.7,0,0.0,9.0,753
2023-05-27 12:00:00,17.9,0,0.0,8.7,843
2023-05-27 13:00:00,19.0,0,0.0,8.0,886
2023-05-27 14:00:00,19.8,0,0.0,8.6,881
2023-05-27 15:00:00,20.7,0,0.0,9.2,832
2023-05-27 16:00:00,21.0,0,0.0,10.7,737
2023-05-27 17:00:00,20.8,0,0.0,13.4,605
2023-05-27 18:00:00,20.1,1,0.0,10.2,445
2023-05-27 19:00:00,20.3,24,0.0,4.7,284
2023-05-27 20:00:00,19.0,11,0.0,8.3,133
2023-05-27 21:00:00,16.3,0,0.0,12.1,24
2023-05-27 22:00:00,14.9,0,0.0,13.1,0
2023-05-27 23:00:00,13.8,0,0.0,11.3,0
2023-05-28 00:00:00,12.4,0,0.0,7.7,0
2023-05-28 01:00:00,11.2,0,0.0,6.1,0
2023-05-28 02:00:00,9.8,0,0.0,6.9,0
2023-05-28 03:00:00,8.9,0,0.0,6.4,0
2023-05-28 04:00:00,9.5,0,0.0,4.8,0
2023-05-28 05:00:00,7.8,0,0.0,6.4,0
2023-05-28 06:00:00,8.8,0,0.0,4.6,27
2023-05-28 07:00:00,10.4,0,0.0,3.1,140
2023-05-28 08:00:00,12.9,0,0.0,4.2,295
2023-05-28 09:00:00,15.5,0,0.0,5.3,461
2023-05-28 10:00:00,17.8,0,0.0,5.5,615
2023-05-28 11:00:00,19.6,0,0.0,7.4,742
2023-05-28 12:00:00,20.8,0,0.0,9.9,834
2023-05-28 13:00:00,21.7,0,0.0,10.4,882
2023-05-28 14:00:00,22.0,0,0.0,10.2,882
2023-05-28 15:00:00,22.6,0,0.0,10.1,837
2023-05-28 16:00:00,22.8,0,0.0,11.1,743
2023-05-28 17:00:00,22.8,0,0.0,11.2,612
2023-05-28 18:00:00,22.4,0,0.0,10.6,456
2023-05-28 19:00:00,21.9,3,0.0,9.1,291
2023-05-28 20:00:00,20.8,4,0.0,9.7,136
2023-05-28 21:00:00,17.5,0,0.0,5.4,26
2023-05-28 22:00:00,15.6,0,0.0,5.1,0
2023-05-28 23:00:00,13.9,0,0.0,6.4,0
2023-05-29 00:00:00,12.8,0,0.0,6.2,0
2023-05-29 01:00:00,11.8,0,0.0,6.6,0
2023-05-29 02:00:00,11.8,0,0.0,5.8,0
2023-05-29 03:00:00,10.7,0,0.0,6.6,0
2023-05-29 04:00:00,11.1,0,0.0,5.1,0
2023-05-29 05:00:00,10.5,0,0.0,4.3,0
2023-05-29 06:00:00,10.1,0,0.0,3.3,28
2023-05-29 07:00:00,12.1,0,0.0,4.5,142
2023-05-29 08:00:00,14.9,0,0.0,3.1,298
2023-05-29 09:00:00,17.8,0,0.0,5.0,465
2023-05-29 10:00:00,20.1,0,0.0,9.1,619
2023-05-29 11:00:00,21.4,0,0.0,10.3,748
2023-05-29 12:00:00,22.5,0,0.0,10.2,839
2023-05-29 13:00:00,23.4,0,0.0,9.6,884
2023-05-29 14:00:00,23.6,0,0.0,8.9,882
2023-05-29 15:00:00,24.5,1,0.0,10.5,826
2023-05-29 16:00:00,24.9,20,0.0,11.3,725
2023-05-29 17:00:00,24.8,56,0.0,18.0,587
2023-05-29 18:00:00,23.1,76,0.0,23.5,426
2023-05-29 19:00:00,23.4,100,0.0,16.2,233
2023-05-29 20:00:00,21.6,100,0.0,19.9,107
2023-05-29 21:00:00,19.8,100,0.0,16.4,20
2023-05-29 22:00:00,18.1,100,0.0,11.5,0
2023-05-29 23:00:00,16.8,100,0.0,7.1,0
2023-05-30 00:00:00,16.2,100,0.0,8.0,0
2023-05-30 01:00:00,15.6,100,0.0,11.2,0
2023-05-30 02:00:00,15.4,100,0.0,11.6,0
2023-05-30 03:00:00,14.8,100,0.0,10.1,0
2023-05-30 04:00:00,13.6,100,0.0,9.7,0
2023-05-30 05:00:00,13.1,100,0.0,9.4,0
2023-05-30 06:00:00,13.1,78,0.0,10.6,22
2023-05-30 07:00:00,14.0,88,0.0,12.1,128
2023-05-30 08:00:00,15.3,91,0.0,13.0,243
2023-05-30 09:00:00,17.2,26,0.0,14.0,406
2023-05-30 10:00:00,19.1,16,0.0,15.2,582
2023-05-30 11:00:00,20.6,40,0.0,14.5,726
2023-05-30 12:00:00,21.5,34,0.0,15.7,763
2023-05-30 13:00:00,21.7,14,0.0,17.2,774
2023-05-30 14:00:00,21.6,6,0.0,15.4,771
2023-05-30 15:00:00,22.1,3,0.0,16.1,820
2023-05-30 16:00:00,22.2,0,0.0,17.1,745
2023-05-30 17:00:00,22.3,0,0.0,18.0,616
2023-05-30 18:00:00,21.4,0,0.0,19.8,445
2023-05-30 19:00:00,20.7,4,0.0,21.1,290
2023-05-30 20:00:00,19.7,7,0.0,19.4,138
2023-05-30 21:00:00,18.0,3,0.0,13.1,28
2023-05-30 22:00:00,16.0,0,0.0,6.9,0
2023-05-30 23:00:00,14.0,0,0.0,6.1,0
2023-05-31 00:00:00,14.8,0,0.0,3.8,0
2023-05-31 01:00:00,14.4,0,0.0,2.5,0
2023-05-31 02:00:00,11.2,0,0.0,7.1,0
2023-05-31 03:00:00,9.6,0,0.0,8.4,0
2023-05-31 04:00:00,9.1,0,0.0,7.9,0
2023-05-31 05:00:00,9.4,0,0.0,6.5,0
2023-05-31 06:00:00,9.9,0,0.0,2.9,29
2023-05-31 07:00:00,12.2,0,0.0,3.5,142
2023-05-31 08:00:00,14.8,0,0.0,5.4,297
2023-05-31 09:00:00,17.4,0,0.0,9.7,461
2023-05-31 10:00:00,19.5,0,0.0,13.2,614
2023-05-31 11:00:00,21.0,5,0.0,13.8,742
2023-05-31 12:00:00,22.1,0,0.0,14.4,834
2023-05-31 13:00:00,23.0,0,0.0,13.7,882
2023-05-31 14:00:00,23.5,0,0.0,10.6,881
2023-05-31 15:00:00,24.2,0,0.0,11.1,834
2023-05-31 16:00:00,24.6,28,0.0,12.0,742
2023-05-31 17:00:00,24.6,8,0.0,12.5,614
2023-05-31 18:00:00,24.1,65,0.0,12.0,462
2023-05-31 19:00:00,23.5,99,0.0,11.5,296
2023-05-31 20:00:00,22.3,100,0.0,10.9,137
2023-05-31 21:00:00,20.0,100,0.0,10.0,26
2023-05-31 22:00:00,18.2,100,0.0,8.6,0
2023-05-31 23:00:00,16.4,100,0.0,6.2,0
2023-06-01 00:00:00,15.4,14,0.0,5.9,0
2023-06-01 01:00:00,14.2,0,0.0,5.2,0
2023-06-01 02:00:00,13.4,12,0.0,5.5,0
2023-06-01 03:00:00,12.2,98,0.0,8.4,0
2023-06-01 04:00:00,11.3,99,0.0,5.6,0
2023-06-01 05:00:00,10.7,84,0.0,5.9,0
2023-06-01 06:00:00,12.5,100,0.0,5.1,28
2023-06-01 07:00:00,15.1,100,0.0,4.3,124
2023-06-01 08:00:00,17.7,99,0.0,2.4,272
2023-06-01 09:00:00,20.2,100,0.0,3.1,436
2023-06-01 10:00:00,22.2,100,0.0,6.5,570
2023-06-01 11:00:00,23.2,100,0.0,6.8,619
2023-06-01 12:00:00,24.1,100,0.0,5.6,626
2023-06-01 13:00:00,24.9,100,0.0,6.2,622
2023-06-01 14:00:00,25.2,100,0.0,4.1,669
2023-06-01 15:00:00,26.3,100,0.0,4.1,687
2023-06-01 16:00:00,26.6,100,0.0,4.9,591
2023-06-01 17:00:00,26.8,100,0.0,6.3,515
2023-06-01 18:00:00,26.6,82,0.0,5.9,360
2023-06-01 19:00:00,26.6,8,0.0,4.5,270
2023-06-01 20:00:00,24.1,11,0.0,20.2,142
2023-06-01 21:00:00,21.2,0,0.0,19.4,30
2023-06-01 22:00:00,19.5,0,0.0,14.8,0
2023-06-01 23:00:00,18.2,0,0.0,10.1,0
2023-06-02 00:00:00,16.8,0,0.0,9.0,0
2023-06-02 01:00:00,15.7,0,0.0,9.0,0
2023-06-02 02:00:00,15.4,0,0.0,9.0,0
2023-06-02 03:00:00,14.4,0,0.0,9.8,0
2023-06-02 04:00:00,13.7,0,0.0,12.6,0
2023-06-02 05:00:00,12.8,0,0.0,14.2,0
2023-06-02 06:00:00,12.6,0,0.0,12.9,30
2023-06-02 07:00:00,13.5,0,0.0,15.0,143
2023-06-02 08:00:00,14.9,61,0.0,15.2,296
2023-06-02 09:00:00,16.7,82,0.0,15.8,456
2023-06-02 10:00:00,18.5,97,0.0,15.5,608
2023-06-02 11:00:00,20.4,98,0.0,15.8,730
2023-06-02 12:00:00,21.3,99,0.0,16.6,758
2023-06-02 13:00:00,22.4,79,0.0,16.2,800
2023-06-02 14:00:00,21.2,35,0.0,17.1,810
2023-06-02 15:00:00,22.0,15,0.0,17.3,786
2023-06-02 16:00:00,22.8,41,0.0,20.2,724
2023-06-02 17:00:00,19.8,100,0.0,23.9,492
2023-06-02 18:00:00,19.4,93,0.0,20.6,303
2023-06-02 19:00:00,18.6,100,0.0,21.7,206
2023-06-02 20:00:00,17.6,100,0.0,19.2,54
2023-06-02 21:00:00,16.8,94,0.0,19.7,19
2023-06-02 22:00:00,16.2,98,0.0,14.5,0
2023-06-02 23:00:00,15.8,100,0.0,10.0,0
2023-06-03 00:00:00,15.4,98,0.0,11.0,0
2023-06-03 01:00:00,15.1,81,0.0,16.8,0
2023-06-03 02:00:00,12.4,30,0.0,10.2,0
2023-06-03 03:00:00,10.9,0,0.0,8.7,0
2023-06-03 04:00:00,10.1,0,0.0,10.0,0
2023-06-03 05:00:00,9.2,0,0.0,9.7,0
2023-06-03 06:00:00,9.5,0,0.0,11.3,32
2023-06-03 07:00:00,10.8,0,0.0,13.0,148
2023-06-03 08:00:00,12.4,0,0.0,14.2,306
2023-06-03 09:00:00,14.2,0,0.0,15.7,474
2023-06-03 10:00:00,15.7,0,0.0,17.4,630
2023-06-03 11:00:00,17.1,0,0.0,17.4,759
2023-06-03 12:00:00,18.5,0,0.0,17.5,851
2023-06-03 13:00:00,19.5,0,0.0,17.7,899
2023-06-03 14:00:00,19.9,70,0.0,16.8,899
2023-06-03 15:00:00,20.5,29,0.0,16.8,853
2023-06-03 16:00:00,20.6,100,0.0,15.8,761
2023-06-03 17:00:00,20.5,100,0.0,15.8,612
2023-06-03 18:00:00,20.0,89,0.0,15.3,466
2023-06-03 19:00:00,19.4,3,0.0,14.3,309
2023-06-03 20:00:00,18.4,0,0.0,12.8,152
2023-06-03 21:00:00,16.5,0,0.0,8.4,34
2023-06-03 22:00:00,15.2,0,0.0,11.8,0
2023-06-03 23:00:00,14.4,0,0.0,11.5,0
2023-06-04 00:00:00,13.3,0,0.0,10.7,0
2023-06-04 01:00:00,12.3,0,0.0,9.6,0
2023-06-04 02:00:00,10.7,0,0.0,5.2,0
2023-06-04 03:00:00,9.1,0,0.0,5.3,0
2023-06-04 04:00:00,8.1,0,0.0,6.6,0
2023-06-04 05:00:00,7.4,0,0.0,6.6,0
2023-06-04 06:00:00,8.9,0,0.0,6.7,33
2023-06-04 07:00:00,10.9,0,0.0,5.0,148
2023-06-04 08:00:00,13.4,0,0.0,6.4,305
2023-06-04 09:00:00,15.9,0,0.0,7.5,470
2023-06-04 10:00:00,18.2,0,0.0,8.5,623
2023-06-04 11:00:00,20.0,0,0.0,11.3,752
2023-06-04 12:00:00,21.1,0,0.0,11.1,845
2023-06-04 13:00:00,22.1,0,0.0,10.4,894
2023-06-04 14:00:00,22.5,0,0.0,8.0,895
2023-06-04 15:00:00,23.4,0,0.0,9.2,852
2023-06-04 16:00:00,23.7,0,0.0,10.3,761
2023-06-04 17:00:00,23.7,0,0.0,10.8,632
2023-06-04 18:00:00,23.4,0,0.0,11.0,477
2023-06-04 19:00:00,22.7,0,0.0,11.1,311
2023-06-04 20:00:00,21.7,0,0.0,10.0,153
2023-06-04 21:00:00,19.2,99,0.0,7.3,35
2023-06-04 22:00:00,18.0,100,0.0,8.3,0
2023-06-04 23:00:00,16.7,98,0.0,8.4,0
2023-06-05 00:00:00,16.3,99,0.0,11.5,0
2023-06-05 01:00:00,15.2,98,0.0,9.1,0
2023-06-05 02:00:00,14.1,99,0.0,6.6,0
2023-06-05 03:00:00,13.1,100,0.0,6.2,0
2023-06-05 04:00:00,13.1,100,0.0,4.3,0
2023-06-05 05:00:00,13.7,100,0.0,5.7,0
2023-06-05 06:00:00,14.2,98,0.0,6.7,18
2023-06-05 07:00:00,15.8,71,0.0,6.0,96
2023-06-05 08:00:00,17.5,90,0.0,7.8,204
2023-06-05 09:00:00,19.0,100,0.0,10.7,294
2023-06-05 10:00:00,20.2,99,0.0,11.9,366
2023-06-05 11:00:00,22.0,100,0.0,14.6,558
2023-06-05 12:00:00,22.7,100,0.0,17.3,421
2023-06-05 13:00:00,23.0,100,0.0,16.2,424
2023-06-05 14:00:00,21.0,100,0.0,15.3,370
2023-06-05 15:00:00,19.0,100,0.1,14.5,150
2023-06-05 16:00:00,17.1,100,0.6,10.3,71
2023-06-05 17:00:00,18.0,100,0.3,8.0,128
2023-06-05 18:00:00,17.8,100,0.6,9.1,113
2023-06-05 19:00:00,16.9,100,0.3,10.9,52
2023-06-05 20:00:00,16.5,100,0.2,12.0,28
2023-06-05 21:00:00,15.9,100,0.0,13.2,9
2023-06-05 22:00:00,15.4,100,0.0,13.5,0
2023-06-05 23:00:00,14.6,100,0.3,11.3,0
2023-06-06 00:00:00,14.5,100,1.1,10.2,0
2023-06-06 01:00:00,14.4,100,0.5,10.6,0
2023-06-06 02:00:00,14.3,100,0.8,8.7,0
2023-06-06 03:00:00,14.0,100,0.8,9.9,0
2023-06-06 04:00:00,14.1,100,1.1,12.5,0
2023-06-06 05:00:00,13.9,100,1.4,12.0,0
2023-06-06 06:00:00,13.9,100,1.8,10.1,3
2023-06-06 07:00:00,14.1,100,0.7,7.9,14
2023-06-06 08:00:00,14.6,100,0.6,7.8,48
2023-06-06 09:00:00,14.6,100,1.7,7.7,42
2023-06-06 10:00:00,15.5,100,0.9,8.5,134
2023-06-06 11:00:00,17.1,80,0.1,6.0,299
2023-06-06 12:00:00,18.8,100,0.0,5.8,486
2023-06-06 13:00:00,20.0,100,0.0,4.8,508
2023-06-06 14:00:00,18.7,87,2.0,11.5,408
2023-06-06 15:00:00,19.9,100,0.1,13.6,527
2023-06-06 16:00:00,18.1,92,7.1,13.8,237
2023-06-06 17:00:00,19.2,56,0.3,9.4,295
2023-06-06 18:00:00,19.7,50,0.0,11.5,379
2023-06-06 19:00:00,19.6,48,0.0,8.2,244
2023-06-06 20:00:00,18.5,95,0.2,11.4,127
2023-06-06 21:00:00,16.0,99,0.1,6.9,26
2023-06-06 22:00:00,15.1,100,0.4,4.7,0
2023-06-06 23:00:00,15.0,100,0.1,7.3,0
2023-06-07 00:00:00,14.4,100,0.0,3.9,0
2023-06-07 01:00:00,13.7,100,0.0,4.9,0
2023-06-07 02:00:00,14.9,100,0.0,3.7,0
2023-06-07 03:00:00,14.9,100,0.4,7.1,0
2023-06-07 04:00:00,14.9,100,0.3,6.9,0
2023-06-07 05:00:00,14.9,100,0.0,7.4,0
2023-06-07 06:00:00,15.2,100,0.0,7.9,14
2023-06-07 07:00:00,15.6,97,0.0,7.0,69
2023-06-07 08:00:00,16.1,96,0.1,8.4,149
2023-06-07 09:00:00,16.9,100,0.0,7.4,213
2023-06-07 10:00:00,18.7,96,0.0,5.6,429
2023-06-07 11:00:00,19.5,100,0.0,6.8,391
2023-06-07 12:00:00,20.9,100,0.2,7.7,579
2023-06-07 13:00:00,21.1,100,0.3,7.9,450
2023-06-07 14:00:00,20.8,100,9.4,9.6,359
2023-06-07 15:00:00,19.8,95,0.6,9.0,322
2023-06-07 16:00:00,20.5,91,0.2,10.2,314
2023-06-07 17:00:00,20.9,97,0.8,13.8,388
2023-06-07 18:00:00,19.7,99,2.4,8.7,278
2023-06-07 19:00:00,19.1,98,0.0,13.4,137
2023-06-07 20:00:00,18.2,91,0.0,8.5,102
2023-06-07 21:00:00,16.1,69,0.0,5.4,31
2023-06-07 22:00:00,16.8,38,0.0,3.2,0
2023-06-07 23:00:00,14.6,97,0.0,2.9,0
2023-06-08 00:00:00,14.6,100,0.0,3.9,0
2023-06-08 01:00:00,14.7,99,0.0,3.9,0
2023-06-08 02:00:00,15.2,99,0.0,9.2,0
2023-06-08 03:00:00,14.4,50,0.0,6.5,0
2023-06-08 04:00:00,13.1,89,0.0,8.6,0
2023-06-08 05:00:00,13.9,100,0.0,1.8,0
2023-06-08 06:00:00,14.1,99,0.0,3.3,28
2023-06-08 07:00:00,15.6,100,0.0,2.0,128
2023-06-08 08:00:00,17.2,100,0.0,1.6,264
2023-06-08 09:00:00,18.6,43,0.0,2.3,411
2023-06-08 10:00:00,20.5,43,0.0,3.8,595
2023-06-08 11:00:00,22.2,94,0.0,6.6,720
2023-06-08 12:00:00,23.3,99,0.0,9.3,773
2023-06-08 13:00:00,24.5,100,0.0,11.8,788
2023-06-08 14:00:00,24.5,100,0.0,15.3,691
2023-06-08 15:00:00,21.9,100,0.0,10.8,473
2023-06-08 16:00:00,23.0,100,0.0,7.7,526
2023-06-08 17:00:00,23.1,100,0.0,10.7,445
2023-06-08 18:00:00,22.9,100,0.0,9.9,289
2023-06-08 19:00:00,22.6,99,0.0,6.4,185
2023-06-08 20:00:00,21.2,100,0.0,7.0,94
2023-06-08 21:00:00,19.5,99,0.0,6.5,31
2023-06-08 22:00:00,18.4,100,0.0,6.4,0
2023-06-08 23:00:00,17.0,100,0.0,6.4,0
2023-06-09 00:00:00,16.8,100,0.0,7.2,0
2023-06-09 01:00:00,16.4,100,0.0,6.8,0
2023-06-09 02:00:00,15.9,100,0.0,5.5,0
2023-06-09 03:00:00,16.1,100,0.1,8.7,0
2023-06-09 04:00:00,15.5,100,0.0,6.1,0
2023-06-09 05:00:00,15.1,82,0.0,9.8,0
2023-06-09 06:00:00,15.1,64,0.0,9.0,32
2023-06-09 07:00:00,15.9,81,0.0,6.9,133
2023-06-09 08:00:00,17.4,99,0.0,6.0,270
2023-06-09 09:00:00,19.0,100,0.0,6.1,380
2023-06-09 10:00:00,20.5,99,0.0,10.4,495
2023-06-09 11:00:00,21.9,97,0.0,13.5,680
2023-06-09 12:00:00,20.9,94,1.8,21.1,656
2023-06-09 13:00:00,19.4,94,0.1,11.0,246
2023-06-09 14:00:00,21.7,99,0.1,11.2,669
2023-06-09 15:00:00,21.1,100,0.2,8.9,431
2023-06-09 16:00:00,22.5,100,0.1,12.3,529
2023-06-09 17:00:00,18.5,100,2.2,15.0,301
2023-06-09 18:00:00,19.0,96,0.2,4.0,193
2023-06-09 19:00:00,20.0,98,0.1,3.4,261
2023-06-09 20:00:00,19.6,99,0.0,1.0,127
2023-06-09 21:00:00,19.2,100,0.0,3.3,34
2023-06-09 22:00:00,18.8,100,0.0,5.0,0
2023-06-09 23:00:00,16.0,99,0.0,7.4,0
2023-06-10 00:00:00,15.1,71,0.0,7.3,0
2023-06-10 01:00:00,14.4,84,0.0,7.6,0
2023-06-10 02:00:00,15.9,84,0.0,4.4,0
2023-06-10 03:00:00,15.4,51,0.0,5.6,0
2023-06-10 04:00:00,14.4,44,0.0,5.0,0
2023-06-10 05:00:00,14.2,40,0.0,4.7,0
2023-06-10 06:00:00,15.0,92,0.0,5.5,28
2023-06-10 07:00:00,16.5,100,0.0,7.2,108
2023-06-10 08:00:00,17.6,64,0.0,8.4,192
2023-06-10 09:00:00,19.8,62,0.0,13.5,382
2023-06-10 10:00:00,21.4,31,0.0,13.7,528
2023-06-10 11:00:00,22.5,19,0.1,15.0,655
2023-06-10 12:00:00,23.5,63,0.3,17.2,768
2023-06-10 13:00:00,22.6,61,1.2,21.8,698
2023-06-10 14:00:00,19.7,85,0.1,10.0,628
2023-06-10 15:00:00,22.9,94,0.0,15.9,653
2023-06-10 16:00:00,24.0,92,0.0,19.4,641
2023-06-10 17:00:00,24.5,83,0.2,19.6,558
2023-06-10 18:00:00,23.4,39,0.0,24.0,393
2023-06-10 19:00:00,23.4,14,0.0,19.5,279
2023-06-10 20:00:00,22.0,13,0.0,14.7,139
2023-06-10 21:00:00,20.2,15,0.0,10.2,36
2023-06-10 22:00:00,18.5,9,0.0,7.1,0
2023-06-10 23:00:00,17.0,10,0.0,6.4,0
2023-06-11 00:00:00,16.1,3,0.0,7.6,0
2023-06-11 01:00:00,15.4,0,0.0,7.1,0
2023-06-11 02:00:00,13.1,0,0.0,8.7,0
2023-06-11 03:00:00,13.4,0,0.0,6.4,0
2023-06-11 04:00:00,11.9,2,0.0,6.8,0
2023-06-11 05:00:00,11.9,0,0.0,6.2,0
2023-06-11 06:00:00,13.2,0,0.0,7.3,35
2023-06-11 07:00:00,15.2,0,0.0,8.5,148
2023-06-11 08:00:00,17.5,0,0.0,10.2,300
2023-06-11 09:00:00,19.5,0,0.0,14.5,461
2023-06-11 10:00:00,21.0,0,0.0,16.5,614
2023-06-11 11:00:00,22.1,18,0.0,20.4,699
2023-06-11 12:00:00,22.9,13,0.0,21.9,754
2023-06-11 13:00:00,23.5,14,0.0,21.6,846
2023-06-11 14:00:00,23.8,17,0.0,18.6,791
2023-06-11 15:00:00,24.5,6,0.0,18.7,834
2023-06-11 16:00:00,24.5,14,0.0,18.5,740
2023-06-11 17:00:00,24.1,17,0.0,17.5,588
2023-06-11 18:00:00,23.9,40,0.0,19.0,455
2023-06-11 19:00:00,22.8,55,0.0,21.0,275
2023-06-11 20:00:00,21.1,8,0.0,18.4,137
2023-06-11 21:00:00,19.6,7,0.0,15.6,38
2023-06-11 22:00:00,18.1,4,0.0,12.6,0
2023-06-11 23:00:00,17.0,100,0.0,11.3,0
2023-06-12 00:00:00,15.8,100,0.0,9.0,0
2023-06-12 01:00:00,14.9,2,0.0,8.3,0
2023-06-12 02:00:00,13.5,5,0.0,7.1,0
2023-06-12 03:00:00,13.0,5,0.0,10.0,0
2023-06-12 04:00:00,12.1,18,0.0,7.8,0
2023-06-12 05:00:00,11.1,96,0.0,6.2,0
2023-06-12 06:00:00,12.2,87,0.0,6.7,34
2023-06-12 07:00:00,13.9,91,0.0,7.7,130
2023-06-12 08:00:00,15.9,91,0.0,11.4,251
2023-06-12 09:00:00,17.5,93,0.0,15.5,408
2023-06-12 10:00:00,19.1,84,0.0,19.8,566
2023-06-12 11:00:00,20.0,96,0.0,20.5,595
2023-06-12 12:00:00,21.0,100,0.0,19.4,727
2023-06-12 13:00:00,21.6,96,0.0,18.4,810
2023-06-12 14:00:00,21.9,57,0.0,17.3,777
2023-06-12 15:00:00,21.9,89,0.0,18.7,719
2023-06-12 16:00:00,21.9,6,0.0,19.3,700
2023-06-12 17:00:00,22.0,6,0.0,17.2,605
2023-06-12 18:00:00,21.8,9,0.0,18.9,461
2023-06-12 19:00:00,21.5,3,0.0,18.0,298
2023-06-12 20:00:00,20.0,4,0.0,16.3,157
2023-06-12 21:00:00,17.8,1,0.0,8.6,41
2023-06-12 22:00:00,16.1,0,0.0,8.3,0
2023-06-12 23:00:00,15.1,0,0.0,7.9,0
2023-06-13 00:00:00,14.1,0,0.0,7.3,0
2023-06-13 01:00:00,13.8,0,0.0,8.9,0
2023-06-13 02:00:00,13.6,0,0.0,3.6,0
2023-06-13 03:00:00,12.6,1,0.0,1.1,0
2023-06-13 04:00:00,11.6,0,0.0,2.6,0
2023-06-13 05:00:00,8.6,0,0.0,5.6,0
2023-06-13 06:00:00,10.0,0,0.0,8.7,36
2023-06-13 07:00:00,12.1,5,0.0,4.7,152
2023-06-13 08:00:00,14.9,79,0.0,2.9,305
2023-06-13 09:00:00,17.7,11,0.0,3.3,463
2023-06-13 10:00:00,19.5,14,0.0,2.9,611
2023-06-13 11:00:00,20.8,10,0.0,3.3,750
2023-06-13 12:00:00,21.4,19,0.0,6.9,832
2023-06-13 13:00:00,22.0,56,0.0,6.8,835
2023-06-13 14:00:00,22.2,100,0.0,6.9,705
2023-06-13 15:00:00,19.2,96,0.0,24.0,501
2023-06-13 16:00:00,17.5,99,0.0,18.1,364
2023-06-13 17:00:00,17.1,100,0.6,8.6,377
2023-06-13 18:00:00,17.0,99,0.0,1.1,155
2023-06-13 19:00:00,17.5,6,0.0,4.4,220
2023-06-13 20:00:00,16.5,70,0.0,8.6,154
2023-06-13 21:00:00,15.4,42,0.0,6.1,31
2023-06-13 22:00:00,14.1,14,0.0,7.9,0
2023-06-13 23:00:00,12.4,8,0.0,5.2,0
2023-06-14 00:00:00,11.4,16,0.0,6.7,0
2023-06-14 01:00:00,12.4,14,0.0,4.6,0
2023-06-14 02:00:00,10.5,2,0.0,6.6,0
2023-06-14 03:00:00,10.1,27,0.0,4.3,0
2023-06-14 04:00:00,10.2,29,0.0,7.9,0
2023-06-14 05:00:00,9.9,16,0.0,7.6,0
2023-06-14 06:00:00,10.4,4,0.0,6.6,33
2023-06-14 07:00:00,11.9,6,0.0,4.3,145
2023-06-14 08:00:00,13.8,3,0.0,7.9,291
2023-06-14 09:00:00,15.6,0,0.0,9.2,451
2023-06-14 10:00:00,17.4,36,0.1,12.1,612
2023-06-14 11:00:00,18.1,55,0.2,12.3,612
2023-06-14 12:00:00,18.8,50,0.1,12.4,662
2023-06-14 13:00:00,19.1,54,0.1,10.5,707
2023-06-14 14:00:00,19.5,44,0.1,8.9,691
2023-06-14 15:00:00,20.4,43,0.1,10.8,692
2023-06-14 16:00:00,20.9,16,0.0,9.9,661
2023-06-14 17:00:00,20.8,11,0.0,7.6,606
2023-06-14 18:00:00,21.2,20,0.0,10.2,436
2023-06-14 19:00:00,20.7,100,0.0,15.5,284
2023-06-14 20:00:00,18.5,28,0.0,14.3,131
2023-06-14 21:00:00,17.1,2,0.0,7.1,40
2023-06-14 22:00:00,14.9,7,0.0,6.1,0
2023-06-14 23:00:00,13.6,4,0.0,6.9,0
2023-06-15 00:00:00,13.6,1,0.0,5.9,0
2023-06-15 01:00:00,13.8,0,0.0,4.7,0
2023-06-15 02:00:00,11.8,0,0.0,5.6,0
2023-06-15 03:00:00,12.0,71,0.0,1.1,0
2023-06-15 04:00:00,9.6,73,0.0,8.0,0
2023-06-15 05:00:00,11.0,39,0.0,5.1,0
2023-06-15 06:00:00,11.2,3,0.0,2.9,35
2023-06-15 07:00:00,13.4,1,0.0,2.9,145
2023-06-15 08:00:00,15.6,33,0.0,3.5,297
2023-06-15 09:00:00,17.5,100,0.0,4.7,455
2023-06-15 10:00:00,19.1,100,0.0,7.2,552
2023-06-15 11:00:00,20.5,97,0.0,9.7,648
2023-06-15 12:00:00,21.2,50,0.0,10.4,684
2023-06-15 13:00:00,22.0,36,0.0,9.1,771
2023-06-15 14:00:00,20.9,24,0.0,11.4,741
2023-06-15 15:00:00,21.6,89,0.0,8.5,585
2023-06-15 16:00:00,22.1,22,0.0,10.5,664
2023-06-15 17:00:00,22.2,8,0.0,9.7,587
2023-06-15 18:00:00,22.1,11,0.0,11.3,443
2023-06-15 19:00:00,21.2,13,0.0,14.5,278
2023-06-15 20:00:00,19.7,31,0.0,13.2,142
2023-06-15 21:00:00,17.9,28,0.0,5.6,35
2023-06-15 22:00:00,18.0,15,0.0,3.7,0
2023-06-15 23:00:00,16.1,4,0.0,5.2,0
2023-06-16 00:00:00,16.4,3,0.0,2.2,0
2023-06-16 01:00:00,13.6,1,0.0,3.8,0
2023-06-16 02:00:00,12.4,1,0.0,5.0,0
2023-06-16 03:00:00,12.8,23,0.0,8.6,0
2023-06-16 04:00:00,12.1,3,0.0,10.0,0
2023-06-16 05:00:00,11.9,1,0.0,9.2,0
2023-06-16 06:00:00,12.6,1,0.0,8.2,35
2023-06-16 07:00:00,14.5,1,0.0,5.4,147
2023-06-16 08:00:00,16.8,8,0.0,1.8,297
2023-06-16 09:00:00,18.8,7,0.0,2.9,454
2023-06-16 10:00:00,19.6,44,0.0,8.1,583
2023-06-16 11:00:00,21.0,52,0.1,15.1,649
2023-06-16 12:00:00,20.9,48,0.1,16.3,524
2023-06-16 13:00:00,21.9,32,0.0,14.2,701
2023-06-16 14:00:00,20.1,67,0.1,14.7,715
2023-06-16 15:00:00,20.4,94,0.1,15.1,490
2023-06-16 16:00:00,21.5,63,0.1,14.5,569
2023-06-16 17:00:00,21.9,42,0.1,20.2,557
2023-06-16 18:00:00,20.5,33,0.0,20.7,401
2023-06-16 19:00:00,19.6,29,0.0,16.7,276
2023-06-16 20:00:00,18.2,29,0.0,16.1,131
2023-06-16 21:00:00,17.5,59,0.0,8.6,34
2023-06-16 22:00:00,15.4,99,0.0,6.6,0
2023-06-16 23:00:00,15.1,98,0.0,4.3,0
2023-06-17 00:00:00,16.0,92,0.0,8.6,0
2023-06-17 01:00:00,15.3,30,0.0,8.3,0
2023-06-17 02:00:00,13.4,22,0.0,5.1,0
2023-06-17 03:00:00,13.0,74,0.9,7.2,0
2023-06-17 04:00:00,12.4,55,0.0,12.0,0
2023-06-17 05:00:00,12.5,48,0.0,11.2,0
2023-06-17 06:00:00,13.0,12,0.0,11.2,34
2023-06-17 07:00:00,14.3,75,0.0,10.5,140
2023-06-17 08:00:00,16.0,9,0.0,10.2,271
2023-06-17 09:00:00,18.0,9,0.0,8.3,445
2023-06-17 10:00:00,19.6,14,0.0,11.1,601
2023-06-17 11:00:00,21.2,100,0.1,14.5,674
2023-06-17 12:00:00,22.1,91,0.0,17.3,600
2023-06-17 13:00:00,22.0,37,0.1,17.2,464
2023-06-17 14:00:00,22.7,100,0.1,22.0,754
2023-06-17 15:00:00,21.0,77,0.3,16.7,514
2023-06-17 16:00:00,22.0,48,0.0,13.8,543
2023-06-17 17:00:00,19.0,59,1.3,13.2,480
2023-06-17 18:00:00,19.9,84,0.0,1.1,344
2023-06-17 19:00:00,20.0,29,0.0,3.2,243
2023-06-17 20:00:00,19.5,13,0.0,0.4,145
2023-06-17 21:00:00,17.6,2,0.0,4.1,41
2023-06-17 22:00:00,15.8,0,0.0,5.2,0
2023-06-17 23:00:00,15.1,0,0.0,6.3,0
2023-06-18 00:00:00,13.9,1,0.0,5.8,0
2023-06-18 01:00:00,13.3,1,0.0,6.5,0
2023-06-18 02:00:00,13.4,1,0.0,5.3,0
2023-06-18 03:00:00,11.4,1,0.0,7.3,0
2023-06-18 04:00:00,11.9,0,0.0,7.8,0
2023-06-18 05:00:00,11.4,0,0.0,7.1,0
2023-06-18 06:00:00,12.1,0,0.0,8.1,35
2023-06-18 07:00:00,14.5,0,0.0,5.1,146
2023-06-18 08:00:00,17.1,0,0.0,2.1,296
2023-06-18 09:00:00,19.4,0,0.0,1.8,456
2023-06-18 10:00:00,21.4,0,0.0,4.0,605
2023-06-18 11:00:00,22.5,32,0.1,3.2,659
2023-06-18 12:00:00,23.6,24,0.1,5.4,724
2023-06-18 13:00:00,24.4,40,0.1,6.4,737
2023-06-18 14:00:00,24.9,22,0.0,5.6,738
2023-06-18 15:00:00,25.5,20,0.0,9.8,740
2023-06-18 16:00:00,25.5,17,0.0,9.8,643
2023-06-18 17:00:00,25.5,17,0.0,8.2,565
2023-06-18 18:00:00,25.4,10,0.0,7.4,444
2023-06-18 19:00:00,24.9,26,0.0,8.1,309
2023-06-18 20:00:00,23.6,21,0.0,9.4,156
2023-06-18 21:00:00,21.4,2,0.0,7.6,42
2023-06-18 22:00:00,19.5,32,0.0,5.7,0
2023-06-18 23:00:00,18.4,35,0.0,8.2,0
2023-06-19 00:00:00,17.6,30,0.0,8.4,0
2023-06-19 01:00:00,16.4,12,0.0,7.6,0
2023-06-19 02:00:00,16.4,1,0.0,6.2,0
2023-06-19 03:00:00,14.8,90,0.0,5.4,0
2023-06-19 04:00:00,14.4,0,0.0,8.6,0
2023-06-19 05:00:00,14.2,3,0.0,6.9,0
2023-06-19 06:00:00,15.6,29,0.0,9.6,34
2023-06-19 07:00:00,17.6,26,0.0,6.2,143
2023-06-19 08:00:00,19.8,79,0.0,4.1,286
2023-06-19 09:00:00,21.8,66,0.0,2.5,352
2023-06-19 10:00:00,23.6,85,0.0,2.6,444
2023-06-19 11:00:00,25.0,45,0.0,5.4,495
2023-06-19 12:00:00,27.1,31,0.0,5.6,741
2023-06-19 13:00:00,29.2,67,0.0,4.3,837
2023-06-19 14:00:00,28.2,15,0.0,10.8,856
2023-06-19 15:00:00,29.0,32,0.0,7.9,708
2023-06-19 16:00:00,29.6,74,0.0,10.7,649
2023-06-19 17:00:00,29.8,33,0.0,10.6,507
2023-06-19 18:00:00,29.4,57,0.0,12.1,366
2023-06-19 19:00:00,28.5,42,0.0,14.8,263
2023-06-19 20:00:00,27.1,87,0.0,12.9,145
2023-06-19 21:00:00,25.1,100,0.0,10.7,41
2023-06-19 22:00:00,23.6,100,0.0,8.5,0
2023-06-19 23:00:00,22.4,100,0.0,7.3,0
2023-06-20 00:00:00,21.0,100,0.0,8.5,0
2023-06-20 01:00:00,20.0,100,0.0,9.8,0
2023-06-20 02:00:00,18.5,100,0.0,5.2,0
2023-06-20 03:00:00,17.0,84,0.0,6.5,0
2023-06-20 04:00:00,16.5,91,0.0,4.9,0
2023-06-20 05:00:00,16.3,99,0.0,5.5,0
2023-06-20 06:00:00,17.1,100,0.0,7.2,32
2023-06-20 07:00:00,19.2,100,0.0,5.0,126
2023-06-20 08:00:00,21.5,100,0.0,2.3,241
2023-06-20 09:00:00,22.9,100,0.0,1.6,282
2023-06-20 10:00:00,25.2,100,0.0,3.3,490
2023-06-20 11:00:00,27.1,96,0.0,5.1,582
2023-06-20 12:00:00,29.0,12,0.0,6.1,688
2023-06-20 13:00:00,30.8,34,0.0,8.3,823
2023-06-20 14:00:00,31.0,46,0.0,9.3,827
2023-06-20 15:00:00,31.0,71,0.0,10.0,611
2023-06-20 16:00:00,31.6,96,0.0,13.7,679
2023-06-20 17:00:00,30.8,69,0.0,14.1,487
2023-06-20 18:00:00,28.5,73,0.0,11.3,366
2023-06-20 19:00:00,28.6,99,0.0,8.9,224
2023-06-20 20:00:00,27.9,100,0.0,8.1,104
2023-06-20 21:00:00,25.9,18,0.0,5.5,35
2023-06-20 22:00:00,24.1,76,0.0,9.2,0
2023-06-20 23:00:00,23.4,100,0.0,9.0,0
2023-06-21 00:00:00,22.8,100,0.0,10.0,0
2023-06-21 01:00:00,22.2,100,0.0,11.2,0
2023-06-21 02:00:00,22.1,100,0.0,7.5,0
2023-06-21 03:00:00,22.0,100,0.0,7.6,0
2023-06-21 04:00:00,22.5,100,0.0,15.6,0
2023-06-21 05:00:00,22.6,100,0.0,12.5,0
2023-06-21 06:00:00,22.0,100,0.0,9.7,20
2023-06-21 07:00:00,23.3,4,0.0,11.0,117
2023-06-21 08:00:00,25.1,63,0.0,10.6,281
2023-06-21 09:00:00,27.3,87,0.0,11.3,431
2023-06-21 10:00:00,28.9,99,0.0,10.4,539
2023-06-21 11:00:00,30.5,100,0.0,14.6,625
2023-06-21 12:00:00,32.0,100,0.0,17.2,781
2023-06-21 13:00:00,32.2,93,0.0,18.7,741
2023-06-21 14:00:00,28.2,38,0.0,8.0,825
2023-06-21 15:00:00,27.5,99,0.0,18.4,403
2023-06-21 16:00:00,30.2,100,0.0,16.4,543
2023-06-21 17:00:00,28.5,99,1.1,12.0,405
2023-06-21 18:00:00,28.0,100,0.0,13.0,197
2023-06-21 19:00:00,22.0,100,0.7,7.8,142
2023-06-21 20:00:00,21.9,94,0.0,2.6,27
2023-06-21 21:00:00,22.0,54,0.0,7.0,25
2023-06-21 22:00:00,21.1,72,0.0,5.4,0
2023-06-21 23:00:00,20.7,68,0.0,5.1,0
2023-06-22 00:00:00,20.2,73,0.0,5.7,0
2023-06-22 01:00:00,19.2,100,0.0,5.9,0
2023-06-22 02:00:00,20.4,99,0.0,5.6,0
2023-06-22 03:00:00,20.1,54,0.0,2.1,0
2023-06-22 04:00:00,18.6,93,0.0,5.6,0
2023-06-22 05:00:00,18.5,63,0.0,5.1,0
2023-06-22 06:00:00,19.4,100,0.0,7.5,32
2023-06-22 07:00:00,20.5,100,0.0,3.1,133
2023-06-22 08:00:00,22.0,100,0.0,3.1,240
2023-06-22 09:00:00,24.0,100,0.0,8.6,414
2023-06-22 10:00:00,25.6,100,0.0,11.5,530
2023-06-22 11:00:00,27.5,100,0.0,15.6,688
2023-06-22 12:00:00,28.7,95,0.0,17.1,739
2023-06-22 13:00:00,29.4,60,0.0,15.0,792
2023-06-22 14:00:00,29.9,94,0.0,12.6,699
2023-06-22 15:00:00,29.7,91,0.0,15.2,542
2023-06-22 16:00:00,30.5,35,0.0,14.5,606
2023-06-22 17:00:00,30.6,37,0.0,17.0,449
2023-06-22 18:00:00,30.9,67,0.0,18.8,423
2023-06-22 19:00:00,30.5,100,0.0,17.3,253
2023-06-22 20:00:00,29.9,100,0.0,14.4,82
2023-06-22 21:00:00,27.9,100,0.0,13.6,23
2023-06-22 22:00:00,26.0,100,0.0,10.4,0
2023-06-22 23:00:00,24.6,100,0.0,11.6,0
2023-06-23 00:00:00,22.9,100,2.9,15.3,0
2023-06-23 01:00:00,21.4,100,4.6,7.7,0
2023-06-23 02:00:00,21.3,100,0.1,12.0,0
2023-06-23 03:00:00,21.1,100,1.0,2.6,0
2023-06-23 04:00:00,20.5,100,0.1,9.2,0
2023-06-23 05:00:00,20.2,100,0.0,14.3,0
2023-06-23 06:00:00,20.4,100,0.0,18.2,17
2023-06-23 07:00:00,20.6,99,0.0,23.7,121
2023-06-23 08:00:00,21.7,43,0.0,24.8,272
2023-06-23 09:00:00,22.6,38,0.0,25.6,434
2023-06-23 10:00:00,23.9,17,0.0,26.1,570
2023-06-23 11:00:00,25.0,28,0.0,27.4,697
2023-06-23 12:00:00,25.1,31,0.0,29.2,752
2023-06-23 13:00:00,25.0,66,0.0,30.1,758
2023-06-23 14:00:00,21.4,99,0.0,26.5,719
2023-06-23 15:00:00,21.2,100,0.0,26.9,311
2023-06-23 16:00:00,21.1,100,0.0,27.2,270
2023-06-23 17:00:00,20.9,100,0.0,27.1,176
2023-06-23 18:00:00,20.7,100,0.0,25.6,182
2023-06-23 19:00:00,20.5,99,0.0,21.1,238
2023-06-23 20:00:00,19.6,100,0.0,20.9,105
2023-06-23 21:00:00,19.1,100,0.0,16.9,24
2023-06-23 22:00:00,18.5,100,0.1,14.6,0
2023-06-23 23:00:00,17.8,100,0.2,19.8,0
2023-06-24 00:00:00,17.0,100,0.5,19.5,0
2023-06-24 01:00:00,16.0,100,0.7,24.3,0
2023-06-24 02:00:00,15.0,100,0.5,18.8,0
2023-06-24 03:00:00,15.2,100,0.8,13.5,0
2023-06-24 04:00:00,15.5,100,0.4,9.7,0
2023-06-24 05:00:00,15.5,100,0.6,13.9,0
2023-06-24 06:00:00,15.8,100,0.5,12.7,3
2023-06-24 07:00:00,16.0,100,0.7,12.2,14
2023-06-24 08:00:00,16.7,100,0.2,12.7,64
2023-06-24 09:00:00,17.0,100,0.0,13.1,108
2023-06-24 10:00:00,18.3,96,0.1,12.7,264
2023-06-24 11:00:00,20.0,51,0.2,12.2,452
2023-06-24 12:00:00,21.4,50,0.0,13.4,610
2023-06-24 13:00:00,22.4,18,0.0,12.4,704
2023-06-24 14:00:00,23.1,1,0.0,12.6,820
2023-06-24 15:00:00,23.9,15,0.0,12.8,780
2023-06-24 16:00:00,24.0,4,0.0,14.0,674
2023-06-24 17:00:00,23.8,10,0.0,14.1,621
2023-06-24 18:00:00,23.4,11,0.0,13.9,473
2023-06-24 19:00:00,22.4,1,0.0,14.8,314
2023-06-24 20:00:00,21.0,0,0.0,11.2,164
2023-06-24 21:00:00,19.2,0,0.0,10.4,47
2023-06-24 22:00:00,18.1,0,0.0,9.8,1
2023-06-24 23:00:00,16.5,0,0.0,6.6,0
2023-06-25 00:00:00,17.0,3,0.0,6.6,0
2023-06-25 01:00:00,16.9,1,0.0,0.8,0
2023-06-25 02:00:00,14.1,0,0.0,4.3,0
2023-06-25 03:00:00,13.6,0,0.0,4.7,0
2023-06-25 04:00:00,12.8,0,0.0,6.8,0
2023-06-25 05:00:00,12.4,0,0.0,6.5,0
2023-06-25 06:00:00,14.2,0,0.0,4.3,33
2023-06-25 07:00:00,16.2,0,0.0,4.0,142
2023-06-25 08:00:00,18.1,0,0.0,2.1,290
2023-06-25 09:00:00,19.8,0,0.0,3.9,448
2023-06-25 10:00:00,21.4,0,0.0,5.7,595
2023-06-25 11:00:00,22.6,31,0.0,7.7,727
2023-06-25 12:00:00,23.2,100,0.0,8.4,678
2023-06-25 13:00:00,23.2,100,0.0,7.3,493
2023-06-25 14:00:00,24.5,98,0.0,7.1,490
2023-06-25 15:00:00,24.9,100,0.0,6.4,518
2023-06-25 16:00:00,25.0,69,0.0,5.9,404
2023-06-25 17:00:00,25.0,100,0.0,8.4,361
2023-06-25 18:00:00,24.5,57,0.0,8.9,249
2023-06-25 19:00:00,24.1,46,0.0,8.7,227
2023-06-25 20:00:00,22.9,30,0.0,8.3,123
2023-06-25 21:00:00,21.0,20,0.0,7.2,40
2023-06-25 22:00:00,18.8,17,0.0,7.2,0
2023-06-25 23:00:00,18.7,18,0.0,6.5,0
2023-06-26 00:00:00,19.3,28,0.0,3.8,0
2023-06-26 01:00:00,17.8,31,0.0,4.5,0
2023-06-26 02:00:00,15.9,14,0.0,5.8,0
2023-06-26 03:00:00,14.8,11,0.0,6.5,0
2023-06-26 04:00:00,14.9,15,0.0,6.1,0
2023-06-26 05:00:00,14.8,29,0.0,7.2,0
2023-06-26 06:00:00,15.6,22,0.0,8.8,28
2023-06-26 07:00:00,17.5,15,0.0,7.4,127
2023-06-26 08:00:00,20.0,3,0.0,5.1,276
2023-06-26 09:00:00,22.5,3,0.0,5.9,435
2023-06-26 10:00:00,24.5,8,0.0,7.1,582
2023-06-26 11:00:00,26.0,34,0.0,8.0,702
2023-06-26 12:00:00,26.7,20,0.1,10.8,653
2023-06-26 13:00:00,27.8,28,0.0,9.9,752
2023-06-26 14:00:00,27.2,33,0.0,5.4,778
2023-06-26 15:00:00,28.3,42,0.0,5.0,712
2023-06-26 16:00:00,29.2,21,0.0,5.4,614
2023-06-26 17:00:00,29.8,27,0.0,10.1,532
2023-06-26 18:00:00,29.9,48,0.0,9.9,419
2023-06-26 19:00:00,29.4,30,0.0,5.2,265
2023-06-26 20:00:00,26.8,54,0.0,5.4,119
2023-06-26 21:00:00,25.4,74,0.0,20.9,34
2023-06-26 22:00:00,23.6,45,0.0,22.9,0
2023-06-26 23:00:00,20.7,80,0.0,13.6,0
2023-06-27 00:00:00,19.9,99,0.1,13.0,0
2023-06-27 01:00:00,19.5,100,0.0,17.3,0
2023-06-27 02:00:00,18.5,100,0.3,5.5,0
2023-06-27 03:00:00,17.9,100,0.4,9.7,0
2023-06-27 04:00:00,16.5,100,1.8,8.5,0
2023-06-27 05:00:00,16.8,98,0.0,4.5,0
2023-06-27 06:00:00,15.3,100,2.5,16.3,17
2023-06-27 07:00:00,16.1,100,0.0,15.0,75
2023-06-27 08:00:00,16.6,100,0.1,17.1,195
2023-06-27 09:00:00,17.0,38,0.0,15.8,217
2023-06-27 10:00:00,18.5,98,0.0,19.1,559
2023-06-27 11:00:00,19.1,100,0.0,19.2,593
2023-06-27 12:00:00,19.4,70,0.0,20.8,489
2023-06-27 13:00:00,20.8,22,0.0,21.8,779
2023-06-27 14:00:00,21.4,26,0.0,20.9,778
2023-06-27 15:00:00,22.2,36,0.1,22.7,751
2023-06-27 16:00:00,22.1,26,0.0,23.2,644
2023-06-27 17:00:00,22.0,11,0.0,21.8,535
2023-06-27 18:00:00,22.0,20,0.0,21.4,481
2023-06-27 19:00:00,20.9,20,0.0,21.4,288
2023-06-27 20:00:00,20.1,26,0.0,14.5,161
2023-06-27 21:00:00,18.4,100,0.1,7.2,41
2023-06-27 22:00:00,16.8,100,0.0,5.1,0
2023-06-27 23:00:00,16.7,98,0.0,7.4,0
2023-06-28 00:00:00,16.5,100,0.0,12.1,0
2023-06-28 01:00:00,14.9,100,0.7,13.5,0
2023-06-28 02:00:00,14.1,100,0.3,7.3,0
2023-06-28 03:00:00,13.1,96,0.0,9.4,0
2023-06-28 04:00:00,13.4,3,0.0,12.3,0
2023-06-28 05:00:00,13.0,3,0.0,12.6,0
2023-06-28 06:00:00,13.6,4,0.0,12.6,31
2023-06-28 07:00:00,15.1,93,0.0,11.4,141
2023-06-28 08:00:00,16.2,61,0.0,16.7,242
2023-06-28 09:00:00,17.4,66,0.0,17.5,406
2023-06-28 10:00:00,18.7,34,0.0,17.9,558
2023-06-28 11:00:00,19.6,34,0.0,19.9,656
2023-06-28 12:00:00,20.9,39,0.0,20.9,704
2023-06-28 13:00:00,22.0,73,0.0,21.7,714
2023-06-28 14:00:00,22.0,100,0.0,21.9,642
2023-06-28 15:00:00,22.1,98,0.0,22.5,487
2023-06-28 16:00:00,21.6,100,0.0,21.0,296
2023-06-28 17:00:00,22.1,100,0.0,20.2,312
2023-06-28 18:00:00,21.5,39,0.0,18.8,296
2023-06-28 19:00:00,21.6,95,0.0,17.1,264
2023-06-28 20:00:00,20.2,100,0.0,14.1,96
2023-06-28 21:00:00,19.2,7,0.0,11.2,29
2023-06-28 22:00:00,17.0,7,0.0,6.8,1
2023-06-28 23:00:00,15.4,8,0.0,6.9,0
2023-06-29 00:00:00,14.6,1,0.0,6.4,0
2023-06-29 01:00:00,14.4,0,0.0,3.9,0
2023-06-29 02:00:00,13.6,0,0.0,7.1,0
2023-06-29 03:00:00,12.8,0,0.0,8.9,0
2023-06-29 04:00:00,12.6,0,0.0,9.4,0
2023-06-29 05:00:00,12.2,0,0.0,7.9,0
2023-06-29 06:00:00,13.1,0,0.0,8.7,32
2023-06-29 07:00:00,15.2,0,0.0,7.7,142
2023-06-29 08:00:00,18.0,0,0.0,5.5,292
2023-06-29 09:00:00,20.4,0,0.0,3.2,453
2023-06-29 10:00:00,21.8,0,0.0,1.6,605
2023-06-29 11:00:00,23.0,0,0.0,1.8,732
2023-06-29 12:00:00,24.2,11,0.0,0.8,827
2023-06-29 13:00:00,25.6,26,0.0,1.0,879
2023-06-29 14:00:00,25.7,97,0.0,6.2,824
2023-06-29 15:00:00,26.6,50,0.0,7.2,787
2023-06-29 16:00:00,27.1,67,0.0,4.8,654
2023-06-29 17:00:00,27.4,67,0.0,0.4,572
2023-06-29 18:00:00,27.0,32,0.0,4.4,332
2023-06-29 19:00:00,26.1,13,0.0,6.9,238
2023-06-29 20:00:00,24.8,7,0.0,5.1,152
2023-06-29 21:00:00,22.3,17,0.0,5.5,45
2023-06-29 22:00:00,21.0,16,0.0,9.5,0
2023-06-29 23:00:00,20.3,36,0.0,13.3,0
2023-06-30 00:00:00,19.5,65,0.0,13.3,0
2023-06-30 01:00:00,18.6,61,0.0,11.9,0
2023-06-30 02:00:00,16.6,56,0.0,6.5,0
2023-06-30 03:00:00,17.1,58,0.0,9.4,0
2023-06-30 04:00:00,17.8,92,0.0,11.4,0
2023-06-30 05:00:00,17.8,100,0.0,9.4,0
2023-06-30 06:00:00,18.2,100,0.0,9.0,13
2023-06-30 07:00:00,18.9,100,0.0,9.4,40
2023-06-30 08:00:00,20.6,100,0.0,7.6,126
2023-06-30 09:00:00,21.7,100,0.0,6.8,149
2023-06-30 10:00:00,22.4,100,0.0,12.1,257
2023-06-30 11:00:00,21.6,100,0.0,8.2,130
2023-06-30 12:00:00,24.0,100,0.0,4.2,430
2023-06-30 13:00:00,25.0,100,0.0,3.1,490
2023-06-30 14:00:00,24.1,100,0.0,3.9,453
2023-06-30 15:00:00,24.9,100,0.0,4.8,409
2023-06-30 16:00:00,20.9,100,0.8,13.5,280
2023-06-30 17:00:00,20.2,100,0.2,5.2,105
2023-06-30 18:00:00,20.2,100,0.3,1.8,93
2023-06-30 19:00:00,20.4,100,0.1,1.3,90
2023-06-30 20:00:00,20.4,92,0.1,4.2,57
2023-06-30 21:00:00,20.0,100,0.0,4.2,22
2023-06-30 22:00:00,19.6,87,0.1,3.6,0
2023-06-30 23:00:00,17.5,95,0.0,5.1,0
2023-07-01 00:00:00,17.4,57,0.0,6.2,0
2023-07-01 01:00:00,17.4,47,0.0,8.9,0
2023-07-01 02:00:00,17.3,100,0.0,8.4,0
2023-07-01 03:00:00,17.0,100,0.4,4.9,0
2023-07-01 04:00:00,17.1,97,0.4,8.2,0
2023-07-01 05:00:00,17.0,96,0.1,4.6,0
2023-07-01 06:00:00,17.0,100,0.2,2.7,13
2023-07-01 07:00:00,17.2,100,0.8,5.4,74
2023-07-01 08:00:00,17.7,100,0.2,9.7,108
2023-07-01 09:00:00,17.5,78,0.2,10.3,90
2023-07-01 10:00:00,19.6,12,0.0,9.5,434
2023-07-01 11:00:00,21.8,10,0.0,10.8,681
2023-07-01 12:00:00,23.2,15,0.0,13.0,798
2023-07-01 13:00:00,24.2,29,0.0,16.3,845
2023-07-01 14:00:00,24.5,38,0.0,15.1,815
2023-07-01 15:00:00,24.8,100,0.0,16.6,558
2023-07-01 16:00:00,24.5,20,0.0,16.9,359
2023-07-01 17:00:00,25.8,62,0.0,16.9,526
2023-07-01 18:00:00,25.1,14,0.0,21.4,351
2023-07-01 19:00:00,25.5,86,0.0,16.3,264
2023-07-01 20:00:00,24.5,61,0.0,14.2,133
2023-07-01 21:00:00,22.7,86,0.0,11.5,39
2023-07-01 22:00:00,21.0,100,0.0,9.5,0
2023-07-01 23:00:00,20.9,100,0.0,12.2,0
2023-07-02 00:00:00,20.3,91,0.0,17.3,0
2023-07-02 01:00:00,19.2,99,0.0,14.5,0
2023-07-02 02:00:00,18.8,100,0.0,10.4,0
2023-07-02 03:00:00,19.1,91,0.0,15.0,0
2023-07-02 04:00:00,18.1,100,0.0,15.6,0
2023-07-02 05:00:00,17.9,73,0.0,16.3,0
2023-07-02 06:00:00,17.8,82,0.0,16.9,20
2023-07-02 07:00:00,18.7,100,0.0,17.7,99
2023-07-02 08:00:00,19.8,84,0.0,20.5,203
2023-07-02 09:00:00,20.5,67,0.0,21.0,339
2023-07-02 10:00:00,21.2,51,0.1,22.3,463
2023-07-02 11:00:00,22.1,38,0.1,24.1,604
2023-07-02 12:00:00,23.1,23,0.0,22.3,649
2023-07-02 13:00:00,24.6,10,0.0,23.1,783
2023-07-02 14:00:00,24.3,23,0.0,22.5,859
2023-07-02 15:00:00,24.4,100,0.0,22.7,445
2023-07-02 16:00:00,24.0,69,0.0,23.4,379
2023-07-02 17:00:00,24.1,47,0.0,24.0,379
2023-07-02 18:00:00,23.9,100,0.0,21.9,257
2023-07-02 19:00:00,23.5,94,0.0,22.1,210
2023-07-02 20:00:00,22.5,5,0.0,21.4,131
2023-07-02 21:00:00,21.1,17,0.0,13.4,38
2023-07-02 22:00:00,20.1,26,0.0,11.6,0
2023-07-02 23:00:00,18.2,64,0.0,6.9,0
2023-07-03 00:00:00,18.1,57,0.0,7.2,0
2023-07-03 01:00:00,17.9,48,0.0,8.9,0
2023-07-03 02:00:00,16.8,29,0.0,11.4,0
2023-07-03 03:00:00,15.9,8,0.0,11.9,0
2023-07-03 04:00:00,15.2,73,0.0,11.8,0
2023-07-03 05:00:00,15.7,74,0.0,11.2,0
2023-07-03 06:00:00,16.0,1,0.0,14.9,25
2023-07-03 07:00:00,17.5,0,0.0,16.6,136
2023-07-03 08:00:00,19.2,0,0.0,20.3,289
2023-07-03 09:00:00,20.9,0,0.0,25.0,449
2023-07-03 10:00:00,22.2,100,0.0,28.1,601
2023-07-03 11:00:00,21.9,73,0.0,27.0,322
2023-07-03 12:00:00,22.6,100,0.0,26.6,364
2023-07-03 13:00:00,23.8,76,0.0,27.9,448
2023-07-03 14:00:00,25.1,100,0.0,25.1,423
2023-07-03 15:00:00,24.2,100,0.0,25.1,351
2023-07-03 16:00:00,24.8,68,0.0,23.8,319
2023-07-03 17:00:00,25.0,16,0.0,24.6,322
2023-07-03 18:00:00,25.8,99,0.0,24.5,445
2023-07-03 19:00:00,24.5,91,0.0,24.6,169
2023-07-03 20:00:00,23.4,4,0.0,21.3,117
2023-07-03 21:00:00,21.7,16,0.0,16.2,42
2023-07-03 22:00:00,19.8,10,0.0,10.5,0
2023-07-03 23:00:00,18.5,26,0.0,10.5,0
2023-07-04 00:00:00,17.4,50,0.0,9.2,0
2023-07-04 01:00:00,16.6,56,0.0,10.8,0
2023-07-04 02:00:00,15.8,3,0.0,9.5,0
2023-07-04 03:00:00,15.4,12,0.0,8.7,0
2023-07-04 04:00:00,15.1,75,0.0,9.0,0
2023-07-04 05:00:00,15.8,27,0.0,9.8,0
2023-07-04 06:00:00,16.4,0,0.0,10.0,24
2023-07-04 07:00:00,18.0,0,0.0,10.2,135
2023-07-04 08:00:00,19.8,2,0.0,13.8,283
2023-07-04 09:00:00,21.5,6,0.0,15.3,444
2023-07-04 10:00:00,22.9,14,0.0,17.0,577
2023-07-04 11:00:00,24.1,18,0.0,18.0,662
2023-07-04 12:00:00,25.1,16,0.0,18.5,670
2023-07-04 13:00:00,26.1,8,0.0,18.8,724
2023-07-04 14:00:00,26.9,16,0.0,17.1,781
2023-07-04 15:00:00,27.5,41,0.0,18.5,705
2023-07-04 16:00:00,27.8,88,0.0,17.7,593
2023-07-04 17:00:00,27.6,94,0.0,18.4,496
2023-07-04 18:00:00,26.8,59,0.0,17.1,249
2023-07-04 19:00:00,26.2,46,0.0,14.8,252
2023-07-04 20:00:00,25.5,43,0.0,10.0,144
2023-07-04 21:00:00,22.1,40,0.0,8.2,41
2023-07-04 22:00:00,23.0,37,0.0,4.0,0
2023-07-04 23:00:00,21.2,37,0.0,4.0,0
2023-07-05 00:00:00,18.2,7,0.0,6.5,0
2023-07-05 01:00:00,17.2,56,0.0,6.6,0
2023-07-05 02:00:00,17.5,47,0.0,6.5,0
2023-07-05 03:00:00,15.4,53,0.0,7.1,0
2023-07-05 04:00:00,14.8,85,0.0,6.6,0
2023-07-05 05:00:00,15.3,40,0.0,7.6,0
2023-07-05 06:00:00,16.5,88,0.0,11.2,26
2023-07-05 07:00:00,18.9,3,0.0,13.4,130
2023-07-05 08:00:00,21.8,0,0.0,15.1,278
2023-07-05 09:00:00,24.6,6,0.0,15.6,436
2023-07-05 10:00:00,26.7,73,0.0,18.9,587
2023-07-05 11:00:00,23.6,100,0.5,26.1,607
2023-07-05 12:00:00,23.5,32,0.0,16.5,374
2023-07-05 13:00:00,26.4,92,0.0,18.6,820
2023-07-05 14:00:00,22.6,53,0.0,20.2,731
2023-07-05 15:00:00,25.7,95,0.0,18.1,543
2023-07-05 16:00:00,25.8,100,0.7,22.5,623
2023-07-05 17:00:00,25.8,100,1.0,21.0,402
2023-07-05 18:00:00,24.5,67,0.0,21.7,277
2023-07-05 19:00:00,24.2,1,0.0,18.6,290
2023-07-05 20:00:00,23.5,13,0.0,13.8,167
2023-07-05 21:00:00,21.5,21,0.0,8.4,45
2023-07-05 22:00:00,20.2,5,0.0,12.4,0
2023-07-05 23:00:00,19.5,3,0.0,13.1,0
2023-07-06 00:00:00,18.6,12,0.0,13.5,0
2023-07-06 01:00:00,17.3,11,0.0,8.8,0
2023-07-06 02:00:00,15.1,7,0.0,8.3,0
2023-07-06 03:00:00,14.3,46,0.0,5.7,0
2023-07-06 04:00:00,14.1,76,0.0,6.0,0
2023-07-06 05:00:00,13.6,80,0.0,8.6,0
2023-07-06 06:00:00,14.1,76,0.0,9.2,24
2023-07-06 07:00:00,16.1,32,0.0,10.0,114
2023-07-06 08:00:00,18.5,1,0.0,8.7,262
2023-07-06 09:00:00,20.6,0,0.0,7.5,440
2023-07-06 10:00:00,22.1,25,0.0,5.9,597
2023-07-06 11:00:00,23.5,57,0.0,6.8,683
2023-07-06 12:00:00,24.7,64,0.0,8.4,726
2023-07-06 13:00:00,25.2,100,0.0,8.9,659
2023-07-06 14:00:00,24.5,100,0.0,5.0,481
2023-07-06 15:00:00,25.1,20,0.0,3.7,710
2023-07-06 16:00:00,25.4,30,0.0,4.4,609
2023-07-06 17:00:00,25.5,21,0.0,5.4,571
2023-07-06 18:00:00,25.2,13,0.0,5.8,438
2023-07-06 19:00:00,24.8,30,0.0,8.4,307
2023-07-06 20:00:00,23.7,58,0.0,11.8,131
2023-07-06 21:00:00,22.2,30,0.0,13.2,33
2023-07-06 22:00:00,21.3,13,0.0,5.2,0
2023-07-06 23:00:00,19.6,27,0.0,9.2,0
2023-07-07 00:00:00,18.6,35,0.0,9.8,0
2023-07-07 01:00:00,17.5,3,0.0,7.2,0
2023-07-07 02:00:00,17.0,0,0.0,8.5,0
2023-07-07 03:00:00,15.2,0,0.0,6.2,0
2023-07-07 04:00:00,14.6,1,0.0,5.8,0
2023-07-07 05:00:00,14.3,2,0.0,4.6,0
2023-07-07 06:00:00,14.1,7,0.0,2.5,25
2023-07-07 07:00:00,15.8,0,0.0,0.8,129
2023-07-07 08:00:00,18.3,0,0.0,0.7,279
2023-07-07 09:00:00,21.0,0,0.0,1.0,440
2023-07-07 10:00:00,23.4,0,0.0,1.6,591
2023-07-07 11:00:00,25.5,0,0.0,2.3,720
2023-07-07 12:00:00,27.1,17,0.0,2.0,769
2023-07-07 13:00:00,28.0,50,0.0,4.6,759
2023-07-07 14:00:00,28.9,86,0.0,9.2,610
2023-07-07 15:00:00,29.6,2,0.0,12.7,745
2023-07-07 16:00:00,29.5,0,0.0,17.3,631
2023-07-07 17:00:00,29.5,1,0.0,17.8,634
2023-07-07 18:00:00,29.2,7,0.0,16.3,480
2023-07-07 19:00:00,28.8,2,0.0,12.7,317
2023-07-07 20:00:00,27.6,9,0.0,11.7,164
2023-07-07 21:00:00,24.9,0,0.0,16.5,44
2023-07-07 22:00:00,23.0,0,0.0,14.8,0
2023-07-07 23:00:00,22.0,0,0.0,13.2,0
2023-07-08 00:00:00,21.0,0,0.0,10.9,0
2023-07-08 01:00:00,19.5,0,0.0,6.4,0
2023-07-08 02:00:00,18.6,0,0.0,8.3,0
2023-07-08 03:00:00,16.6,0,0.0,6.7,0
2023-07-08 04:00:00,15.9,0,0.0,6.3,0
2023-07-08 05:00:00,15.4,0,0.0,6.0,0
2023-07-08 06:00:00,16.5,0,0.0,4.7,25
2023-07-08 07:00:00,18.6,2,0.0,5.4,131
2023-07-08 08:00:00,21.4,19,0.0,4.0,281
2023-07-08 09:00:00,24.1,99,0.0,3.3,441
2023-07-08 10:00:00,26.5,85,0.0,4.9,581
2023-07-08 11:00:00,28.5,89,0.0,7.4,713
2023-07-08 12:00:00,29.8,98,0.0,8.7,786
2023-07-08 13:00:00,30.5,52,0.0,10.1,810
2023-07-08 14:00:00,31.0,69,0.0,11.3,864
2023-07-08 15:00:00,31.6,46,0.0,12.0,780
2023-07-08 16:00:00,31.7,44,0.0,13.0,738
2023-07-08 17:00:00,31.5,6,0.0,13.8,615
2023-07-08 18:00:00,30.9,9,0.0,13.5,477
2023-07-08 19:00:00,30.1,18,0.0,12.6,316
2023-07-08 20:00:00,29.1,25,0.0,11.6,164
2023-07-08 21:00:00,26.8,8,0.0,8.8,43
2023-07-08 22:00:00,24.5,1,0.0,6.9,0
2023-07-08 23:00:00,23.1,0,0.0,6.8,0
2023-07-09 00:00:00,21.7,1,0.0,6.5,0
2023-07-09 01:00:00,21.8,4,0.0,3.7,0
2023-07-09 02:00:00,19.8,3,0.0,4.6,0
2023-07-09 03:00:00,18.1,5,0.0,6.1,0
2023-07-09 04:00:00,18.0,6,0.0,11.0,0
2023-07-09 05:00:00,17.2,0,0.0,5.9,0
2023-07-09 06:00:00,18.5,68,0.0,7.9,23
2023-07-09 07:00:00,20.8,100,0.0,6.4,123
2023-07-09 08:00:00,23.2,18,0.0,3.1,262
2023-07-09 09:00:00,25.9,0,0.0,3.2,430
2023-07-09 10:00:00,28.5,0,0.0,2.0,583
2023-07-09 11:00:00,30.7,21,0.0,1.4,710
2023-07-09 12:00:00,31.6,25,0.0,3.3,722
2023-07-09 13:00:00,32.5,18,0.0,5.9,759
2023-07-09 14:00:00,33.3,9,0.0,11.2,768
2023-07-09 15:00:00,33.6,7,0.0,13.2,808
2023-07-09 16:00:00,33.7,6,0.0,13.5,722
2023-07-09 17:00:00,33.5,4,0.0,15.5,617
2023-07-09 18:00:00,33.0,14,0.0,13.8,472
2023-07-09 19:00:00,32.5,23,0.0,10.0,304
2023-07-09 20:00:00,31.7,23,0.0,7.6,156
2023-07-09 21:00:00,29.3,16,0.0,8.5,41
2023-07-09 22:00:00,27.6,4,0.0,16.3,0
2023-07-09 23:00:00,25.9,100,0.0,9.7,0
2023-07-10 00:00:00,24.5,99,0.0,8.8,0
2023-07-10 01:00:00,23.9,95,0.0,10.5,0
2023-07-10 02:00:00,22.5,89,0.0,3.8,0
2023-07-10 03:00:00,21.1,62,0.0,4.6,0
2023-07-10 04:00:00,19.8,95,0.0,7.4,0
2023-07-10 05:00:00,20.2,54,0.0,4.4,0
2023-07-10 06:00:00,20.4,46,0.0,3.2,19
2023-07-10 07:00:00,21.9,96,0.0,8.6,109
2023-07-10 08:00:00,25.4,22,0.0,11.7,249
2023-07-10 09:00:00,28.7,61,0.0,10.2,419
2023-07-10 10:00:00,31.4,89,0.0,9.9,573
2023-07-10 11:00:00,33.6,79,0.0,13.0,683
2023-07-10 12:00:00,32.5,42,0.0,18.6,538
2023-07-10 13:00:00,34.7,83,0.0,13.0,706
2023-07-10 14:00:00,26.1,100,2.2,11.0,684
2023-07-10 15:00:00,31.5,98,0.0,12.7,512
2023-07-10 16:00:00,33.8,57,0.0,12.2,546
2023-07-10 17:00:00,29.5,59,0.1,25.9,501
2023-07-10 18:00:00,28.8,78,0.0,19.8,237
2023-07-10 19:00:00,27.4,23,0.0,20.0,238
2023-07-10 20:00:00,26.0,15,0.0,19.7,129
2023-07-10 21:00:00,24.0,20,0.0,12.2,36
2023-07-10 22:00:00,23.1,60,0.0,9.5,0
2023-07-10 23:00:00,22.4,92,0.0,7.0,0
2023-07-11 00:00:00,21.6,53,0.0,5.4,0
2023-07-11 01:00:00,20.5,48,0.0,4.6,0
2023-07-11 02:00:00,20.5,36,0.0,4.8,0
2023-07-11 03:00:00,19.0,38,0.0,5.5,0
2023-07-11 04:00:00,18.7,41,0.0,4.2,0
2023-07-11 05:00:00,18.1,10,0.0,4.3,0
2023-07-11 06:00:00,18.5,5,0.0,1.9,21
2023-07-11 07:00:00,20.1,1,0.0,2.5,124
2023-07-11 08:00:00,22.1,6,0.0,5.5,266
2023-07-11 09:00:00,23.6,17,0.0,6.6,412
2023-07-11 10:00:00,25.0,19,0.0,4.0,537
2023-07-11 11:00:00,26.6,17,0.0,2.2,659
2023-07-11 12:00:00,28.5,50,0.0,2.0,788
2023-07-11 13:00:00,29.9,100,0.0,5.6,662
2023-07-11 14:00:00,31.0,100,0.0,4.0,530
2023-07-11 15:00:00,32.2,11,0.0,9.7,734
2023-07-11 16:00:00,32.3,14,0.0,13.0,709
2023-07-11 17:00:00,32.1,11,0.0,13.0,593
2023-07-11 18:00:00,31.8,18,0.0,11.3,457
2023-07-11 19:00:00,31.3,28,0.0,10.4,300
2023-07-11 20:00:00,30.4,27,0.0,11.7,144
2023-07-11 21:00:00,28.3,63,0.0,13.0,37
2023-07-11 22:00:00,26.0,38,0.0,17.3,0
2023-07-11 23:00:00,25.1,97,0.0,16.3,0
2023-07-12 00:00:00,24.5,100,0.0,13.6,0
2023-07-12 01:00:00,24.1,99,0.0,14.0,0
2023-07-12 02:00:00,24.5,100,0.0,17.7,0
2023-07-12 03:00:00,23.5,100,0.3,25.0,0
2023-07-12 04:00:00,22.8,100,0.3,19.7,0
2023-07-12 05:00:00,21.9,100,0.0,15.5,0
2023-07-12 06:00:00,21.5,100,0.1,16.6,10
2023-07-12 07:00:00,22.1,100,0.0,17.5,34
2023-07-12 08:00:00,23.0,100,0.0,18.9,142
2023-07-12 09:00:00,23.8,100,0.0,13.2,209
2023-07-12 10:00:00,26.5,100,0.0,13.0,489
2023-07-12 11:00:00,28.7,94,0.0,14.4,611
2023-07-12 12:00:00,30.8,92,0.0,22.7,759
2023-07-12 13:00:00,32.3,97,0.0,24.4,771
2023-07-12 14:00:00,29.8,89,0.0,11.9,754
2023-07-12 15:00:00,27.5,80,0.1,14.5,503
2023-07-12 16:00:00,30.0,100,0.2,12.1,639
2023-07-12 17:00:00,30.4,100,0.0,18.2,435
2023-07-12 18:00:00,30.6,60,0.0,23.2,282
2023-07-12 19:00:00,30.5,54,0.0,17.4,251
2023-07-12 20:00:00,27.2,99,0.0,17.3,136
2023-07-12 21:00:00,26.2,100,0.0,8.7,31
2023-07-12 22:00:00,24.5,100,0.0,6.2,0
2023-07-12 23:00:00,23.9,100,0.0,5.8,0
2023-07-13 00:00:00,23.4,100,0.0,4.6,0
2023-07-13 01:00:00,23.5,100,0.0,0.8,0
2023-07-13 02:00:00,21.4,100,0.0,16.6,0
2023-07-13 03:00:00,19.5,100,0.1,10.5,0
2023-07-13 04:00:00,19.4,100,0.0,4.3,0
2023-07-13 05:00:00,19.2,100,0.0,9.9,0
2023-07-13 06:00:00,19.0,100,0.1,11.5,13
2023-07-13 07:00:00,19.6,100,0.0,10.7,75
2023-07-13 08:00:00,19.8,100,0.0,11.9,169
2023-07-13 09:00:00,21.3,100,0.0,5.5,309
2023-07-13 10:00:00,23.0,94,0.0,7.7,412
2023-07-13 11:00:00,24.5,100,0.1,10.0,602
2023-07-13 12:00:00,24.9,78,0.3,9.6,641
2023-07-13 13:00:00,25.9,94,0.1,8.3,726
2023-07-13 14:00:00,26.9,66,0.0,6.5,715
2023-07-13 15:00:00,27.2,61,0.0,8.3,559
2023-07-13 16:00:00,26.9,91,0.0,10.5,436
2023-07-13 17:00:00,26.7,77,0.0,12.0,395
2023-07-13 18:00:00,26.5,81,0.0,12.7,314
2023-07-13 19:00:00,25.7,50,0.0,14.3,212
2023-07-13 20:00:00,25.2,22,0.0,12.2,134
2023-07-13 21:00:00,23.1,28,0.0,6.6,37
2023-07-13 22:00:00,21.8,95,0.0,5.2,0
2023-07-13 23:00:00,22.0,63,0.0,6.1,0
2023-07-14 00:00:00,21.5,69,0.0,4.2,0
2023-07-14 01:00:00,19.2,53,0.0,3.9,0
2023-07-14 02:00:00,18.8,37,0.0,9.8,0
2023-07-14 03:00:00,18.3,43,0.0,7.1,0
2023-07-14 04:00:00,17.9,24,0.0,6.5,0
2023-07-14 05:00:00,16.4,58,0.0,6.4,0
2023-07-14 06:00:00,17.5,51,0.0,3.3,15
2023-07-14 07:00:00,18.4,4,0.0,3.8,114
2023-07-14 08:00:00,20.0,5,0.0,2.9,261
2023-07-14 09:00:00,22.0,12,0.0,5.7,424
2023-07-14 10:00:00,23.4,11,0.0,6.3,571
2023-07-14 11:00:00,24.7,81,0.0,3.3,674
2023-07-14 12:00:00,26.0,98,0.0,0.8,739
2023-07-14 13:00:00,26.4,100,0.0,3.3,602
2023-07-14 14:00:00,28.0,99,0.0,9.3,663
2023-07-14 15:00:00,28.8,100,0.0,12.5,515
2023-07-14 16:00:00,29.4,100,0.0,13.8,510
2023-07-14 17:00:00,28.5,100,0.0,16.1,395
2023-07-14 18:00:00,28.4,100,0.0,11.9,244
2023-07-14 19:00:00,28.4,100,0.0,8.1,156
2023-07-14 20:00:00,27.6,34,0.0,10.5,121
2023-07-14 21:00:00,25.1,5,0.0,8.7,36
2023-07-14 22:00:00,23.8,0,0.0,11.5,0
2023-07-14 23:00:00,22.9,0,0.0,12.0,0
2023-07-15 00:00:00,21.8,1,0.0,11.4,0
2023-07-15 01:00:00,20.8,0,0.0,10.8,0
2023-07-15 02:00:00,20.6,0,0.0,16.5,0
2023-07-15 03:00:00,19.1,1,0.0,14.2,0
2023-07-15 04:00:00,17.9,5,0.0,9.1,0
2023-07-15 05:00:00,16.0,21,0.0,7.2,0
2023-07-15 06:00:00,16.9,23,0.0,3.3,19
2023-07-15 07:00:00,18.5,21,0.0,4.7,120
2023-07-15 08:00:00,21.2,5,0.0,4.7,269
2023-07-15 09:00:00,24.5,0,0.0,6.0,427
2023-07-15 10:00:00,27.9,17,0.0,8.5,577
2023-07-15 11:00:00,30.5,1,0.0,11.1,706
2023-07-15 12:00:00,32.2,8,0.0,12.6,800
2023-07-15 13:00:00,33.5,0,0.0,13.3,852
2023-07-15 14:00:00,34.9,0,0.0,13.0,858
2023-07-15 15:00:00,35.6,1,0.0,12.3,812
2023-07-15 16:00:00,36.0,13,0.0,12.1,725
2023-07-15 17:00:00,35.9,19,0.0,12.1,562
2023-07-15 18:00:00,35.8,6,0.0,11.7,433
2023-07-15 19:00:00,35.3,4,0.0,13.7,300
2023-07-15 20:00:00,34.0,10,0.0,9.8,151
2023-07-15 21:00:00,31.0,7,0.0,12.7,35
2023-07-15 22:00:00,29.5,1,0.0,24.1,0
2023-07-15 23:00:00,28.1,0,0.0,19.4,0
2023-07-16 00:00:00,27.0,3,0.0,15.6,0
2023-07-16 01:00:00,25.9,0,0.0,13.6,0
2023-07-16 02:00:00,24.3,0,0.0,14.0,0
2023-07-16 03:00:00,23.8,23,0.0,7.7,0
2023-07-16 04:00:00,23.0,87,0.0,17.0,0
2023-07-16 05:00:00,22.4,100,0.0,12.0,0
2023-07-16 06:00:00,22.6,96,0.0,13.7,12
2023-07-16 07:00:00,23.2,100,0.0,10.1,63
2023-07-16 08:00:00,22.1,100,0.7,10.6,65
2023-07-16 09:00:00,21.8,96,0.9,10.0,155
2023-07-16 10:00:00,22.8,21,0.2,10.2,239
2023-07-16 11:00:00,26.0,60,0.0,14.2,556
2023-07-16 12:00:00,27.4,96,0.0,15.7,469
2023-07-16 13:00:00,29.2,54,0.0,16.0,677
2023-07-16 14:00:00,25.0,39,0.0,16.1,681
2023-07-16 15:00:00,27.1,50,0.0,12.6,778
2023-07-16 16:00:00,27.9,14,0.0,13.4,664
2023-07-16 17:00:00,28.0,38,0.0,16.9,580
2023-07-16 18:00:00,27.4,12,0.0,15.6,345
2023-07-16 19:00:00,27.4,11,0.0,14.1,265
2023-07-16 20:00:00,26.9,8,0.0,14.3,141
2023-07-16 21:00:00,25.5,70,0.0,8.4,33
2023-07-16 22:00:00,24.2,49,0.0,8.4,0
2023-07-16 23:00:00,23.3,53,0.0,4.6,0
2023-07-17 00:00:00,22.8,44,0.0,7.4,0
2023-07-17 01:00:00,21.3,100,0.0,14.2,0
2023-07-17 02:00:00,20.9,47,1.9,12.0,0
2023-07-17 03:00:00,20.0,58,0.2,5.8,0
2023-07-17 04:00:00,19.5,34,0.0,8.0,0
2023-07-17 05:00:00,19.0,47,0.0,7.2,0
2023-07-17 06:00:00,19.2,61,0.0,8.5,13
2023-07-17 07:00:00,20.6,100,0.0,6.5,85
2023-07-17 08:00:00,22.5,100,0.0,6.3,215
2023-07-17 09:00:00,23.8,100,0.0,9.4,280
2023-07-17 10:00:00,22.1,98,1.5,10.8,139
2023-07-17 11:00:00,21.8,100,0.4,7.6,150
2023-07-17 12:00:00,24.0,17,0.0,7.9,493
2023-07-17 13:00:00,26.8,18,0.1,14.5,771
2023-07-17 14:00:00,28.4,19,0.0,15.9,780
2023-07-17 15:00:00,29.4,28,0.0,20.5,720
2023-07-17 16:00:00,29.5,7,0.0,19.1,598
2023-07-17 17:00:00,29.8,20,0.0,19.5,583
2023-07-17 18:00:00,29.4,23,0.0,20.2,434
2023-07-17 19:00:00,28.3,25,0.0,18.4,288
2023-07-17 20:00:00,26.9,46,0.0,13.0,142
2023-07-17 21:00:00,25.0,30,0.0,10.9,30
2023-07-17 22:00:00,23.4,51,0.0,10.9,0
2023-07-17 23:00:00,23.5,86,0.0,12.3,0
2023-07-18 00:00:00,22.1,100,0.0,11.4,0
2023-07-18 01:00:00,20.6,9,0.0,6.4,0
2023-07-18 02:00:00,19.4,0,0.0,10.7,0
2023-07-18 03:00:00,19.2,0,0.0,15.5,0
2023-07-18 04:00:00,17.5,18,0.0,9.2,0
2023-07-18 05:00:00,16.4,91,0.0,5.2,0
2023-07-18 06:00:00,17.0,0,0.0,5.4,13
2023-07-18 07:00:00,17.8,0,0.0,5.1,113
2023-07-18 08:00:00,18.9,2,0.0,4.0,260
2023-07-18 09:00:00,20.1,0,0.0,3.9,420
2023-07-18 10:00:00,21.5,0,0.0,3.3,572
2023-07-18 11:00:00,22.9,9,0.0,3.9,703
2023-07-18 12:00:00,24.1,47,0.0,5.0,798
2023-07-18 13:00:00,24.8,45,0.0,5.8,612
2023-07-18 14:00:00,26.2,58,0.0,6.9,599
2023-07-18 15:00:00,27.1,71,0.0,9.5,494
2023-07-18 16:00:00,28.1,100,0.0,11.8,689
2023-07-18 17:00:00,27.8,100,0.0,15.9,433
2023-07-18 18:00:00,27.2,57,0.0,14.7,319
2023-07-18 19:00:00,26.1,46,0.0,17.2,242
2023-07-18 20:00:00,25.4,6,0.0,9.4,111
2023-07-18 21:00:00,22.1,18,0.0,8.5,32
2023-07-18 22:00:00,22.0,72,0.0,8.2,0
2023-07-18 23:00:00,21.5,33,0.0,14.5,0
2023-07-19 00:00:00,20.0,100,0.0,10.2,0
2023-07-19 01:00:00,19.5,1,0.0,9.7,0
2023-07-19 02:00:00,17.7,23,0.0,5.6,0
2023-07-19 03:00:00,16.9,0,0.0,7.1,0
2023-07-19 04:00:00,15.6,9,0.0,8.0,0
2023-07-19 05:00:00,15.4,58,0.0,6.4,0
2023-07-19 06:00:00,16.3,19,0.0,4.6,13
2023-07-19 07:00:00,18.1,16,0.0,4.6,104
2023-07-19 08:00:00,20.3,19,0.0,4.3,248
2023-07-19 09:00:00,22.5,15,0.0,3.4,413
2023-07-19 10:00:00,24.5,87,0.0,2.6,559
2023-07-19 11:00:00,26.0,18,0.0,3.0,660
2023-07-19 12:00:00,27.4,53,0.0,2.9,793
2023-07-19 13:00:00,28.2,33,0.0,5.0,679
2023-07-19 14:00:00,27.6,58,0.0,10.8,765
2023-07-19 15:00:00,29.4,45,0.0,6.6,567
2023-07-19 16:00:00,29.8,42,0.0,9.4,619
2023-07-19 17:00:00,29.6,93,0.0,7.8,475
2023-07-19 18:00:00,28.2,88,0.0,15.9,220
2023-07-19 19:00:00,25.2,73,0.3,22.0,187
2023-07-19 20:00:00,24.0,67,0.0,12.2,102
2023-07-19 21:00:00,22.2,98,0.0,5.4,28
2023-07-19 22:00:00,21.7,100,0.0,2.6,0
2023-07-19 23:00:00,22.0,100,0.0,0.8,0
2023-07-20 00:00:00,20.4,93,0.0,7.1,0
2023-07-20 01:00:00,19.5,98,0.0,11.9,0
2023-07-20 02:00:00,17.5,69,0.0,5.9,0
2023-07-20 03:00:00,16.6,24,0.0,8.4,0
2023-07-20 04:00:00,16.2,83,0.0,6.8,0
2023-07-20 05:00:00,16.7,37,0.1,12.1,0
2023-07-20 06:00:00,16.4,44,0.0,12.4,12
2023-07-20 07:00:00,17.4,5,0.0,10.3,94
2023-07-20 08:00:00,19.2,45,0.0,12.3,249
2023-07-20 09:00:00,19.3,63,0.3,14.5,329
2023-07-20 10:00:00,18.9,85,0.8,15.9,373
2023-07-20 11:00:00,20.1,81,1.5,10.0,542
2023-07-20 12:00:00,21.3,27,0.1,10.9,412
2023-07-20 13:00:00,23.2,44,0.0,14.3,764
2023-07-20 14:00:00,23.5,12,0.0,5.7,673
2023-07-20 15:00:00,25.1,35,0.0,16.3,718
2023-07-20 16:00:00,25.0,44,0.0,19.6,612
2023-07-20 17:00:00,24.5,73,0.0,19.1,466
2023-07-20 18:00:00,23.4,96,0.0,20.7,319
2023-07-20 19:00:00,21.8,54,0.0,20.4,232
2023-07-20 20:00:00,20.6,24,0.0,15.6,127
2023-07-20 21:00:00,19.0,21,0.0,6.2,29
2023-07-20 22:00:00,18.1,29,0.0,6.6,0
2023-07-20 23:00:00,17.3,40,0.0,6.0,0
2023-07-21 00:00:00,16.8,71,0.0,5.1,0
2023-07-21 01:00:00,15.8,100,0.0,7.9,0
2023-07-21 02:00:00,15.2,100,0.0,4.9,0
2023-07-21 03:00:00,15.0,100,0.0,3.3,0
2023-07-21 04:00:00,15.0,100,0.0,1.4,0
2023-07-21 05:00:00,14.9,100,0.0,4.2,0
2023-07-21 06:00:00,15.1,100,0.0,3.8,9
2023-07-21 07:00:00,16.3,100,0.0,5.9,75
2023-07-21 08:00:00,17.7,100,0.0,4.8,153
2023-07-21 09:00:00,19.4,89,0.0,7.6,288
2023-07-21 10:00:00,21.4,32,0.0,10.4,518
2023-07-21 11:00:00,22.9,13,0.0,11.3,683
2023-07-21 12:00:00,24.3,45,0.0,5.1,690
2023-07-21 13:00:00,25.0,31,0.0,5.2,620
2023-07-21 14:00:00,26.6,100,0.0,7.1,749
2023-07-21 15:00:00,19.4,86,2.7,11.2,449
2023-07-21 16:00:00,23.3,38,0.0,5.0,524
2023-07-21 17:00:00,24.9,88,0.0,3.8,566
2023-07-21 18:00:00,23.1,91,0.1,17.1,289
2023-07-21 19:00:00,22.5,32,0.0,11.9,215
2023-07-21 20:00:00,21.6,84,0.0,11.7,129
2023-07-21 21:00:00,20.1,55,0.0,8.7,26
2023-07-21 22:00:00,19.1,99,0.0,13.2,0
2023-07-21 23:00:00,18.0,62,0.2,7.9,0
2023-07-22 00:00:00,17.2,55,0.4,7.3,0
2023-07-22 01:00:00,17.0,100,0.0,10.7,0
2023-07-22 02:00:00,15.5,100,0.0,10.3,0
2023-07-22 03:00:00,15.6,4,0.0,10.8,0
2023-07-22 04:00:00,14.8,0,0.0,11.8,0
2023-07-22 05:00:00,14.2,0,0.0,13.9,0
2023-07-22 06:00:00,14.1,0,0.0,15.5,12
2023-07-22 07:00:00,15.2,6,0.0,17.8,103
2023-07-22 08:00:00,16.6,7,0.0,15.6,248
2023-07-22 09:00:00,18.0,12,0.0,14.8,402
2023-07-22 10:00:00,19.5,29,0.0,13.3,547
2023-07-22 11:00:00,20.9,72,0.0,16.6,601
2023-07-22 12:00:00,21.8,46,0.0,17.2,686
2023-07-22 13:00:00,22.8,45,0.0,16.8,695
2023-07-22 14:00:00,22.3,48,0.0,18.0,757
2023-07-22 15:00:00,23.1,37,0.0,19.2,611
2023-07-22 16:00:00,23.0,42,0.0,17.9,470
2023-07-22 17:00:00,23.4,52,0.0,16.8,422
2023-07-22 18:00:00,23.4,83,0.0,14.4,223
2023-07-22 19:00:00,23.2,71,0.0,11.6,141
2023-07-22 20:00:00,22.4,74,0.0,6.9,77
2023-07-22 21:00:00,20.6,70,0.0,6.0,15
2023-07-22 22:00:00,19.5,46,0.0,5.8,0
2023-07-22 23:00:00,18.5,2,0.0,7.9,0
2023-07-23 00:00:00,17.4,22,0.0,7.6,0
2023-07-23 01:00:00,16.6,100,0.0,10.3,0
2023-07-23 02:00:00,17.7,81,0.0,9.7,0
2023-07-23 03:00:00,16.6,37,0.0,6.9,0
2023-07-23 04:00:00,15.9,89,0.0,9.2,0
2023-07-23 05:00:00,15.6,96,0.0,12.6,0
2023-07-23 06:00:00,16.7,99,0.0,14.3,9
2023-07-23 07:00:00,18.1,94,0.0,15.3,79
2023-07-23 08:00:00,20.1,40,0.0,13.7,195
2023-07-23 09:00:00,23.0,21,0.0,15.6,378
2023-07-23 10:00:00,25.5,1,0.0,18.7,553
2023-07-23 11:00:00,27.0,99,0.0,23.8,690
2023-07-23 12:00:00,28.0,100,0.0,26.1,753
2023-07-23 13:00:00,28.4,100,0.0,24.5,766
2023-07-23 14:00:00,29.4,81,0.0,23.2,808
2023-07-23 15:00:00,29.7,100,0.0,24.0,727
2023-07-23 16:00:00,28.9,100,0.0,23.2,266
2023-07-23 17:00:00,27.7,87,0.0,23.4,278
2023-07-23 18:00:00,28.5,75,0.0,21.7,319
2023-07-23 19:00:00,28.6,93,0.0,20.4,223
2023-07-23 20:00:00,27.8,100,0.0,20.0,92
2023-07-23 21:00:00,26.3,100,0.0,22.3,11
2023-07-23 22:00:00,25.0,98,0.0,16.2,0
2023-07-23 23:00:00,24.1,99,0.0,11.9,0
2023-07-24 00:00:00,22.2,65,0.0,11.9,0
2023-07-24 01:00:00,21.5,92,0.0,12.3,0
2023-07-24 02:00:00,21.1,93,0.0,14.2,0
2023-07-24 03:00:00,20.5,100,0.0,14.4,0
2023-07-24 04:00:00,20.1,100,0.0,14.7,0
2023-07-24 05:00:00,19.9,100,0.0,16.6,0
2023-07-24 06:00:00,20.4,100,0.0,21.7,4
2023-07-24 07:00:00,20.0,100,0.0,19.6,36
2023-07-24 08:00:00,21.0,69,0.0,15.3,117
2023-07-24 09:00:00,23.8,25,0.0,18.5,365
2023-07-24 10:00:00,26.9,95,0.0,14.7,542
2023-07-24 11:00:00,28.2,100,0.0,15.6,580
2023-07-24 12:00:00,29.4,100,0.0,13.1,616
2023-07-24 13:00:00,30.4,100,0.1,25.5,583
2023-07-24 14:00:00,28.0,99,0.0,7.9,400
2023-07-24 15:00:00,29.0,100,0.2,19.9,560
2023-07-24 16:00:00,27.5,100,0.0,24.1,344
2023-07-24 17:00:00,24.9,100,0.1,23.0,102
2023-07-24 18:00:00,24.8,100,0.0,19.7,192
2023-07-24 19:00:00,24.4,100,0.0,18.5,129
2023-07-24 20:00:00,24.0,100,0.0,17.9,106
2023-07-24 21:00:00,23.3,100,0.0,17.2,18
2023-07-24 22:00:00,22.6,100,0.0,14.9,0
2023-07-24 23:00:00,21.8,100,0.0,22.9,0
2023-07-25 00:00:00,20.0,100,0.0,21.7,0
2023-07-25 01:00:00,19.4,100,0.0,20.7,0
2023-07-25 02:00:00,19.6,100,0.0,16.8,0
2023-07-25 03:00:00,19.4,99,0.0,15.0,0
2023-07-25 04:00:00,18.4,85,0.0,13.9,0
2023-07-25 05:00:00,17.7,97,0.0,14.6,0
2023-07-25 06:00:00,17.4,100,0.0,12.3,9
2023-07-25 07:00:00,18.2,100,0.0,9.4,76
2023-07-25 08:00:00,19.0,100,0.0,8.9,157
2023-07-25 09:00:00,20.0,100,0.0,7.7,273
2023-07-25 10:00:00,20.5,100,0.0,4.6,315
2023-07-25 11:00:00,21.0,100,0.0,3.7,328
2023-07-25 12:00:00,21.8,100,0.0,3.6,387
2023-07-25 13:00:00,23.4,100,0.0,1.6,612
2023-07-25 14:00:00,22.2,100,0.0,4.3,642
2023-07-25 15:00:00,18.6,100,3.2,21.6,285
2023-07-25 16:00:00,18.4,100,1.2,5.4,167
2023-07-25 17:00:00,19.7,100,0.0,6.3,239
2023-07-25 18:00:00,19.2,96,0.6,9.8,234
2023-07-25 19:00:00,19.5,92,0.0,6.1,177
2023-07-25 20:00:00,18.7,84,0.5,10.5,102
2023-07-25 21:00:00,16.5,65,0.5,2.3,15
2023-07-25 22:00:00,15.9,100,0.1,1.8,0
2023-07-25 23:00:00,15.6,100,0.3,6.4,0
2023-07-26 00:00:00,15.3,100,0.5,15.2,0
2023-07-26 01:00:00,14.6,100,1.0,22.3,0
2023-07-26 02:00:00,13.6,100,0.4,16.0,0
2023-07-26 03:00:00,13.6,100,0.0,14.3,0
2023-07-26 04:00:00,13.7,100,0.0,14.3,0
2023-07-26 05:00:00,13.7,74,0.0,16.3,0
2023-07-26 06:00:00,13.3,100,0.0,15.3,7
2023-07-26 07:00:00,14.1,100,0.0,17.1,56
2023-07-26 08:00:00,14.6,100,0.0,15.9,110
2023-07-26 09:00:00,15.7,47,0.0,17.6,269
2023-07-26 10:00:00,17.0,44,0.0,17.8,465
2023-07-26 11:00:00,18.2,22,0.0,18.1,623
2023-07-26 12:00:00,19.2,60,0.0,18.4,708
2023-07-26 13:00:00,19.8,16,0.0,17.9,765
2023-07-26 14:00:00,18.2,30,0.0,16.9,778
2023-07-26 15:00:00,20.0,99,0.0,17.1,593
2023-07-26 16:00:00,19.7,71,0.0,19.5,589
2023-07-26 17:00:00,20.0,63,0.2,16.4,460
2023-07-26 18:00:00,18.9,73,0.0,20.6,359
2023-07-26 19:00:00,18.5,40,0.0,16.5,186
2023-07-26 20:00:00,18.0,24,0.0,11.8,100
2023-07-26 21:00:00,16.1,24,0.0,6.6,20
2023-07-26 22:00:00,15.1,19,0.0,7.6,0
2023-07-26 23:00:00,14.6,6,0.0,10.9,0
2023-07-27 00:00:00,14.1,3,0.0,15.3,0
2023-07-27 01:00:00,13.7,2,0.0,16.6,0
2023-07-27 02:00:00,12.6,1,0.0,15.6,0
2023-07-27 03:00:00,12.3,16,0.0,17.4,0
2023-07-27 04:00:00,12.2,12,0.0,16.6,0
2023-07-27 05:00:00,12.0,4,0.0,16.1,0
2023-07-27 06:00:00,11.9,100,0.0,15.2,8
2023-07-27 07:00:00,13.1,24,0.0,14.4,83
2023-07-27 08:00:00,15.1,95,0.0,14.7,235
2023-07-27 09:00:00,17.1,98,0.0,14.0,385
2023-07-27 10:00:00,19.0,97,0.0,14.3,516
2023-07-27 11:00:00,20.5,100,0.1,14.6,643
2023-07-27 12:00:00,21.0,100,0.0,17.6,490
2023-07-27 13:00:00,21.2,100,0.0,17.8,443
2023-07-27 14:00:00,22.9,100,0.0,17.6,308
2023-07-27 15:00:00,22.2,100,0.0,17.4,220
2023-07-27 16:00:00,22.1,100,0.0,19.0,307
2023-07-27 17:00:00,20.2,100,0.3,15.6,126
2023-07-27 18:00:00,19.1,100,0.0,19.7,116
2023-07-27 19:00:00,17.8,100,0.0,15.3,59
2023-07-27 20:00:00,17.5,100,0.0,14.9,27
2023-07-27 21:00:00,17.7,100,0.0,19.3,6
2023-07-27 22:00:00,18.0,100,0.0,19.4,0
2023-07-27 23:00:00,17.6,100,0.2,20.0,0
2023-07-28 00:00:00,16.6,100,0.9,18.1,0
2023-07-28 01:00:00,16.5,100,1.9,19.6,0
2023-07-28 02:00:00,16.5,100,1.1,18.9,0
2023-07-28 03:00:00,16.8,100,0.6,20.4,0
2023-07-28 04:00:00,16.8,100,0.5,18.4,0
2023-07-28 05:00:00,16.8,100,0.8,17.8,0
2023-07-28 06:00:00,16.9,100,0.2,20.0,1
2023-07-28 07:00:00,17.0,100,0.1,19.0,20
2023-07-28 08:00:00,17.2,100,0.2,18.0,40
2023-07-28 09:00:00,17.4,100,0.3,15.3,60
2023-07-28 10:00:00,18.2,100,0.6,18.2,136
2023-07-28 11:00:00,19.6,48,0.0,19.9,225
2023-07-28 12:00:00,22.2,33,0.0,21.6,598
2023-07-28 13:00:00,24.4,100,0.1,23.4,791
2023-07-28 14:00:00,23.4,67,0.0,17.7,311
2023-07-28 15:00:00,25.0,43,0.0,18.0,560
2023-07-28 16:00:00,25.4,23,0.0,18.4,629
2023-07-28 17:00:00,24.9,38,0.0,18.1,473
2023-07-28 18:00:00,24.9,34,0.0,16.9,318
2023-07-28 19:00:00,23.6,82,0.0,14.8,176
2023-07-28 20:00:00,22.5,99,0.0,10.2,86
2023-07-28 21:00:00,20.6,100,0.0,7.6,17
2023-07-28 22:00:00,19.5,100,0.0,8.3,0
2023-07-28 23:00:00,19.4,100,0.0,10.0,0
2023-07-29 00:00:00,18.9,100,0.0,12.5,0
2023-07-29 01:00:00,18.9,100,0.0,15.3,0
2023-07-29 02:00:00,18.2,100,1.0,10.3,0
2023-07-29 03:00:00,18.4,100,0.0,12.8,0
2023-07-29 04:00:00,17.4,100,0.4,4.6,0
2023-07-29 05:00:00,17.2,59,0.1,6.9,0
2023-07-29 06:00:00,17.1,64,0.0,10.8,6
2023-07-29 07:00:00,17.8,14,0.0,15.8,60
2023-07-29 08:00:00,19.2,59,0.0,19.0,218
2023-07-29 09:00:00,20.5,91,0.0,16.3,276
2023-07-29 10:00:00,22.4,100,0.0,15.0,425
2023-07-29 11:00:00,23.5,95,0.0,17.2,390
2023-07-29 12:00:00,25.0,100,0.0,17.7,618
2023-07-29 13:00:00,25.9,100,0.0,18.6,651
2023-07-29 14:00:00,20.1,88,0.2,11.8,562
2023-07-29 15:00:00,21.3,99,0.7,16.8,124
2023-07-29 16:00:00,23.2,46,0.0,20.6,404
2023-07-29 17:00:00,24.6,27,0.0,22.5,554
2023-07-29 18:00:00,24.5,99,0.0,22.5,415
2023-07-29 19:00:00,24.0,84,0.0,19.8,219
2023-07-29 20:00:00,23.1,73,0.0,17.4,108
2023-07-29 21:00:00,21.2,19,0.0,16.2,15
2023-07-29 22:00:00,20.2,13,0.0,11.7,0
2023-07-29 23:00:00,19.9,100,0.0,14.8,0
2023-07-30 00:00:00,19.5,100,0.0,13.9,0
2023-07-30 01:00:00,18.8,100,0.0,12.9,0
2023-07-30 02:00:00,17.6,100,0.0,6.4,0
2023-07-30 03:00:00,17.0,80,0.0,8.4,0
2023-07-30 04:00:00,16.9,100,0.0,7.1,0
2023-07-30 05:00:00,16.2,99,0.0,6.9,0
2023-07-30 06:00:00,16.5,100,0.0,9.6,5
2023-07-30 07:00:00,17.6,100,0.5,12.1,68
2023-07-30 08:00:00,17.8,100,5.5,13.8,164
2023-07-30 09:00:00,18.5,99,0.2,14.7,234
2023-07-30 10:00:00,19.8,70,0.0,14.3,222
2023-07-30 11:00:00,22.4,85,0.3,12.9,611
2023-07-30 12:00:00,23.5,100,0.3,12.1,597
2023-07-30 13:00:00,23.2,100,0.3,7.2,356
2023-07-30 14:00:00,20.0,100,8.4,12.4,311
2023-07-30 15:00:00,21.7,100,0.1,8.0,404
2023-07-30 16:00:00,23.0,100,0.0,5.5,515
2023-07-30 17:00:00,20.3,100,0.3,12.1,227
2023-07-30 18:00:00,21.0,21,0.0,6.3,222
2023-07-30 19:00:00,20.1,96,2.3,16.9,252
2023-07-30 20:00:00,19.1,24,0.0,11.5,70
2023-07-30 21:00:00,18.0,16,0.0,12.3,16
2023-07-30 22:00:00,17.4,59,0.0,9.8,0
2023-07-30 23:00:00,16.7,73,0.0,10.0,0
2023-07-31 00:00:00,16.3,100,0.0,13.1,0
2023-07-31 01:00:00,16.4,100,0.0,14.6,0
2023-07-31 02:00:00,15.6,100,0.0,13.8,0
2023-07-31 03:00:00,15.7,100,0.0,14.4,0
2023-07-31 04:00:00,15.1,98,0.0,14.5,0
2023-07-31 05:00:00,14.9,97,0.0,16.6,0
2023-07-31 06:00:00,14.9,32,0.0,17.3,5
2023-07-31 07:00:00,15.9,100,0.0,17.8,76
2023-07-31 08:00:00,16.8,100,0.1,16.7,102
2023-07-31 09:00:00,16.5,100,0.4,19.9,38
2023-07-31 10:00:00,16.8,100,0.6,19.1,92
2023-07-31 11:00:00,20.2,100,0.0,21.1,515
2023-07-31 12:00:00,22.4,100,0.0,21.6,657
2023-07-31 13:00:00,23.4,98,0.0,26.1,693
2023-07-31 14:00:00,23.0,98,0.0,24.1,526
2023-07-31 15:00:00,23.0,100,0.0,22.6,335
2023-07-31 16:00:00,23.2,98,0.0,22.6,398
2023-07-31 17:00:00,23.5,100,0.0,20.9,400
2023-07-31 18:00:00,22.8,91,0.0,17.4,183
2023-07-31 19:00:00,22.8,100,0.0,16.1,162
2023-07-31 20:00:00,22.1,100,0.0,14.5,64
2023-07-31 21:00:00,20.9,100,0.0,13.0,11
2023-07-31 22:00:00,19.8,100,0.0,11.0,0
2023-07-31 23:00:00,19.1,100,0.0,11.4,0
2023-08-01 00:00:00,19.0,100,0.0,13.8,0
2023-08-01 01:00:00,18.9,100,0.0,14.8,0
2023-08-01 02:00:00,18.0,100,0.1,15.3,0
2023-08-01 03:00:00,17.7,100,0.2,15.3,0
2023-08-01 04:00:00,17.5,100,0.1,17.2,0
2023-08-01 05:00:00,17.0,100,0.6,17.6,0
2023-08-01 06:00:00,16.8,100,0.6,17.2,0
2023-08-01 07:00:00,16.7,100,0.5,18.8,7
2023-08-01 08:00:00,17.5,100,0.0,20.7,34
2023-08-01 09:00:00,18.5,100,0.2,24.0,114
2023-08-01 10:00:00,18.2,100,0.4,23.8,68
2023-08-01 11:00:00,19.5,100,0.2,27.0,228
2023-08-01 12:00:00,19.4,100,0.5,23.7,160
2023-08-01 13:00:00,20.1,100,0.0,24.0,193
2023-08-01 14:00:00,19.0,100,0.5,16.2,207
2023-08-01 15:00:00,21.3,100,0.0,22.7,426
2023-08-01 16:00:00,21.5,100,0.0,25.0,352
2023-08-01 17:00:00,21.7,100,0.0,24.4,371
2023-08-01 18:00:00,21.2,31,0.0,23.8,257
2023-08-01 19:00:00,21.0,33,0.2,19.5,251
2023-08-01 20:00:00,19.8,21,0.0,12.6,99
2023-08-01 21:00:00,18.6,13,0.0,13.2,13
2023-08-01 22:00:00,17.9,9,0.0,16.1,0
2023-08-01 23:00:00,17.1,1,0.0,15.8,0
2023-08-02 00:00:00,16.2,2,0.0,16.1,0
2023-08-02 01:00:00,16.1,5,0.0,16.1,0
2023-08-02 02:00:00,15.4,5,0.0,15.8,0
2023-08-02 03:00:00,15.4,100,0.0,16.8,0
2023-08-02 04:00:00,16.0,5,0.0,18.0,0
2023-08-02 05:00:00,15.0,2,0.0,16.4,0
2023-08-02 06:00:00,14.7,99,0.0,17.7,4
2023-08-02 07:00:00,15.7,87,0.0,17.1,59
2023-08-02 08:00:00,17.0,98,0.0,15.8,201
2023-08-02 09:00:00,18.5,100,0.0,16.8,330
2023-08-02 10:00:00,19.8,100,0.0,16.3,418
2023-08-02 11:00:00,21.1,100,0.0,16.5,532
2023-08-02 12:00:00,22.0,100,0.0,18.7,541
2023-08-02 13:00:00,23.6,100,0.0,23.0,583
2023-08-02 14:00:00,20.7,100,0.0,23.3,518
2023-08-02 15:00:00,20.3,100,0.2,24.4,350
2023-08-02 16:00:00,20.0,100,0.1,23.9,262
2023-08-02 17:00:00,20.0,100,0.3,21.6,219
2023-08-02 18:00:00,19.0,100,0.5,19.2,88
2023-08-02 19:00:00,19.5,57,0.0,21.6,69
2023-08-02 20:00:00,19.6,100,0.0,20.9,79
2023-08-02 21:00:00,18.2,97,1.3,19.4,2
2023-08-02 22:00:00,18.4,51,0.1,18.7,0
2023-08-02 23:00:00,18.1,56,0.8,10.2,0
2023-08-03 00:00:00,17.8,76,0.8,16.0,0
2023-08-03 01:00:00,18.4,99,0.3,19.6,0
2023-08-03 02:00:00,17.8,65,0.0,15.2,0
2023-08-03 03:00:00,17.8,79,0.0,20.8,0
2023-08-03 04:00:00,17.8,76,0.0,21.9,0
2023-08-03 05:00:00,17.5,45,0.0,20.6,0
2023-08-03 06:00:00,17.3,5,0.0,20.0,3
2023-08-03 07:00:00,18.0,1,0.0,21.3,65
2023-08-03 08:00:00,19.5,16,0.0,27.5,227
2023-08-03 09:00:00,20.3,40,0.0,27.6,319
2023-08-03 10:00:00,21.0,100,0.0,33.0,475
2023-08-03 11:00:00,21.7,44,0.0,29.5,473
2023-08-03 12:00:00,23.1,9,0.0,29.6,668
2023-08-03 13:00:00,23.8,8,0.1,27.1,756
2023-08-03 14:00:00,23.9,12,0.0,23.7,799
2023-08-03 15:00:00,24.1,14,0.0,27.0,707
2023-08-03 16:00:00,24.1,5,0.0,24.8,623
2023-08-03 17:00:00,24.2,2,0.0,24.5,549
2023-08-03 18:00:00,23.9,4,0.0,23.8,415
2023-08-03 19:00:00,23.0,6,0.0,19.6,253
2023-08-03 20:00:00,21.9,0,0.0,18.5,107
2023-08-03 21:00:00,20.8,3,0.0,19.2,13
2023-08-03 22:00:00,20.0,2,0.0,17.8,0
2023-08-03 23:00:00,18.9,19,0.0,14.8,0
2023-08-04 00:00:00,17.8,17,0.0,13.2,0
2023-08-04 01:00:00,17.0,32,0.0,13.2,0
2023-08-04 02:00:00,17.3,99,0.0,14.3,0
2023-08-04 03:00:00,17.5,100,0.0,13.0,0
2023-08-04 04:00:00,17.5,100,0.0,14.5,0
2023-08-04 05:00:00,17.2,100,0.0,13.3,0
2023-08-04 06:00:00,16.9,36,0.0,12.7,2
2023-08-04 07:00:00,17.2,100,0.0,13.6,66
2023-08-04 08:00:00,18.2,98,0.0,14.0,165
2023-08-04 09:00:00,19.3,100,0.0,13.7,307
2023-08-04 10:00:00,19.6,100,0.0,13.3,268
2023-08-04 11:00:00,19.8,100,0.0,11.9,205
2023-08-04 12:00:00,20.5,100,0.0,10.7,329
2023-08-04 13:00:00,22.0,97,0.1,9.1,663
2023-08-04 14:00:00,23.0,75,0.1,11.3,643
2023-08-04 15:00:00,23.4,100,0.0,10.9,470
2023-08-04 16:00:00,23.2,100,0.0,9.0,291
2023-08-04 17:00:00,23.7,100,0.0,6.1,355
2023-08-04 18:00:00,23.5,100,0.0,4.4,275
2023-08-04 19:00:00,22.6,100,0.0,2.9,130
2023-08-04 20:00:00,21.6,100,0.0,3.2,71
2023-08-04 21:00:00,19.8,100,0.0,4.9,6
2023-08-04 22:00:00,19.0,100,0.0,10.3,0
2023-08-04 23:00:00,17.7,67,0.0,10.5,0
2023-08-05 00:00:00,16.8,100,0.0,8.0,0
2023-08-05 01:00:00,16.5,72,0.0,10.7,0
2023-08-05 02:00:00,17.5,100,0.0,12.6,0
2023-08-05 03:00:00,17.2,100,0.0,12.3,0
2023-08-05 04:00:00,16.9,100,0.0,12.7,0
2023-08-05 05:00:00,16.5,100,0.4,13.3,0
2023-08-05 06:00:00,16.1,100,0.8,12.6,1
2023-08-05 07:00:00,16.1,100,0.9,14.5,14
2023-08-05 08:00:00,16.4,100,0.5,14.5,53
2023-08-05 09:00:00,17.1,100,0.2,13.4,92
2023-08-05 10:00:00,17.2,100,0.2,13.0,86
2023-08-05 11:00:00,17.4,100,0.2,14.4,91
2023-08-05 12:00:00,19.1,100,0.2,17.0,374
2023-08-05 13:00:00,18.0,100,0.3,16.2,92
2023-08-05 14:00:00,17.0,100,0.3,13.3,83
2023-08-05 15:00:00,17.0,100,0.7,14.1,129
2023-08-05 16:00:00,16.6,100,0.9,13.3,62
2023-08-05 17:00:00,16.6,100,1.4,14.6,92
2023-08-05 18:00:00,16.5,100,1.4,14.9,76
2023-08-05 19:00:00,16.1,100,1.3,13.1,24
2023-08-05 20:00:00,15.9,100,1.2,11.4,8
2023-08-05 21:00:00,15.8,100,0.9,13.2,2
2023-08-05 22:00:00,15.6,100,0.4,12.3,0
2023-08-05 23:00:00,15.4,100,0.4,13.0,0
2023-08-06 00:00:00,15.4,100,1.5,12.2,0
2023-08-06 01:00:00,15.2,100,1.8,15.0,0
2023-08-06 02:00:00,14.9,100,0.8,13.6,0
2023-08-06 03:00:00,14.6,100,1.7,13.3,0
2023-08-06 04:00:00,14.6,100,1.3,13.5,0
2023-08-06 05:00:00,14.5,100,0.7,13.0,0
2023-08-06 06:00:00,14.4,100,0.4,12.2,1
2023-08-06 07:00:00,14.2,100,0.3,12.7,12
2023-08-06 08:00:00,14.6,100,0.3,11.6,57
2023-08-06 09:00:00,15.2,100,0.2,10.9,108
2023-08-06 10:00:00,16.6,100,0.2,15.5,227
2023-08-06 11:00:00,17.2,100,0.2,14.7,274
2023-08-06 12:00:00,18.0,100,0.2,16.4,330
2023-08-06 13:00:00,17.9,100,0.2,15.8,321
2023-08-06 14:00:00,16.6,100,1.6,13.4,197
2023-08-06 15:00:00,17.1,100,0.4,9.6,269
2023-08-06 16:00:00,18.3,100,0.1,8.6,306
2023-08-06 17:00:00,16.5,100,1.2,20.2,320
2023-08-06 18:00:00,16.7,100,0.2,12.8,160
2023-08-06 19:00:00,17.4,100,0.0,12.8,134
2023-08-06 20:00:00,15.4,100,0.5,14.9,61
2023-08-06 21:00:00,14.9,100,0.1,11.3,5
2023-08-06 22:00:00,14.9,95,0.0,17.9,0
2023-08-06 23:00:00,14.6,100,0.0,23.8,0
2023-08-07 00:00:00,14.4,100,0.0,23.8,0
2023-08-07 01:00:00,13.9,100,0.2,23.4,0
2023-08-07 02:00:00,13.2,100,0.8,24.8,0
2023-08-07 03:00:00,13.1,100,0.6,24.9,0
2023-08-07 04:00:00,13.2,100,0.2,22.5,0
2023-08-07 05:00:00,13.2,100,0.2,20.3,0
2023-08-07 06:00:00,13.1,100,1.6,19.5,0
2023-08-07 07:00:00,13.2,100,2.4,22.0,4
2023-08-07 08:00:00,13.8,100,0.7,23.2,13
2023-08-07 09:00:00,15.1,100,0.0,20.7,162
2023-08-07 10:00:00,16.2,79,0.1,28.4,427
2023-08-07 11:00:00,16.6,86,0.3,23.7,317
2023-08-07 12:00:00,18.8,100,0.1,25.5,618
2023-08-07 13:00:00,17.5,100,3.3,25.9,532
2023-08-07 14:00:00,17.6,100,0.2,27.0,384
2023-08-07 15:00:00,18.6,100,0.1,29.0,569
2023-08-07 16:00:00,17.4,100,1.3,26.4,273
2023-08-07 17:00:00,17.9,100,0.0,26.7,222
2023-08-07 18:00:00,17.6,100,0.1,26.7,147
2023-08-07 19:00:00,16.8,100,0.1,26.8,156
2023-08-07 20:00:00,16.0,100,0.0,25.1,26
2023-08-07 21:00:00,15.1,94,0.0,23.6,6
2023-08-07 22:00:00,14.8,15,0.0,23.2,0
2023-08-07 23:00:00,13.8,15,0.0,21.3,0
2023-08-08 00:00:00,13.2,4,0.0,21.2,0
2023-08-08 01:00:00,12.8,8,0.0,20.5,0
2023-08-08 02:00:00,12.6,5,0.0,18.7,0
2023-08-08 03:00:00,12.3,32,0.0,18.3,0
2023-08-08 04:00:00,12.2,23,0.0,20.3,0
2023-08-08 05:00:00,11.8,79,0.0,20.0,0
2023-08-08 06:00:00,11.7,29,0.0,20.6,1
2023-08-08 07:00:00,12.4,92,0.0,21.4,59
2023-08-08 08:00:00,13.6,94,0.0,18.0,161
2023-08-08 09:00:00,14.9,92,0.0,21.4,324
2023-08-08 10:00:00,16.2,82,0.0,23.9,458
2023-08-08 11:00:00,17.3,72,0.0,23.5,513
2023-08-08 12:00:00,18.5,5,0.0,21.3,656
2023-08-08 13:00:00,19.5,13,0.0,22.1,752
2023-08-08 14:00:00,19.9,82,0.0,22.9,753
2023-08-08 15:00:00,19.8,91,0.0,25.7,591
2023-08-08 16:00:00,20.5,100,0.0,23.8,461
2023-08-08 17:00:00,20.1,100,0.0,24.9,355
2023-08-08 18:00:00,19.8,100,0.0,20.3,233
2023-08-08 19:00:00,19.1,100,0.0,17.5,127
2023-08-08 20:00:00,17.6,100,0.0,10.6,61
2023-08-08 21:00:00,16.3,99,0.0,9.5,5
2023-08-08 22:00:00,16.2,100,0.0,11.2,0
2023-08-08 23:00:00,15.5,100,0.0,11.0,0
2023-08-09 00:00:00,16.0,100,0.0,16.0,0
2023-08-09 01:00:00,15.8,100,0.0,12.6,0
2023-08-09 02:00:00,15.0,100,0.0,9.4,0
2023-08-09 03:00:00,14.5,100,0.0,10.4,0
2023-08-09 04:00:00,14.1,100,0.0,11.8,0
2023-08-09 05:00:00,14.2,100,0.0,13.2,0
2023-08-09 06:00:00,13.9,100,0.1,14.1,1
2023-08-09 07:00:00,13.5,100,1.3,14.6,12
2023-08-09 08:00:00,13.8,100,2.6,17.2,15
2023-08-09 09:00:00,13.9,100,3.8,14.8,28
2023-08-09 10:00:00,14.8,86,1.1,20.0,57
2023-08-09 11:00:00,16.9,98,0.2,25.3,316
2023-08-09 12:00:00,18.5,46,0.1,18.6,586
2023-08-09 13:00:00,18.9,88,0.1,18.2,709
2023-08-09 14:00:00,18.9,98,0.0,9.0,624
2023-08-09 15:00:00,19.6,79,0.0,9.7,629
2023-08-09 16:00:00,19.5,96,0.0,12.5,458
2023-08-09 17:00:00,19.5,95,0.0,11.5,424
2023-08-09 18:00:00,19.5,14,0.0,11.0,376
2023-08-09 19:00:00,18.5,14,0.0,9.0,240
2023-08-09 20:00:00,16.4,6,0.0,7.1,93
2023-08-09 21:00:00,14.4,7,0.0,6.8,6
2023-08-09 22:00:00,13.9,31,0.0,8.8,0
2023-08-09 23:00:00,13.2,20,0.0,7.6,0
2023-08-10 00:00:00,12.9,17,0.0,6.1,0
2023-08-10 01:00:00,12.6,9,0.0,3.7,0
2023-08-10 02:00:00,10.4,25,0.0,5.1,0
2023-08-10 03:00:00,9.6,0,0.0,4.1,0
2023-08-10 04:00:00,8.9,0,0.0,3.6,0
2023-08-10 05:00:00,8.5,0,0.0,3.6,0
2023-08-10 06:00:00,8.8,0,0.0,2.8,1
2023-08-10 07:00:00,10.8,0,0.0,7.9,61
2023-08-10 08:00:00,13.7,0,0.0,7.5,201
2023-08-10 09:00:00,16.1,0,0.0,5.7,365
2023-08-10 10:00:00,17.9,1,0.0,3.1,524
2023-08-10 11:00:00,19.0,14,0.0,2.4,641
2023-08-10 12:00:00,19.5,19,0.0,3.3,682
2023-08-10 13:00:00,20.2,29,0.0,3.7,719
2023-08-10 14:00:00,21.2,55,0.0,4.8,734
2023-08-10 15:00:00,21.6,76,0.0,6.9,558
2023-08-10 16:00:00,21.9,87,0.0,7.1,549
2023-08-10 17:00:00,21.9,60,0.0,6.0,389
2023-08-10 18:00:00,21.2,92,0.0,7.2,238
2023-08-10 19:00:00,20.1,66,0.0,6.5,167
2023-08-10 20:00:00,18.5,92,0.0,9.0,72
2023-08-10 21:00:00,17.3,3,0.0,8.4,5
2023-08-10 22:00:00,15.4,7,0.0,5.8,0
2023-08-10 23:00:00,14.3,9,0.0,4.1,0
2023-08-11 00:00:00,14.2,14,0.0,7.3,0
2023-08-11 01:00:00,13.6,6,0.0,9.5,0
2023-08-11 02:00:00,13.1,5,0.0,11.1,0
2023-08-11 03:00:00,12.9,1,0.0,9.4,0
2023-08-11 04:00:00,12.6,8,0.0,9.4,0
2023-08-11 05:00:00,12.4,7,0.0,9.6,0
2023-08-11 06:00:00,12.4,11,0.0,8.8,1
2023-08-11 07:00:00,13.6,15,0.0,9.5,55
2023-08-11 08:00:00,15.7,12,0.0,7.1,185
2023-08-11 09:00:00,18.1,2,0.0,6.3,344
2023-08-11 10:00:00,20.1,3,0.0,5.5,503
2023-08-11 11:00:00,21.5,0,0.0,3.8,634
2023-08-11 12:00:00,22.5,1,0.0,2.1,732
2023-08-11 13:00:00,23.8,33,0.0,6.3,788
2023-08-11 14:00:00,25.0,72,0.0,6.1,760
2023-08-11 15:00:00,25.4,6,0.0,2.3,744
2023-08-11 16:00:00,25.4,6,0.0,1.5,640
2023-08-11 17:00:00,25.4,1,0.0,4.0,538
2023-08-11 18:00:00,25.0,0,0.0,5.4,390
2023-08-11 19:00:00,23.8,0,0.0,6.4,229
2023-08-11 20:00:00,21.2,0,0.0,6.6,84
2023-08-11 21:00:00,19.5,0,0.0,7.9,5
2023-08-11 22:00:00,18.8,27,0.0,10.2,0
2023-08-11 23:00:00,17.9,94,0.0,10.0,0
2023-08-12 00:00:00,17.4,100,0.0,10.5,0
2023-08-12 01:00:00,16.8,99,0.0,10.8,0
2023-08-12 02:00:00,15.2,100,0.0,7.7,0
2023-08-12 03:00:00,15.1,24,0.0,6.1,0
2023-08-12 04:00:00,14.6,2,0.0,6.7,0
2023-08-12 05:00:00,14.1,3,0.0,6.5,0
2023-08-12 06:00:00,14.1,30,0.0,6.2,0
2023-08-12 07:00:00,15.6,15,0.0,7.3,54
2023-08-12 08:00:00,17.4,0,0.0,4.5,189
2023-08-12 09:00:00,19.7,67,0.0,4.6,352
2023-08-12 10:00:00,22.1,79,0.0,4.3,501
2023-08-12 11:00:00,24.4,86,0.0,4.1,633
2023-08-12 12:00:00,26.5,98,0.0,6.6,729
2023-08-12 13:00:00,28.1,97,0.0,10.0,776
2023-08-12 14:00:00,29.4,64,0.0,10.7,786
2023-08-12 15:00:00,29.7,29,0.0,10.9,738
2023-08-12 16:00:00,29.9,5,0.0,10.4,662
2023-08-12 17:00:00,29.8,4,0.0,10.1,526
2023-08-12 18:00:00,29.1,4,0.0,7.2,377
2023-08-12 19:00:00,27.5,78,0.0,6.5,223
2023-08-12 20:00:00,24.5,100,0.0,6.2,70
2023-08-12 21:00:00,23.6,100,0.0,12.6,3
2023-08-12 22:00:00,23.5,88,0.0,16.6,0
2023-08-12 23:00:00,22.2,31,0.0,10.9,0
2023-08-13 00:00:00,20.8,14,0.0,10.5,0
2023-08-13 01:00:00,20.2,41,0.0,8.7,0
2023-08-13 02:00:00,19.8,65,0.0,12.5,0
2023-08-13 03:00:00,20.1,76,0.0,10.5,0
2023-08-13 04:00:00,19.2,75,0.0,11.2,0
2023-08-13 05:00:00,18.7,96,0.0,10.2,0
2023-08-13 06:00:00,18.5,60,0.0,8.1,0
2023-08-13 07:00:00,19.2,27,0.0,7.8,45
2023-08-13 08:00:00,20.8,91,0.0,8.8,167
2023-08-13 09:00:00,21.8,100,0.0,7.6,243
2023-08-13 10:00:00,22.6,76,0.1,4.3,373
2023-08-13 11:00:00,24.1,96,0.1,6.6,565
2023-08-13 12:00:00,25.3,100,0.1,10.2,632
2023-08-13 13:00:00,26.2,100,0.0,11.8,637
2023-08-13 14:00:00,27.9,97,0.0,9.5,622
2023-08-13 15:00:00,28.2,77,0.0,11.0,648
2023-08-13 16:00:00,27.8,53,0.0,10.7,487
2023-08-13 17:00:00,27.9,56,0.0,8.8,445
2023-08-13 18:00:00,27.5,84,0.0,5.7,331
2023-08-13 19:00:00,26.8,69,0.0,4.0,189
2023-08-13 20:00:00,25.2,100,0.0,6.7,68
2023-08-13 21:00:00,23.9,100,0.0,9.4,2
2023-08-13 22:00:00,22.6,100,0.0,7.7,0
2023-08-13 23:00:00,21.9,96,0.0,6.3,0
2023-08-14 00:00:00,20.9,84,0.0,5.2,0
2023-08-14 01:00:00,20.5,100,0.0,5.9,0
2023-08-14 02:00:00,20.8,100,0.0,6.6,0
2023-08-14 03:00:00,20.5,97,1.1,2.2,0
2023-08-14 04:00:00,19.9,100,0.0,4.4,0
2023-08-14 05:00:00,19.2,100,0.0,4.7,0
2023-08-14 06:00:00,19.7,100,0.0,1.1,0
2023-08-14 07:00:00,19.5,91,0.0,3.7,41
2023-08-14 08:00:00,20.5,100,0.0,4.7,152
2023-08-14 09:00:00,21.8,100,0.0,4.0,268
2023-08-14 10:00:00,23.4,100,0.0,3.8,377
2023-08-14 11:00:00,25.0,11,0.0,4.3,540
2023-08-14 12:00:00,26.6,5,0.0,3.2,708
2023-08-14 13:00:00,27.7,0,0.0,4.6,747
2023-08-14 14:00:00,29.0,15,0.0,8.0,739
2023-08-14 15:00:00,29.0,81,0.1,1.9,559
2023-08-14 16:00:00,29.5,66,0.0,7.2,475
2023-08-14 17:00:00,29.8,34,0.0,8.7,453
2023-08-14 18:00:00,29.4,45,0.0,10.5,328
2023-08-14 19:00:00,28.5,38,0.1,4.0,180
2023-08-14 20:00:00,27.0,19,0.0,4.0,66
2023-08-14 21:00:00,24.9,40,0.0,6.6,2
2023-08-14 22:00:00,24.6,88,0.0,14.5,0
2023-08-14 23:00:00,24.0,100,0.0,15.4,0
2023-08-15 00:00:00,22.7,98,0.0,12.1,0
2023-08-15 01:00:00,21.5,52,0.0,7.5,0
2023-08-15 02:00:00,20.7,1,0.0,7.4,0
2023-08-15 03:00:00,20.0,4,0.0,6.1,0
2023-08-15 04:00:00,19.2,0,0.0,5.4,0
2023-08-15 05:00:00,18.5,0,0.0,5.4,0
2023-08-15 06:00:00,18.0,31,0.0,5.4,0
2023-08-15 07:00:00,18.9,9,0.0,8.8,47
2023-08-15 08:00:00,21.1,0,0.0,8.6,178
2023-08-15 09:00:00,23.5,1,0.0,6.5,338
2023-08-15 10:00:00,25.0,0,0.0,6.6,490
2023-08-15 11:00:00,26.6,1,0.0,9.0,623
2023-08-15 12:00:00,28.1,17,0.0,5.9,719
2023-08-15 13:00:00,29.2,60,0.0,5.0,772
2023-08-15 14:00:00,31.2,1,0.0,7.9,773
2023-08-15 15:00:00,32.0,42,0.0,7.6,710
2023-08-15 16:00:00,32.2,96,0.0,8.2,637
2023-08-15 17:00:00,32.1,99,0.0,6.5,499
2023-08-15 18:00:00,31.5,65,0.0,6.5,350
2023-08-15 19:00:00,29.4,73,0.0,5.6,167
2023-08-15 20:00:00,27.5,99,0.0,6.3,64
2023-08-15 21:00:00,25.5,100,0.0,6.1,2
2023-08-15 22:00:00,24.1,100,0.0,7.2,0
2023-08-15 23:00:00,24.0,4,0.0,10.9,0
2023-08-16 00:00:00,23.5,8,0.0,14.1,0
2023-08-16 01:00:00,22.8,54,0.0,11.3,0
2023-08-16 02:00:00,20.2,87,0.0,8.7,0
2023-08-16 03:00:00,20.0,22,0.0,7.9,0
2023-08-16 04:00:00,19.2,13,0.0,6.1,0
2023-08-16 05:00:00,18.9,0,0.0,5.0,0
2023-08-16 06:00:00,18.5,0,0.0,5.2,0
2023-08-16 07:00:00,19.5,41,0.0,9.0,43
2023-08-16 08:00:00,20.9,42,0.0,10.1,146
2023-08-16 09:00:00,22.8,33,0.0,13.3,310
2023-08-16 10:00:00,24.4,52,0.0,11.8,419
2023-08-16 11:00:00,25.6,21,0.0,10.8,575
2023-08-16 12:00:00,26.5,4,0.0,9.4,680
2023-08-16 13:00:00,27.5,4,0.0,8.3,757
2023-08-16 14:00:00,28.9,1,0.0,2.8,768
2023-08-16 15:00:00,28.1,94,0.1,12.0,624
2023-08-16 16:00:00,28.5,68,0.0,9.9,485
2023-08-16 17:00:00,28.2,76,0.0,6.9,391
2023-08-16 18:00:00,25.6,76,0.0,5.8,216
2023-08-16 19:00:00,21.8,100,7.5,9.2,136
2023-08-16 20:00:00,20.9,100,0.1,12.4,12
2023-08-16 21:00:00,20.5,99,0.2,0.0,1
2023-08-16 22:00:00,20.1,99,0.3,3.4,0
2023-08-16 23:00:00,19.9,76,0.1,2.3,0
2023-08-17 00:00:00,19.5,8,0.0,2.6,0
2023-08-17 01:00:00,19.2,0,0.0,5.8,0
2023-08-17 02:00:00,20.2,0,0.0,8.6,0
2023-08-17 03:00:00,19.8,100,1.0,7.2,0
2023-08-17 04:00:00,19.3,97,0.2,5.9,0
2023-08-17 05:00:00,18.8,100,0.0,4.0,0
2023-08-17 06:00:00,18.3,72,0.0,4.3,0
2023-08-17 07:00:00,18.8,48,0.0,3.4,39
2023-08-17 08:00:00,19.9,91,0.0,1.3,160
2023-08-17 09:00:00,21.4,42,0.0,2.9,301
2023-08-17 10:00:00,23.1,20,0.0,1.4,467
2023-08-17 11:00:00,24.9,0,0.0,1.6,610
2023-08-17 12:00:00,26.5,6,0.0,3.2,700
2023-08-17 13:00:00,27.7,8,0.0,8.3,744
2023-08-17 14:00:00,25.9,9,0.0,17.6,737
2023-08-17 15:00:00,25.2,52,0.7,6.5,508
2023-08-17 16:00:00,26.9,23,0.0,5.8,567
2023-08-17 17:00:00,27.4,2,0.0,9.8,492
2023-08-17 18:00:00,27.0,1,0.0,13.9,353
2023-08-17 19:00:00,25.0,12,0.0,16.6,194
2023-08-17 20:00:00,23.5,7,0.0,11.9,57
2023-08-17 21:00:00,21.9,11,0.0,11.2,1
2023-08-17 22:00:00,20.5,4,0.0,5.4,0
2023-08-17 23:00:00,19.9,0,0.0,6.8,0
2023-08-18 00:00:00,19.2,0,0.0,5.2,0
2023-08-18 01:00:00,18.6,0,0.0,4.7,0
2023-08-18 02:00:00,19.8,0,0.0,7.3,0
2023-08-18 03:00:00,18.7,23,0.0,7.4,0
2023-08-18 04:00:00,18.6,20,0.0,4.2,0
2023-08-18 05:00:00,17.8,19,0.0,5.1,0
2023-08-18 06:00:00,17.1,4,0.0,5.4,0
2023-08-18 07:00:00,18.5,28,0.0,2.5,39
2023-08-18 08:00:00,19.7,23,0.0,4.5,131
2023-08-18 09:00:00,21.5,9,0.0,4.3,299
2023-08-18 10:00:00,23.4,17,0.0,4.1,461
2023-08-18 11:00:00,25.0,29,0.0,2.6,598
2023-08-18 12:00:00,26.0,21,0.0,1.8,690
2023-08-18 13:00:00,26.7,26,0.1,2.4,723
2023-08-18 14:00:00,27.0,20,0.0,5.1,708
2023-08-18 15:00:00,28.0,61,0.1,4.7,670
2023-08-18 16:00:00,28.3,69,0.0,4.7,594
2023-08-18 17:00:00,27.9,47,0.0,5.4,447
2023-08-18 18:00:00,27.9,42,0.0,3.1,313
2023-08-18 19:00:00,27.1,43,0.0,2.3,154
2023-08-18 20:00:00,24.9,45,0.2,5.7,53
2023-08-18 21:00:00,23.2,53,0.0,6.8,1
2023-08-18 22:00:00,21.7,39,0.0,5.4,0
2023-08-18 23:00:00,20.5,12,0.0,6.9,0
2023-08-19 00:00:00,20.6,1,0.0,4.6,0
2023-08-19 01:00:00,20.2,0,0.0,4.8,0
2023-08-19 02:00:00,19.0,0,0.0,6.6,0
2023-08-19 03:00:00,19.2,0,0.0,5.1,0
2023-08-19 04:00:00,19.5,0,0.0,2.0,0
2023-08-19 05:00:00,17.6,0,0.0,4.7,0
2023-08-19 06:00:00,16.9,0,0.0,4.2,0
2023-08-19 07:00:00,18.2,0,0.0,5.1,38
2023-08-19 08:00:00,20.3,0,0.0,3.1,161
2023-08-19 09:00:00,22.6,0,0.0,1.9,321
2023-08-19 10:00:00,24.8,9,0.0,1.1,475
2023-08-19 11:00:00,26.5,18,0.0,2.1,607
2023-08-19 12:00:00,28.0,73,0.0,1.1,700
2023-08-19 13:00:00,29.0,83,0.0,1.6,750
2023-08-19 14:00:00,30.4,32,0.0,1.3,760
2023-08-19 15:00:00,30.9,12,0.0,0.8,631
2023-08-19 16:00:00,31.0,17,0.0,0.7,578
2023-08-19 17:00:00,31.0,11,0.0,1.8,465
2023-08-19 18:00:00,30.6,7,0.0,3.1,340
2023-08-19 19:00:00,29.0,5,0.0,3.8,190
2023-08-19 20:00:00,26.4,2,0.0,8.1,56
2023-08-19 21:00:00,25.0,2,0.0,8.0,0
2023-08-19 22:00:00,23.9,2,0.0,7.4,0
2023-08-19 23:00:00,22.7,1,0.0,6.5,0
2023-08-20 00:00:00,22.5,0,0.0,9.9,0
2023-08-20 01:00:00,22.1,24,0.0,9.4,0
2023-08-20 02:00:00,21.9,69,0.0,8.0,0
2023-08-20 03:00:00,21.5,22,0.0,4.9,0
2023-08-20 04:00:00,19.6,72,0.0,5.4,0
2023-08-20 05:00:00,19.2,88,0.0,6.8,0
2023-08-20 06:00:00,19.3,83,0.0,3.0,0
2023-08-20 07:00:00,20.8,88,0.0,4.3,30
2023-08-20 08:00:00,22.5,5,0.0,6.2,105
2023-08-20 09:00:00,24.5,85,0.0,1.9,313
2023-08-20 10:00:00,26.2,98,0.0,3.7,420
2023-08-20 11:00:00,27.6,30,0.0,4.4,504
2023-08-20 12:00:00,29.2,38,0.0,6.6,654
2023-08-20 13:00:00,30.2,35,0.0,7.6,689
2023-08-20 14:00:00,27.5,13,0.0,10.2,713
2023-08-20 15:00:00,28.9,87,0.1,10.0,478
2023-08-20 16:00:00,28.7,5,0.0,3.6,288
2023-08-20 17:00:00,29.8,20,0.0,2.9,455
2023-08-20 18:00:00,29.4,48,0.0,3.0,307
2023-08-20 19:00:00,28.4,52,0.0,5.0,160
2023-08-20 20:00:00,25.7,41,0.0,7.3,46
2023-08-20 21:00:00,24.4,4,0.0,7.6,0
2023-08-20 22:00:00,24.1,2,0.0,6.6,0
2023-08-20 23:00:00,23.6,1,0.0,8.4,0
2023-08-21 00:00:00,22.3,6,0.0,6.6,0
2023-08-21 01:00:00,23.0,1,0.0,3.0,0
2023-08-21 02:00:00,22.5,3,0.0,8.8,0
2023-08-21 03:00:00,23.2,65,1.1,10.5,0
2023-08-21 04:00:00,21.7,9,0.0,4.0,0
2023-08-21 05:00:00,21.1,6,0.0,5.1,0
2023-08-21 06:00:00,21.0,11,0.0,6.6,0
2023-08-21 07:00:00,21.5,18,0.0,7.7,30
2023-08-21 08:00:00,22.5,21,0.0,6.8,144
2023-08-21 09:00:00,23.8,28,0.0,5.8,271
2023-08-21 10:00:00,25.4,29,0.2,5.5,413
2023-08-21 11:00:00,27.1,28,0.0,4.7,518
2023-08-21 12:00:00,28.5,20,0.0,4.7,607
2023-08-21 13:00:00,29.5,16,0.0,3.6,696
2023-08-21 14:00:00,30.8,12,0.0,3.6,700
2023-08-21 15:00:00,31.5,54,0.0,7.6,632
2023-08-21 16:00:00,30.5,54,0.1,10.7,462
2023-08-21 17:00:00,30.2,10,0.3,5.9,358
2023-08-21 18:00:00,30.4,16,0.0,9.1,319
2023-08-21 19:00:00,29.1,18,0.0,11.0,163
2023-08-21 20:00:00,27.5,11,0.0,10.3,44
2023-08-21 21:00:00,25.9,5,0.0,9.7,0
2023-08-21 22:00:00,24.5,1,0.0,9.9,0
2023-08-21 23:00:00,23.3,2,0.0,7.4,0
2023-08-22 00:00:00,22.3,8,0.0,5.7,0
2023-08-22 01:00:00,21.2,0,0.0,5.6,0
2023-08-22 02:00:00,22.1,1,0.0,4.9,0
2023-08-22 03:00:00,21.0,39,0.0,3.7,0
2023-08-22 04:00:00,21.0,41,0.0,6.5,0
2023-08-22 05:00:00,20.4,28,0.0,4.1,0
2023-08-22 06:00:00,19.9,16,0.0,4.9,0
2023-08-22 07:00:00,20.8,6,0.0,5.4,29
2023-08-22 08:00:00,22.5,10,0.0,3.3,148
2023-08-22 09:00:00,24.4,0,0.0,1.5,297
2023-08-22 10:00:00,26.3,0,0.0,2.3,458
2023-08-22 11:00:00,28.1,24,0.0,0.4,589
2023-08-22 12:00:00,29.7,25,0.0,3.4,681
2023-08-22 13:00:00,30.7,12,0.0,8.2,660
2023-08-22 14:00:00,30.6,15,0.0,7.6,678
2023-08-22 15:00:00,31.8,37,0.0,10.0,509
2023-08-22 16:00:00,32.0,31,0.0,11.0,467
2023-08-22 17:00:00,32.2,94,0.0,12.4,415
2023-08-22 18:00:00,29.9,15,0.3,7.3,201
2023-08-22 19:00:00,29.9,27,0.0,5.6,164
2023-08-22 20:00:00,28.0,40,0.0,13.7,42
2023-08-22 21:00:00,25.7,14,0.0,17.1,0
2023-08-22 22:00:00,24.6,20,0.0,13.3,0
2023-08-22 23:00:00,23.8,13,0.0,9.7,0
2023-08-23 00:00:00,22.5,8,0.0,6.7,0
2023-08-23 01:00:00,21.4,31,0.0,5.9,0
2023-08-23 02:00:00,21.9,38,0.0,7.8,0
2023-08-23 03:00:00,21.2,99,0.1,8.2,0
2023-08-23 04:00:00,21.6,100,0.0,9.0,0
2023-08-23 05:00:00,21.3,100,0.0,7.2,0
2023-08-23 06:00:00,21.0,100,0.0,7.0,0
2023-08-23 07:00:00,20.9,18,0.0,7.8,12
2023-08-23 08:00:00,21.8,99,0.0,6.8,147
2023-08-23 09:00:00,23.2,9,0.0,8.6,284
2023-08-23 10:00:00,24.6,10,0.0,8.1,447
2023-08-23 11:00:00,25.9,20,0.0,6.6,553
2023-08-23 12:00:00,27.4,30,0.0,8.5,626
2023-08-23 13:00:00,28.4,23,0.0,9.2,659
2023-08-23 14:00:00,28.2,29,0.0,10.0,663
2023-08-23 15:00:00,29.2,24,0.0,10.1,678
2023-08-23 16:00:00,29.0,24,0.0,15.3,512
2023-08-23 17:00:00,28.2,17,0.0,15.6,373
2023-08-23 18:00:00,28.5,11,0.0,9.2,298
2023-08-23 19:00:00,27.7,32,0.0,11.2,170
2023-08-23 20:00:00,25.8,3,0.0,12.5,39
2023-08-23 21:00:00,24.1,2,0.0,12.1,0
2023-08-23 22:00:00,22.0,4,0.0,5.7,0
2023-08-23 23:00:00,21.6,1,0.0,5.1,0
2023-08-24 00:00:00,22.0,6,0.0,2.0,0
2023-08-24 01:00:00,21.5,5,0.0,2.7,0
2023-08-24 02:00:00,20.5,3,0.0,4.8,0
2023-08-24 03:00:00,18.4,3,0.0,5.4,0
2023-08-24 04:00:00,19.5,0,0.0,1.8,0
2023-08-24 05:00:00,18.7,2,0.0,4.7,0
2023-08-24 06:00:00,18.4,9,0.0,1.8,0
2023-08-24 07:00:00,18.4,0,0.0,1.8,28
2023-08-24 08:00:00,20.3,0,0.0,2.8,150
2023-08-24 09:00:00,22.6,36,0.0,4.1,306
2023-08-24 10:00:00,24.9,94,0.0,5.5,457
2023-08-24 11:00:00,26.8,99,0.0,5.6,588
2023-08-24 12:00:00,28.0,70,0.0,5.4,645
2023-08-24 13:00:00,29.3,0,0.0,6.7,728
2023-08-24 14:00:00,30.0,4,0.0,6.5,743
2023-08-24 15:00:00,30.6,27,0.0,6.9,598
2023-08-24 16:00:00,31.0,8,0.0,7.9,557
2023-08-24 17:00:00,31.4,20,0.0,7.4,471
2023-08-24 18:00:00,31.1,1,0.0,8.8,315
2023-08-24 19:00:00,30.1,2,0.0,7.1,172
2023-08-24 20:00:00,27.1,36,0.0,12.6,41
2023-08-24 21:00:00,25.0,100,0.0,15.8,0
2023-08-24 22:00:00,24.2,100,0.0,12.4,0
2023-08-24 23:00:00,23.5,100,0.0,10.8,0
2023-08-25 00:00:00,23.0,100,0.0,6.3,0
2023-08-25 01:00:00,23.0,100,0.0,8.6,0
2023-08-25 02:00:00,22.5,100,0.0,13.8,0
2023-08-25 03:00:00,22.0,100,0.1,13.2,0
2023-08-25 04:00:00,21.5,100,0.0,14.0,0
2023-08-25 05:00:00,21.2,95,0.0,7.9,0
2023-08-25 06:00:00,19.7,100,0.0,5.6,0
2023-08-25 07:00:00,20.5,100,0.0,11.5,23
2023-08-25 08:00:00,22.4,100,0.0,11.4,141
2023-08-25 09:00:00,23.5,37,0.0,12.7,233
2023-08-25 10:00:00,25.6,25,0.0,14.0,433
2023-08-25 11:00:00,27.8,0,0.0,12.6,580
2023-08-25 12:00:00,29.6,15,0.0,11.4,680
2023-08-25 13:00:00,31.2,40,0.0,10.8,732
2023-08-25 14:00:00,30.5,100,0.0,19.6,736
2023-08-25 15:00:00,29.8,93,0.0,17.9,368
2023-08-25 16:00:00,30.1,98,0.0,12.0,358
2023-08-25 17:00:00,30.0,6,0.0,17.8,267
2023-08-25 18:00:00,29.6,41,0.5,18.0,324
2023-08-25 19:00:00,27.9,100,0.0,22.3,155
2023-08-25 20:00:00,27.0,100,0.0,16.4,20
2023-08-25 21:00:00,25.5,100,0.0,13.7,0
2023-08-25 22:00:00,24.1,59,0.0,9.0,0
2023-08-25 23:00:00,23.1,62,0.0,9.5,0
2023-08-26 00:00:00,22.5,26,0.0,10.1,0
2023-08-26 01:00:00,21.9,10,0.0,10.1,0
2023-08-26 02:00:00,22.0,50,0.0,7.9,0
2023-08-26 03:00:00,21.2,100,0.0,8.0,0
2023-08-26 04:00:00,21.6,100,0.1,11.8,0
2023-08-26 05:00:00,21.2,100,0.4,12.0,0
2023-08-26 06:00:00,20.8,99,0.1,9.6,0
2023-08-26 07:00:00,21.1,100,0.0,8.7,15
2023-08-26 08:00:00,22.0,100,0.1,10.4,64
2023-08-26 09:00:00,21.3,100,0.6,8.9,37
2023-08-26 10:00:00,21.9,100,0.2,10.6,98
2023-08-26 11:00:00,24.0,100,0.0,13.8,320
2023-08-26 12:00:00,26.4,100,0.0,15.8,609
2023-08-26 13:00:00,27.1,83,0.0,15.2,496
2023-08-26 14:00:00,27.5,50,0.1,12.5,638
2023-08-26 15:00:00,28.6,44,0.0,10.6,657
2023-08-26 16:00:00,28.8,100,0.0,11.4,559
2023-08-26 17:00:00,28.1,100,0.0,7.1,346
2023-08-26 18:00:00,28.4,100,0.0,9.0,234
2023-08-26 19:00:00,26.8,100,0.0,3.8,67
2023-08-26 20:00:00,23.8,100,0.0,12.9,21
2023-08-26 21:00:00,21.5,100,0.1,19.4,0
2023-08-26 22:00:00,20.6,100,2.0,10.2,0
2023-08-26 23:00:00,20.5,100,2.6,6.6,0
2023-08-27 00:00:00,20.0,100,0.4,4.6,0
2023-08-27 01:00:00,19.9,100,0.2,1.3,0
2023-08-27 02:00:00,18.4,100,0.1,3.7,0
2023-08-27 03:00:00,17.7,68,0.0,3.8,0
2023-08-27 04:00:00,17.1,39,0.0,2.3,0
2023-08-27 05:00:00,16.2,99,0.0,5.6,0
2023-08-27 06:00:00,16.7,100,0.0,3.7,0
2023-08-27 07:00:00,17.5,100,0.0,3.4,13
2023-08-27 08:00:00,18.4,100,0.0,2.6,55
2023-08-27 09:00:00,18.5,100,0.5,2.9,48
2023-08-27 10:00:00,18.8,100,0.7,4.1,66
2023-08-27 11:00:00,19.0,100,0.4,4.0,126
2023-08-27 12:00:00,19.4,100,0.5,4.3,141
2023-08-27 13:00:00,19.7,100,0.3,4.0,162
2023-08-27 14:00:00,20.1,100,0.1,2.5,209
2023-08-27 15:00:00,19.5,100,0.7,7.4,141
2023-08-27 16:00:00,19.5,100,0.3,8.0,124
2023-08-27 17:00:00,20.2,100,0.2,10.7,155
2023-08-27 18:00:00,19.6,100,0.7,10.8,72
2023-08-27 19:00:00,18.8,100,0.3,11.0,39
2023-08-27 20:00:00,18.3,100,0.3,8.5,6
2023-08-27 21:00:00,18.1,100,0.0,8.7,0
2023-08-27 22:00:00,18.0,100,0.0,9.4,0
2023-08-27 23:00:00,17.8,100,0.0,9.1,0
2023-08-28 00:00:00,17.6,100,0.0,10.0,0
2023-08-28 01:00:00,17.3,100,0.2,8.4,0
2023-08-28 02:00:00,16.1,100,0.2,9.8,0
2023-08-28 03:00:00,16.0,100,0.0,8.5,0
2023-08-28 04:00:00,15.8,100,0.1,5.2,0
2023-08-28 05:00:00,15.7,100,0.2,6.1,0
2023-08-28 06:00:00,15.6,100,0.6,4.3,0
2023-08-28 07:00:00,15.6,100,0.5,4.2,5
2023-08-28 08:00:00,15.8,100,0.5,3.2,19
2023-08-28 09:00:00,15.9,100,0.9,5.8,51
2023-08-28 10:00:00,16.0,100,1.0,11.8,76
2023-08-28 11:00:00,16.5,100,0.7,13.4,197
2023-08-28 12:00:00,16.6,100,0.3,14.6,163
2023-08-28 13:00:00,16.8,100,0.7,16.5,193
2023-08-28 14:00:00,15.5,100,1.2,15.1,128
2023-08-28 15:00:00,15.2,100,1.0,16.7,111
2023-08-28 16:00:00,15.2,100,0.4,19.1,104
2023-08-28 17:00:00,15.2,100,0.1,18.1,133
2023-08-28 18:00:00,14.4,100,0.7,18.2,63
2023-08-28 19:00:00,13.9,100,2.4,19.2,20
2023-08-28 20:00:00,13.6,100,1.0,18.4,6
2023-08-28 21:00:00,13.4,100,1.2,19.2,0
2023-08-28 22:00:00,12.8,100,0.9,20.2,0
2023-08-28 23:00:00,12.4,100,1.9,19.9,0
2023-08-29 00:00:00,12.4,100,2.3,18.5,0
2023-08-29 01:00:00,12.2,100,1.7,17.3,0
2023-08-29 02:00:00,11.8,100,1.8,13.5,0
2023-08-29 03:00:00,11.4,100,1.1,15.5,0
2023-08-29 04:00:00,11.3,100,0.2,17.3,0
2023-08-29 05:00:00,11.4,100,0.1,16.6,0
2023-08-29 06:00:00,11.6,100,0.6,13.2,0
2023-08-29 07:00:00,11.8,100,0.4,13.7,4
2023-08-29 08:00:00,12.1,100,0.1,15.0,22
2023-08-29 09:00:00,12.9,100,0.0,17.9,73
2023-08-29 10:00:00,13.6,100,0.0,14.3,105
2023-08-29 11:00:00,14.1,100,0.0,15.5,111
2023-08-29 12:00:00,14.9,100,0.0,16.6,183
2023-08-29 13:00:00,15.2,100,0.0,15.5,185
2023-08-29 14:00:00,14.8,100,0.0,11.7,189
2023-08-29 15:00:00,14.9,100,0.1,11.6,104
2023-08-29 16:00:00,15.1,100,0.1,11.8,97
2023-08-29 17:00:00,15.0,100,0.0,11.8,71
2023-08-29 18:00:00,15.0,100,0.0,12.1,58
2023-08-29 19:00:00,14.8,100,0.0,11.0,38
2023-08-29 20:00:00,14.4,100,0.0,9.5,8
2023-08-29 21:00:00,14.1,100,0.0,10.2,0
2023-08-29 22:00:00,14.1,100,0.0,10.5,0
2023-08-29 23:00:00,14.1,100,0.0,9.9,0
2023-08-30 00:00:00,13.9,100,0.0,9.4,0
2023-08-30 01:00:00,13.9,100,0.0,8.5,0
2023-08-30 02:00:00,13.7,100,0.0,8.8,0
2023-08-30 03:00:00,13.7,100,0.1,9.0,0
2023-08-30 04:00:00,13.7,100,0.0,10.4,0
2023-08-30 05:00:00,13.8,100,0.0,10.6,0
2023-08-30 06:00:00,13.6,100,0.7,10.8,0
2023-08-30 07:00:00,13.5,100,0.6,11.9,3
2023-08-30 08:00:00,13.6,100,0.3,11.8,24
2023-08-30 09:00:00,13.9,100,0.4,11.5,65
2023-08-30 10:00:00,14.6,100,0.4,13.0,135
2023-08-30 11:00:00,14.8,100,0.2,10.9,145
2023-08-30 12:00:00,15.1,100,0.1,8.1,140
2023-08-30 13:00:00,15.6,100,0.0,4.7,185
2023-08-30 14:00:00,15.9,100,0.0,2.1,312
2023-08-30 15:00:00,16.6,98,0.0,1.3,302
2023-08-30 16:00:00,17.4,99,0.0,4.0,325
2023-08-30 17:00:00,15.9,99,0.5,7.8,136
2023-08-30 18:00:00,15.8,100,0.1,7.8,87
2023-08-30 19:00:00,15.6,52,0.0,6.7,90
2023-08-30 20:00:00,14.4,100,0.0,6.0,21
2023-08-30 21:00:00,14.1,28,0.0,8.6,0
2023-08-30 22:00:00,13.8,38,0.0,10.7,0
2023-08-30 23:00:00,13.6,83,0.0,13.6,0
2023-08-31 00:00:00,14.1,13,0.0,14.8,0
2023-08-31 01:00:00,13.4,10,0.0,14.9,0
2023-08-31 02:00:00,12.9,6,0.0,12.0,0
2023-08-31 03:00:00,12.8,9,0.0,12.6,0
2023-08-31 04:00:00,12.5,22,0.0,13.8,0
2023-08-31 05:00:00,12.2,8,0.0,11.9,0
2023-08-31 06:00:00,12.1,26,0.0,13.1,0
2023-08-31 07:00:00,12.6,94,0.1,14.3,15
2023-08-31 08:00:00,13.5,67,0.2,15.4,51
2023-08-31 09:00:00,14.9,17,0.0,18.7,196
2023-08-31 10:00:00,16.5,14,0.0,19.5,408
2023-08-31 11:00:00,17.6,99,0.1,19.4,560
2023-08-31 12:00:00,18.4,99,0.1,19.7,546
2023-08-31 13:00:00,19.1,100,0.0,19.1,517
2023-08-31 14:00:00,18.7,43,0.0,24.1,561
2023-08-31 15:00:00,18.5,53,0.0,20.5,518
2023-08-31 16:00:00,18.6,7,0.0,23.3,420
2023-08-31 17:00:00,19.2,6,0.0,21.2,435
2023-08-31 18:00:00,18.7,16,0.0,19.4,293
2023-08-31 19:00:00,17.5,55,0.0,15.3,136
2023-08-31 20:00:00,16.2,20,0.0,13.8,20
2023-08-31 21:00:00,15.5,32,0.0,13.3,0
2023-08-31 22:00:00,14.6,11,0.0,12.5,0
2023-08-31 23:00:00,13.9,12,0.0,12.8,0
2023-09-01 00:00:00,13.1,7,0.0,13.0,0
2023-09-01 01:00:00,12.8,20,0.0,14.0,0
2023-09-01 02:00:00,12.2,54,0.0,12.7,0
2023-09-01 03:00:00,12.6,100,0.0,13.9,0
2023-09-01 04:00:00,13.6,100,0.0,13.9,0
2023-09-01 05:00:00,14.1,100,0.0,14.2,0
2023-09-01 06:00:00,14.3,98,0.0,13.2,0
2023-09-01 07:00:00,14.0,92,0.0,11.7,12
2023-09-01 08:00:00,14.9,100,0.0,9.7,70
2023-09-01 09:00:00,15.6,99,0.0,9.2,101
2023-09-01 10:00:00,16.7,95,0.0,10.1,184
2023-09-01 11:00:00,19.1,100,0.0,12.5,552
2023-09-01 12:00:00,19.5,100,0.0,13.8,377
2023-09-01 13:00:00,19.8,100,0.1,14.3,320
2023-09-01 14:00:00,19.7,100,0.1,12.0,314
2023-09-01 15:00:00,19.8,100,0.0,14.4,253
2023-09-01 16:00:00,20.1,100,0.0,14.8,249
2023-09-01 17:00:00,20.7,100,0.0,12.3,211
2023-09-01 18:00:00,20.5,100,0.0,10.4,126
2023-09-01 19:00:00,19.3,100,0.1,12.8,59
2023-09-01 20:00:00,17.4,100,1.0,7.9,7
2023-09-01 21:00:00,17.2,76,0.3,9.8,0
2023-09-01 22:00:00,16.7,71,0.0,12.1,0
2023-09-01 23:00:00,16.5,56,0.0,12.4,0
2023-09-02 00:00:00,16.3,21,0.0,14.9,0
2023-09-02 01:00:00,16.4,32,0.0,17.7,0
2023-09-02 02:00:00,16.5,53,0.0,13.2,0
2023-09-02 03:00:00,16.1,54,0.0,12.1,0
2023-09-02 04:00:00,15.9,99,0.0,11.8,0
2023-09-02 05:00:00,15.6,99,0.0,6.2,0
2023-09-02 06:00:00,14.3,97,0.0,5.6,0
2023-09-02 07:00:00,14.8,100,0.0,6.4,14
2023-09-02 08:00:00,16.2,62,0.0,7.0,109
2023-09-02 09:00:00,17.7,23,0.0,4.5,258
2023-09-02 10:00:00,19.1,100,0.0,4.2,385
2023-09-02 11:00:00,20.3,100,0.1,3.3,436
2023-09-02 12:00:00,20.8,95,0.0,4.1,379
2023-09-02 13:00:00,21.2,71,0.0,7.4,399
2023-09-02 14:00:00,21.1,46,0.1,8.3,478
2023-09-02 15:00:00,21.8,100,0.0,7.3,369
2023-09-02 16:00:00,22.4,96,0.0,6.9,328
2023-09-02 17:00:00,22.7,85,0.0,7.2,370
2023-09-02 18:00:00,22.3,96,0.0,6.9,241
2023-09-02 19:00:00,20.9,100,0.0,4.3,111
2023-09-02 20:00:00,19.9,100,0.0,5.1,14
2023-09-02 21:00:00,20.3,100,0.0,4.0,0
2023-09-02 22:00:00,18.5,100,0.0,6.2,0
2023-09-02 23:00:00,17.6,82,0.0,6.8,0
2023-09-03 00:00:00,16.1,41,0.0,6.0,0
2023-09-03 01:00:00,15.2,26,0.1,6.0,0
2023-09-03 02:00:00,16.2,26,0.0,4.2,0
2023-09-03 03:00:00,15.4,61,0.1,4.6,0
2023-09-03 04:00:00,15.9,100,0.0,3.3,0
2023-09-03 05:00:00,14.6,99,0.0,4.5,0
2023-09-03 06:00:00,14.1,97,0.0,4.1,0
2023-09-03 07:00:00,14.8,100,0.0,2.7,9
2023-09-03 08:00:00,16.0,100,0.0,5.9,71
2023-09-03 09:00:00,17.2,100,0.0,5.4,172
2023-09-03 10:00:00,18.9,81,0.0,6.0,325
2023-09-03 11:00:00,20.5,100,0.0,8.9,491
2023-09-03 12:00:00,21.2,100,0.0,11.1,570
2023-09-03 13:00:00,21.4,100,0.1,12.9,491
2023-09-03 14:00:00,21.3,99,0.0,16.6,571
2023-09-03 15:00:00,22.2,100,0.0,14.0,509
2023-09-03 16:00:00,22.5,100,0.0,16.2,423
2023-09-03 17:00:00,22.0,100,0.0,19.8,327
2023-09-03 18:00:00,20.6,100,0.0,18.0,133
2023-09-03 19:00:00,19.5,100,0.0,16.6,74
2023-09-03 20:00:00,18.1,100,0.0,15.1,11
2023-09-03 21:00:00,17.0,100,0.0,13.2,0
2023-09-03 22:00:00,16.2,100,0.0,10.9,0
2023-09-03 23:00:00,15.3,100,0.0,8.0,0
2023-09-04 00:00:00,14.2,100,0.0,6.3,0
2023-09-04 01:00:00,13.7,100,0.0,5.2,0
2023-09-04 02:00:00,13.1,100,0.0,5.6,0
2023-09-04 03:00:00,13.1,57,0.0,5.4,0
2023-09-04 04:00:00,12.6,77,0.0,5.6,0
2023-09-04 05:00:00,12.3,1,0.0,6.1,0
2023-09-04 06:00:00,12.1,4,0.0,5.9,0
2023-09-04 07:00:00,12.5,6,0.0,5.1,12
2023-09-04 08:00:00,14.3,3,0.0,5.8,116
2023-09-04 09:00:00,16.0,1,0.0,6.7,270
2023-09-04 10:00:00,17.8,3,0.0,7.2,424
2023-09-04 11:00:00,19.2,0,0.0,8.5,547
2023-09-04 12:00:00,20.5,0,0.0,8.9,646
2023-09-04 13:00:00,21.4,0,0.0,9.0,698
2023-09-04 14:00:00,21.9,6,0.0,6.6,703
2023-09-04 15:00:00,22.4,3,0.0,9.3,656
2023-09-04 16:00:00,22.4,2,0.0,8.0,553
2023-09-04 17:00:00,22.8,7,0.0,1.0,397
2023-09-04 18:00:00,23.0,3,0.0,2.2,274
2023-09-04 19:00:00,21.4,1,0.0,4.3,118
2023-09-04 20:00:00,19.2,9,0.0,6.2,14
2023-09-04 21:00:00,16.8,8,0.0,7.9,0
2023-09-04 22:00:00,16.8,3,0.0,7.6,0
2023-09-04 23:00:00,16.0,0,0.0,7.1,0
2023-09-05 00:00:00,15.1,0,0.0,6.5,0
2023-09-05 01:00:00,14.1,3,0.0,6.1,0
2023-09-05 02:00:00,13.4,1,0.0,8.7,0
2023-09-05 03:00:00,13.1,0,0.0,5.9,0
2023-09-05 04:00:00,11.8,0,0.0,6.5,0
2023-09-05 05:00:00,11.4,0,0.0,5.8,0
2023-09-05 06:00:00,11.0,0,0.0,5.4,0
2023-09-05 07:00:00,11.6,0,0.0,5.6,11
2023-09-05 08:00:00,14.1,0,0.0,6.1,115
2023-09-05 09:00:00,17.1,0,0.0,5.2,272
2023-09-05 10:00:00,19.4,8,0.0,9.2,430
2023-09-05 11:00:00,20.9,35,0.0,9.4,564
2023-09-05 12:00:00,22.0,65,0.0,8.9,660
2023-09-05 13:00:00,22.9,82,0.0,7.9,708
2023-09-05 14:00:00,23.5,59,0.0,5.4,707
2023-09-05 15:00:00,24.0,48,0.0,3.3,663
2023-09-05 16:00:00,24.2,0,0.0,6.6,564
2023-09-05 17:00:00,24.1,0,0.0,9.1,434
2023-09-05 18:00:00,23.5,9,0.0,9.2,277
2023-09-05 19:00:00,21.5,6,0.0,7.8,120
2023-09-05 20:00:00,19.0,0,0.0,8.5,12
2023-09-05 21:00:00,17.6,1,0.0,8.9,0
2023-09-05 22:00:00,16.5,4,0.0,8.3,0
2023-09-05 23:00:00,16.1,2,0.0,11.5,0
2023-09-06 00:00:00,15.7,0,0.0,9.4,0
2023-09-06 01:00:00,14.8,0,0.0,8.7,0
2023-09-06 02:00:00,13.4,0,0.0,6.2,0
2023-09-06 03:00:00,11.9,10,0.0,8.0,0
2023-09-06 04:00:00,11.5,2,0.0,5.1,0
2023-09-06 05:00:00,10.6,0,0.0,4.6,0
2023-09-06 06:00:00,10.1,0,0.0,5.7,0
2023-09-06 07:00:00,10.8,0,0.0,2.8,10
2023-09-06 08:00:00,13.4,0,0.0,3.8,115
2023-09-06 09:00:00,16.6,0,0.0,0.7,273
2023-09-06 10:00:00,19.2,0,0.0,4.2,431
2023-09-06 11:00:00,21.1,0,0.0,6.0,564
2023-09-06 12:00:00,22.7,0,0.0,6.9,659
2023-09-06 13:00:00,24.0,0,0.0,7.7,708
2023-09-06 14:00:00,25.0,0,0.0,9.8,706
2023-09-06 15:00:00,25.6,0,0.0,10.7,655
2023-09-06 16:00:00,25.8,0,0.0,12.5,558
2023-09-06 17:00:00,25.4,0,0.0,14.2,425
2023-09-06 18:00:00,24.6,0,0.0,13.4,270
2023-09-06 19:00:00,22.6,0,0.0,9.0,114
2023-09-06 20:00:00,20.0,0,0.0,8.4,11
2023-09-06 21:00:00,18.6,0,0.0,7.9,0
2023-09-06 22:00:00,17.8,0,0.0,7.3,0
2023-09-06 23:00:00,16.9,0,0.0,7.7,0
2023-09-07 00:00:00,15.4,0,0.0,8.7,0
2023-09-07 01:00:00,14.3,0,0.0,6.5,0
2023-09-07 02:00:00,14.4,0,0.0,5.9,0
2023-09-07 03:00:00,14.1,0,0.0,5.2,0
2023-09-07 04:00:00,12.8,0,0.0,5.5,0
2023-09-07 05:00:00,11.9,0,0.0,6.0,0
2023-09-07 06:00:00,11.5,0,0.0,6.9,0
2023-09-07 07:00:00,12.0,0,0.0,4.7,9
2023-09-07 08:00:00,14.4,0,0.0,3.8,111
2023-09-07 09:00:00,17.1,0,0.0,4.9,268
2023-09-07 10:00:00,19.9,0,0.0,7.1,425
2023-09-07 11:00:00,22.3,0,0.0,9.4,558
2023-09-07 12:00:00,24.1,0,0.0,11.3,655
2023-09-07 13:00:00,25.5,0,0.0,12.9,705
2023-09-07 14:00:00,26.2,0,0.0,12.5,705
2023-09-07 15:00:00,26.6,0,0.0,13.4,651
2023-09-07 16:00:00,26.6,0,0.0,14.8,555
2023-09-07 17:00:00,26.2,0,0.0,15.9,422
2023-09-07 18:00:00,25.4,0,0.0,16.0,266
2023-09-07 19:00:00,23.5,0,0.0,12.6,110
2023-09-07 20:00:00,21.2,0,0.0,11.8,9
2023-09-07 21:00:00,19.8,0,0.0,10.3,0
2023-09-07 22:00:00,18.2,0,0.0,8.4,0
2023-09-07 23:00:00,17.0,0,0.0,7.0,0
2023-09-08 00:00:00,15.9,0,0.0,7.2,0
2023-09-08 01:00:00,15.1,0,0.0,6.2,0
2023-09-08 02:00:00,15.1,0,0.0,7.2,0
2023-09-08 03:00:00,13.7,0,0.0,8.0,0
2023-09-08 04:00:00,13.1,0,0.0,6.5,0
2023-09-08 05:00:00,12.4,0,0.0,5.4,0
2023-09-08 06:00:00,11.7,0,0.0,5.9,0
2023-09-08 07:00:00,12.2,0,0.0,4.7,8
2023-09-08 08:00:00,14.9,0,0.0,6.2,109
2023-09-08 09:00:00,18.4,0,0.0,4.3,267
2023-09-08 10:00:00,21.1,0,0.0,5.1,425
2023-09-08 11:00:00,23.3,0,0.0,6.5,559
2023-09-08 12:00:00,25.1,0,0.0,8.4,655
2023-09-08 13:00:00,26.6,0,0.0,10.6,704
2023-09-08 14:00:00,27.5,0,0.0,11.3,702
2023-09-08 15:00:00,28.0,0,0.0,11.1,654
2023-09-08 16:00:00,28.0,0,0.0,11.3,558
2023-09-08 17:00:00,27.6,0,0.0,11.8,423
2023-09-08 18:00:00,26.5,0,0.0,10.7,265
2023-09-08 19:00:00,23.6,0,0.0,8.4,107
2023-09-08 20:00:00,21.0,0,0.0,9.2,8
2023-09-08 21:00:00,20.0,0,0.0,10.0,0
2023-09-08 22:00:00,19.5,0,0.0,10.0,0
2023-09-08 23:00:00,19.0,0,0.0,10.6,0
2023-09-09 00:00:00,18.2,0,0.0,11.0,0
2023-09-09 01:00:00,17.4,0,0.0,9.6,0
2023-09-09 02:00:00,16.5,0,0.0,7.7,0
2023-09-09 03:00:00,14.1,0,0.0,10.2,0
2023-09-09 04:00:00,15.9,0,0.0,4.5,0
2023-09-09 05:00:00,13.1,0,0.0,4.9,0
2023-09-09 06:00:00,11.9,0,0.0,6.2,0
2023-09-09 07:00:00,12.1,0,0.0,4.0,7
2023-09-09 08:00:00,14.6,0,0.0,5.8,106
2023-09-09 09:00:00,17.9,0,0.0,4.8,264
2023-09-09 10:00:00,21.0,0,0.0,5.8,421
2023-09-09 11:00:00,23.0,18,0.0,5.8,555
2023-09-09 12:00:00,24.8,0,0.0,6.0,651
2023-09-09 13:00:00,26.4,0,0.0,6.8,700
2023-09-09 14:00:00,27.6,0,0.0,7.3,697
2023-09-09 15:00:00,28.5,83,0.0,7.4,645
2023-09-09 16:00:00,28.9,96,0.0,8.7,548
2023-09-09 17:00:00,28.6,97,0.0,9.8,413
2023-09-09 18:00:00,27.6,80,0.0,8.0,255
2023-09-09 19:00:00,24.1,4,0.0,6.5,102
2023-09-09 20:00:00,21.5,1,0.0,6.3,6
2023-09-09 21:00:00,20.0,0,0.0,7.9,0
2023-09-09 22:00:00,19.6,1,0.0,9.8,0
2023-09-09 23:00:00,19.1,3,0.0,10.8,0
2023-09-10 00:00:00,18.4,0,0.0,11.9,0
2023-09-10 01:00:00,18.0,0,0.0,13.4,0
2023-09-10 02:00:00,18.0,0,0.0,12.4,0
2023-09-10 03:00:00,17.3,0,0.0,8.8,0
2023-09-10 04:00:00,15.9,0,0.0,7.2,0
2023-09-10 05:00:00,14.7,0,0.0,8.7,0
2023-09-10 06:00:00,14.1,0,0.0,7.6,0
2023-09-10 07:00:00,14.4,0,0.0,5.4,6
2023-09-10 08:00:00,16.2,0,0.0,7.1,100
2023-09-10 09:00:00,18.6,0,0.0,4.7,254
2023-09-10 10:00:00,21.1,0,0.0,2.6,409
2023-09-10 11:00:00,23.3,0,0.0,0.7,542
2023-09-10 12:00:00,25.1,0,0.0,0.8,637
2023-09-10 13:00:00,26.7,0,0.0,1.8,686
2023-09-10 14:00:00,27.5,0,0.0,1.4,685
2023-09-10 15:00:00,28.2,0,0.0,1.1,639
2023-09-10 16:00:00,28.4,0,0.0,1.4,540
2023-09-10 17:00:00,28.1,0,0.0,2.9,405
2023-09-10 18:00:00,27.5,0,0.0,5.1,249
2023-09-10 19:00:00,25.0,0,0.0,8.4,96
2023-09-10 20:00:00,22.5,0,0.0,8.3,5
2023-09-10 21:00:00,20.8,0,0.0,6.1,0
2023-09-10 22:00:00,20.1,0,0.0,5.8,0
2023-09-10 23:00:00,18.7,0,0.0,4.7,0
2023-09-11 00:00:00,17.4,0,0.0,8.0,0
2023-09-11 01:00:00,17.0,0,0.0,9.8,0
2023-09-11 02:00:00,16.0,0,0.0,4.8,0
2023-09-11 03:00:00,15.2,0,0.0,4.7,0
2023-09-11 04:00:00,14.9,0,0.0,4.3,0
2023-09-11 05:00:00,14.6,0,0.0,4.6,0
2023-09-11 06:00:00,14.3,0,0.0,4.7,0
2023-09-11 07:00:00,14.4,0,0.0,6.1,6
2023-09-11 08:00:00,16.5,0,0.0,6.2,96
2023-09-11 09:00:00,19.6,0,0.0,4.0,250
2023-09-11 10:00:00,22.8,0,0.0,3.3,404
2023-09-11 11:00:00,25.3,0,0.0,2.2,532
2023-09-11 12:00:00,27.1,3,0.0,1.8,627
2023-09-11 13:00:00,28.5,26,0.0,2.6,667
2023-09-11 14:00:00,28.7,31,0.0,2.0,507
2023-09-11 15:00:00,29.5,28,0.0,0.4,476
2023-09-11 16:00:00,30.0,44,0.0,3.2,420
2023-09-11 17:00:00,29.9,35,0.0,5.3,286
2023-09-11 18:00:00,29.0,50,0.0,7.9,137
2023-09-11 19:00:00,26.5,44,0.0,9.4,68
2023-09-11 20:00:00,24.7,17,0.0,10.5,3
2023-09-11 21:00:00,23.0,13,0.0,7.4,0
2023-09-11 22:00:00,22.2,81,0.0,9.4,0
2023-09-11 23:00:00,22.2,98,0.0,11.9,0
2023-09-12 00:00:00,21.9,100,0.0,13.4,0
2023-09-12 01:00:00,21.6,98,0.0,11.7,0
2023-09-12 02:00:00,19.4,100,0.0,4.3,0
2023-09-12 03:00:00,18.3,12,0.0,5.4,0
2023-09-12 04:00:00,17.2,9,0.0,6.3,0
2023-09-12 05:00:00,16.7,21,0.0,5.5,0
2023-09-12 06:00:00,16.5,47,0.0,6.1,0
2023-09-12 07:00:00,16.4,78,0.0,4.8,5
2023-09-12 08:00:00,18.3,20,0.0,5.9,89
2023-09-12 09:00:00,20.9,11,0.0,4.6,240
2023-09-12 10:00:00,23.5,94,0.0,3.0,391
2023-09-12 11:00:00,25.6,100,0.0,2.8,507
2023-09-12 12:00:00,27.4,74,0.0,1.0,587
2023-09-12 13:00:00,29.0,19,0.0,2.3,639
2023-09-12 14:00:00,29.8,17,0.0,5.5,646
2023-09-12 15:00:00,30.3,32,0.0,7.8,541
2023-09-12 16:00:00,30.1,95,0.0,9.1,436
2023-09-12 17:00:00,29.9,51,0.0,8.8,327
2023-09-12 18:00:00,29.2,73,0.0,10.7,205
2023-09-12 19:00:00,27.0,98,0.0,12.6,73
2023-09-12 20:00:00,25.2,100,0.0,10.3,3
2023-09-12 21:00:00,23.5,91,0.0,6.5,0
2023-09-12 22:00:00,22.2,61,0.0,6.8,0
2023-09-12 23:00:00,21.5,96,0.0,8.7,0
2023-09-13 00:00:00,20.8,100,0.0,10.8,0
2023-09-13 01:00:00,20.4,77,0.0,11.4,0
2023-09-13 02:00:00,19.6,34,0.0,8.5,0
2023-09-13 03:00:00,18.8,94,0.0,10.3,0
2023-09-13 04:00:00,18.6,100,0.0,9.3,0
2023-09-13 05:00:00,18.2,69,0.0,8.1,0
2023-09-13 06:00:00,17.8,98,1.0,17.7,0
2023-09-13 07:00:00,17.2,92,0.9,11.4,3
2023-09-13 08:00:00,18.5,96,0.0,17.1,76
2023-09-13 09:00:00,21.1,100,0.0,11.6,205
2023-09-13 10:00:00,23.7,46,0.0,15.8,351
2023-09-13 11:00:00,25.7,99,0.0,16.7,488
2023-09-13 12:00:00,27.2,51,0.0,14.8,572
2023-09-13 13:00:00,26.7,84,0.6,16.6,662
2023-09-13 14:00:00,26.1,81,0.2,17.2,440
2023-09-13 15:00:00,26.4,100,0.4,20.4,556
2023-09-13 16:00:00,25.8,100,0.3,21.6,424
2023-09-13 17:00:00,25.2,100,0.1,19.1,280
2023-09-13 18:00:00,24.8,100,0.0,16.7,132
2023-09-13 19:00:00,23.5,99,0.0,14.0,14
2023-09-13 20:00:00,22.5,100,0.0,15.1,1
2023-09-13 21:00:00,20.5,100,0.1,9.7,0
2023-09-13 22:00:00,17.7,100,0.4,4.8,0
2023-09-13 23:00:00,18.1,55,0.1,6.4,0
2023-09-14 00:00:00,18.5,59,0.0,8.7,0
2023-09-14 01:00:00,17.6,70,0.0,7.5,0
2023-09-14 02:00:00,17.4,66,0.0,6.0,0
2023-09-14 03:00:00,17.8,64,0.1,7.0,0
2023-09-14 04:00:00,17.1,85,0.3,11.5,0
2023-09-14 05:00:00,16.3,100,0.0,13.2,0
2023-09-14 06:00:00,16.0,100,0.0,11.0,0
2023-09-14 07:00:00,16.0,94,0.0,13.4,2
2023-09-14 08:00:00,15.6,60,0.0,15.3,56
2023-09-14 09:00:00,16.0,38,0.0,14.6,158
2023-09-14 10:00:00,17.2,99,0.0,14.8,296
2023-09-14 11:00:00,18.0,96,0.0,13.2,284
2023-09-14 12:00:00,18.6,100,0.0,12.6,339
2023-09-14 13:00:00,19.5,51,0.0,12.8,442
2023-09-14 14:00:00,19.5,77,0.0,11.6,507
2023-09-14 15:00:00,20.0,100,0.0,11.0,354
2023-09-14 16:00:00,19.8,98,0.0,11.7,208
2023-09-14 17:00:00,19.5,99,0.0,13.0,197
2023-09-14 18:00:00,18.9,100,0.0,12.6,108
2023-09-14 19:00:00,18.4,100,0.0,12.0,37
2023-09-14 20:00:00,17.9,99,0.0,11.1,1
2023-09-14 21:00:00,17.5,79,0.0,8.8,0
2023-09-14 22:00:00,16.5,1,0.0,5.6,0
2023-09-14 23:00:00,14.0,0,0.0,7.1,0
2023-09-15 00:00:00,13.4,0,0.0,7.9,0
2023-09-15 01:00:00,14.6,6,0.0,4.6,0
2023-09-15 02:00:00,13.4,31,0.0,0.7,0
2023-09-15 03:00:00,12.4,19,0.0,0.4,0
2023-09-15 04:00:00,11.8,10,0.0,1.0,0
2023-09-15 05:00:00,11.4,5,0.0,4.1,0
2023-09-15 06:00:00,11.1,6,0.0,5.6,0
2023-09-15 07:00:00,10.1,2,0.0,6.3,3
2023-09-15 08:00:00,12.4,5,0.0,5.4,82
2023-09-15 09:00:00,14.9,11,0.0,6.6,225
2023-09-15 10:00:00,17.4,1,0.0,9.1,381
2023-09-15 11:00:00,19.7,68,0.0,12.3,514
2023-09-15 12:00:00,21.1,50,0.0,13.9,520
2023-09-15 13:00:00,22.0,52,0.0,13.8,475
2023-09-15 14:00:00,22.5,54,0.0,13.4,435
2023-09-15 15:00:00,22.8,97,0.0,14.8,399
2023-09-15 16:00:00,22.5,100,0.0,15.3,334
2023-09-15 17:00:00,22.2,96,0.0,14.4,208
2023-09-15 18:00:00,21.8,99,0.0,14.2,128
2023-09-15 19:00:00,20.9,76,0.0,12.1,41
2023-09-15 20:00:00,19.1,89,0.0,11.9,1
2023-09-15 21:00:00,18.3,23,0.0,12.7,0
2023-09-15 22:00:00,17.2,8,0.0,12.0,0
2023-09-15 23:00:00,16.4,44,0.0,11.9,0
2023-09-16 00:00:00,15.4,22,0.0,9.5,0
2023-09-16 01:00:00,14.6,21,0.0,7.6,0
2023-09-16 02:00:00,13.8,84,0.0,6.6,0
2023-09-16 03:00:00,12.4,76,0.0,5.6,0
2023-09-16 04:00:00,12.1,61,0.0,6.4,0
2023-09-16 05:00:00,12.4,55,0.0,7.8,0
2023-09-16 06:00:00,11.9,37,0.0,7.0,0
2023-09-16 07:00:00,11.9,76,0.0,6.9,2
2023-09-16 08:00:00,13.7,83,0.0,7.0,73
2023-09-16 09:00:00,16.3,7,0.0,6.6,225
2023-09-16 10:00:00,18.8,2,0.0,8.8,381
2023-09-16 11:00:00,21.0,0,0.0,9.8,513
2023-09-16 12:00:00,23.1,3,0.0,11.2,606
2023-09-16 13:00:00,24.8,1,0.0,12.1,652
2023-09-16 14:00:00,25.6,22,0.0,13.1,645
2023-09-16 15:00:00,25.6,47,0.0,12.9,415
2023-09-16 16:00:00,25.9,38,0.0,12.4,370
2023-09-16 17:00:00,26.0,19,0.0,11.2,303
2023-09-16 18:00:00,25.5,23,0.0,8.8,201
2023-09-16 19:00:00,22.0,29,0.0,7.1,61
2023-09-16 20:00:00,21.1,21,0.0,10.6,1
2023-09-16 21:00:00,20.8,15,0.0,17.1,0
2023-09-16 22:00:00,20.5,27,0.0,17.9,0
2023-09-16 23:00:00,19.5,3,0.0,16.2,0
2023-09-17 00:00:00,18.5,4,0.0,14.1,0
2023-09-17 01:00:00,17.5,0,0.0,9.0,0
2023-09-17 02:00:00,15.2,0,0.0,6.6,0
2023-09-17 03:00:00,14.1,0,0.0,7.2,0
2023-09-17 04:00:00,13.9,28,0.0,6.7,0
2023-09-17 05:00:00,13.5,74,0.0,5.9,0
2023-09-17 06:00:00,12.8,0,0.0,6.9,0
2023-09-17 07:00:00,12.9,0,0.0,5.5,2
2023-09-17 08:00:00,14.8,0,0.0,7.4,77
2023-09-17 09:00:00,17.1,0,0.0,4.7,224
2023-09-17 10:00:00,19.6,2,0.0,1.8,376
2023-09-17 11:00:00,21.7,6,0.0,3.4,506
2023-09-17 12:00:00,23.5,6,0.0,3.1,597
2023-09-17 13:00:00,25.1,5,0.0,2.8,642
2023-09-17 14:00:00,26.0,0,0.0,4.2,636
2023-09-17 15:00:00,27.0,44,0.0,4.0,577
2023-09-17 16:00:00,27.2,75,0.0,5.9,474
2023-09-17 17:00:00,27.0,41,0.0,8.0,348
2023-09-17 18:00:00,26.2,15,0.0,8.8,199
2023-09-17 19:00:00,23.5,4,0.0,6.8,60
2023-09-17 20:00:00,21.5,29,0.0,10.4,0
2023-09-17 21:00:00,21.0,40,0.0,11.8,0
2023-09-17 22:00:00,20.3,1,0.0,10.5,0
2023-09-17 23:00:00,19.3,13,0.0,8.7,0
2023-09-18 00:00:00,18.1,45,0.0,6.8,0
2023-09-18 01:00:00,17.7,60,0.0,8.0,0
2023-09-18 02:00:00,17.1,7,0.0,7.9,0
2023-09-18 03:00:00,15.9,28,0.0,7.6,0
2023-09-18 04:00:00,15.8,60,0.0,5.8,0
2023-09-18 05:00:00,15.4,100,0.0,6.1,0
2023-09-18 06:00:00,15.0,89,0.0,5.4,0
2023-09-18 07:00:00,15.1,20,0.0,6.2,2
2023-09-18 08:00:00,17.4,40,0.0,9.4,73
2023-09-18 09:00:00,20.0,83,0.0,7.9,218
2023-09-18 10:00:00,22.4,96,0.0,7.9,367
2023-09-18 11:00:00,24.6,92,0.0,9.4,490
2023-09-18 12:00:00,26.5,42,0.0,9.7,574
2023-09-18 13:00:00,28.0,21,0.0,9.7,630
2023-09-18 14:00:00,28.6,85,0.0,7.6,624
2023-09-18 15:00:00,29.4,100,0.0,8.7,573
2023-09-18 16:00:00,29.0,100,0.0,11.3,395
2023-09-18 17:00:00,28.2,100,0.0,10.8,187
2023-09-18 18:00:00,26.8,100,0.0,13.9,64
2023-09-18 19:00:00,23.6,100,0.2,15.5,22
2023-09-18 20:00:00,20.9,98,0.5,12.1,0
2023-09-18 21:00:00,19.9,100,0.5,11.4,0
2023-09-18 22:00:00,19.0,100,0.5,15.8,0
2023-09-18 23:00:00,18.6,100,1.0,8.4,0
2023-09-19 00:00:00,18.6,100,0.0,8.6,0
2023-09-19 01:00:00,18.0,100,0.0,12.5,0
2023-09-19 02:00:00,17.2,100,0.0,11.9,0
2023-09-19 03:00:00,16.1,100,0.0,9.2,0
2023-09-19 04:00:00,16.1,100,0.0,10.2,0
2023-09-19 05:00:00,16.7,100,0.0,15.1,0
2023-09-19 06:00:00,16.9,100,0.0,18.0,0
2023-09-19 07:00:00,16.8,100,0.0,16.5,1
2023-09-19 08:00:00,17.1,100,0.0,18.7,34
2023-09-19 09:00:00,18.1,100,0.0,19.7,98
2023-09-19 10:00:00,19.9,100,0.0,22.5,256
2023-09-19 11:00:00,20.8,95,0.1,19.4,350
2023-09-19 12:00:00,22.3,26,0.0,18.0,484
2023-09-19 13:00:00,23.8,89,0.0,21.6,608
2023-09-19 14:00:00,23.2,85,0.0,18.1,565
2023-09-19 15:00:00,24.0,97,0.0,17.7,564
2023-09-19 16:00:00,23.7,99,0.0,20.1,429
2023-09-19 17:00:00,23.1,99,0.0,20.6,314
2023-09-19 18:00:00,22.2,95,0.0,20.1,179
2023-09-19 19:00:00,20.4,4,0.0,16.7,51
2023-09-19 20:00:00,19.0,6,0.0,13.1,0
2023-09-19 21:00:00,18.0,9,0.0,12.1,0
2023-09-19 22:00:00,16.5,30,0.0,8.7,0
2023-09-19 23:00:00,15.6,97,0.0,10.2,0
2023-09-20 00:00:00,15.3,99,0.0,11.9,0
2023-09-20 01:00:00,15.1,96,0.0,13.1,0
2023-09-20 02:00:00,14.4,39,0.0,10.9,0
2023-09-20 03:00:00,13.8,0,0.0,9.6,0
2023-09-20 04:00:00,13.6,0,0.0,11.2,0
2023-09-20 05:00:00,13.5,0,0.0,11.8,0
2023-09-20 06:00:00,13.5,0,0.0,12.9,0
2023-09-20 07:00:00,13.4,2,0.0,13.0,1
2023-09-20 08:00:00,14.8,4,0.0,14.5,67
2023-09-20 09:00:00,17.2,0,0.0,11.6,210
2023-09-20 10:00:00,19.9,0,0.0,11.0,361
2023-09-20 11:00:00,21.9,0,0.0,11.5,489
2023-09-20 12:00:00,23.2,0,0.0,11.0,581
2023-09-20 13:00:00,24.1,0,0.0,10.0,628
2023-09-20 14:00:00,24.3,0,0.0,10.9,623
2023-09-20 15:00:00,25.0,15,0.0,12.6,565
2023-09-20 16:00:00,25.1,0,0.0,13.7,449
2023-09-20 17:00:00,25.0,0,0.0,13.0,313
2023-09-20 18:00:00,24.6,0,0.0,7.2,188
2023-09-20 19:00:00,21.4,3,0.0,5.4,49
2023-09-20 20:00:00,20.0,1,0.0,8.9,0
2023-09-20 21:00:00,18.9,3,0.0,7.4,0
2023-09-20 22:00:00,18.1,1,0.0,7.6,0
2023-09-20 23:00:00,18.5,0,0.0,13.1,0
2023-09-21 00:00:00,18.1,4,0.0,13.2,0
2023-09-21 01:00:00,17.5,0,0.0,10.9,0
2023-09-21 02:00:00,16.6,11,0.0,5.2,0
2023-09-21 03:00:00,13.9,22,0.0,6.5,0
2023-09-21 04:00:00,14.2,39,0.0,7.0,0
2023-09-21 05:00:00,13.9,13,0.0,7.6,0
2023-09-21 06:00:00,13.5,12,0.0,5.8,0
2023-09-21 07:00:00,13.4,56,0.0,5.8,1
2023-09-21 08:00:00,15.7,100,0.0,8.4,59
2023-09-21 09:00:00,18.1,100,0.0,10.4,178
2023-09-21 10:00:00,20.4,65,0.0,10.6,313
2023-09-21 11:00:00,22.4,59,0.0,10.9,400
2023-09-21 12:00:00,23.8,76,0.0,9.8,498
2023-09-21 13:00:00,25.0,90,0.0,9.9,594
2023-09-21 14:00:00,23.0,40,0.0,13.2,591
2023-09-21 15:00:00,24.0,35,0.0,13.2,383
2023-09-21 16:00:00,24.9,40,0.0,13.2,374
2023-09-21 17:00:00,25.0,57,0.0,12.4,268
2023-09-21 18:00:00,24.6,18,0.0,11.9,161
2023-09-21 19:00:00,21.6,12,0.0,5.7,43
2023-09-21 20:00:00,20.3,3,0.0,7.4,0
2023-09-21 21:00:00,19.3,5,0.0,7.5,0
2023-09-21 22:00:00,18.8,70,0.0,8.9,0
2023-09-21 23:00:00,18.5,7,0.0,9.9,0
2023-09-22 00:00:00,18.5,77,0.0,10.9,0
2023-09-22 01:00:00,18.4,93,0.0,11.6,0
2023-09-22 02:00:00,16.3,67,0.0,7.7,0
2023-09-22 03:00:00,15.4,100,0.0,7.1,0
2023-09-22 04:00:00,16.5,100,0.0,8.6,0
2023-09-22 05:00:00,16.7,100,0.0,12.2,0
2023-09-22 06:00:00,16.8,99,0.0,14.3,0
2023-09-22 07:00:00,17.4,100,0.0,11.8,0
2023-09-22 08:00:00,17.9,100,0.0,12.1,38
2023-09-22 09:00:00,19.0,100,0.0,13.9,121
2023-09-22 10:00:00,19.1,100,0.0,18.8,173
2023-09-22 11:00:00,19.6,100,0.0,18.0,262
2023-09-22 12:00:00,20.5,100,0.0,13.7,288
2023-09-22 13:00:00,20.4,100,0.0,11.1,242
2023-09-22 14:00:00,17.5,100,0.1,13.7,186
2023-09-22 15:00:00,18.4,100,0.0,12.7,223
2023-09-22 16:00:00,18.3,100,0.0,10.4,90
2023-09-22 17:00:00,18.0,100,0.1,9.0,94
2023-09-22 18:00:00,17.4,99,0.0,5.8,36
2023-09-22 19:00:00,16.5,100,0.1,6.9,24
2023-09-22 20:00:00,16.0,100,0.6,9.0,0
2023-09-22 21:00:00,15.3,100,0.7,8.3,0
2023-09-22 22:00:00,15.1,100,0.5,5.0,0
2023-09-22 23:00:00,14.8,53,0.0,5.1,0
2023-09-23 00:00:00,13.9,56,0.0,5.8,0
2023-09-23 01:00:00,13.2,95,0.0,8.1,0
2023-09-23 02:00:00,13.7,46,0.0,8.4,0
2023-09-23 03:00:00,13.1,99,0.0,8.7,0
2023-09-23 04:00:00,12.4,45,0.0,8.8,0
2023-09-23 05:00:00,12.1,86,0.0,10.5,0
2023-09-23 06:00:00,12.4,80,0.0,10.7,0
2023-09-23 07:00:00,12.4,100,0.0,12.0,0
2023-09-23 08:00:00,13.1,100,0.0,15.3,31
2023-09-23 09:00:00,13.9,100,0.0,15.0,126
2023-09-23 10:00:00,15.1,99,0.0,13.9,226
2023-09-23 11:00:00,16.6,91,0.0,14.4,358
2023-09-23 12:00:00,18.2,100,0.0,14.2,505
2023-09-23 13:00:00,19.1,100,0.0,14.6,580
2023-09-23 14:00:00,17.2,100,0.0,14.4,485
2023-09-23 15:00:00,17.7,100,0.0,13.3,276
2023-09-23 16:00:00,17.9,100,0.0,11.5,171
2023-09-23 17:00:00,17.9,100,0.0,11.1,158
2023-09-23 18:00:00,17.6,100,0.0,10.2,112
2023-09-23 19:00:00,15.4,100,0.0,5.6,29
2023-09-23 20:00:00,13.6,100,0.0,7.9,0
2023-09-23 21:00:00,12.9,100,0.0,6.2,0
2023-09-23 22:00:00,13.4,100,0.0,8.0,0
2023-09-23 23:00:00,13.2,100,0.0,8.4,0
2023-09-24 00:00:00,13.1,100,0.0,8.7,0
2023-09-24 01:00:00,13.1,100,0.0,10.5,0
2023-09-24 02:00:00,10.8,99,0.0,7.5,0
2023-09-24 03:00:00,9.9,100,0.0,7.5,0
2023-09-24 04:00:00,9.6,69,0.0,7.4,0
2023-09-24 05:00:00,9.1,2,0.0,8.4,0
2023-09-24 06:00:00,8.9,20,0.0,6.8,0
2023-09-24 07:00:00,8.4,21,0.0,5.8,0
2023-09-24 08:00:00,10.4,2,0.0,7.3,54
2023-09-24 09:00:00,12.9,0,0.0,5.1,195
2023-09-24 10:00:00,14.9,0,0.0,5.8,349
2023-09-24 11:00:00,16.3,35,0.0,9.0,474
2023-09-24 12:00:00,17.7,26,0.0,11.2,546
2023-09-24 13:00:00,18.5,100,0.0,13.0,536
2023-09-24 14:00:00,17.8,50,0.0,12.7,278
2023-09-24 15:00:00,18.0,97,0.0,12.9,337
2023-09-24 16:00:00,17.9,59,0.0,12.6,244
2023-09-24 17:00:00,17.8,53,0.0,12.7,210
2023-09-24 18:00:00,17.4,3,0.0,12.4,135
2023-09-24 19:00:00,15.1,14,0.0,7.4,33
2023-09-24 20:00:00,14.1,0,0.0,8.4,0
2023-09-24 21:00:00,13.3,10,0.0,9.5,0
2023-09-24 22:00:00,12.3,22,0.0,8.2,0
2023-09-24 23:00:00,11.6,3,0.0,6.0,0
2023-09-25 00:00:00,10.5,1,0.0,6.6,0
2023-09-25 01:00:00,10.2,0,0.0,7.0,0
2023-09-25 02:00:00,9.4,0,0.0,6.5,0
2023-09-25 03:00:00,9.1,2,0.0,6.6,0
2023-09-25 04:00:00,8.6,25,0.0,6.4,0
2023-09-25 05:00:00,8.6,0,0.0,4.9,0
2023-09-25 06:00:00,7.8,0,0.0,7.9,0
2023-09-25 07:00:00,8.9,0,0.0,5.0,0
2023-09-25 08:00:00,9.9,1,0.0,1.1,52
2023-09-25 09:00:00,12.5,16,0.0,1.1,188
2023-09-25 10:00:00,14.6,59,0.0,4.2,313
2023-09-25 11:00:00,16.3,0,0.0,5.1,410
2023-09-25 12:00:00,18.1,8,0.0,5.5,556
2023-09-25 13:00:00,20.0,100,0.0,7.1,588
2023-09-25 14:00:00,19.9,99,0.0,2.2,319
2023-09-25 15:00:00,20.8,82,0.0,1.3,377
2023-09-25 16:00:00,20.8,100,0.0,6.9,274
2023-09-25 17:00:00,20.0,96,0.0,12.4,200
2023-09-25 18:00:00,19.5,80,0.0,11.2,95
2023-09-25 19:00:00,18.8,80,0.0,9.1,20
2023-09-25 20:00:00,17.5,1,0.0,11.0,0
2023-09-25 21:00:00,16.1,0,0.0,9.1,0
2023-09-25 22:00:00,15.1,1,0.0,7.1,0
2023-09-25 23:00:00,14.0,2,0.0,6.6,0
2023-09-26 00:00:00,12.9,5,0.0,7.2,0
2023-09-26 01:00:00,12.5,6,0.0,5.9,0
2023-09-26 02:00:00,12.1,4,0.0,5.8,0
2023-09-26 03:00:00,11.4,12,0.0,5.7,0
2023-09-26 04:00:00,11.4,33,0.0,6.3,0
2023-09-26 05:00:00,10.9,0,0.0,7.0,0
2023-09-26 06:00:00,10.9,93,0.0,5.5,0
2023-09-26 07:00:00,11.5,97,0.0,3.4,0
2023-09-26 08:00:00,12.2,96,0.0,3.3,34
2023-09-26 09:00:00,14.1,55,0.0,3.1,113
2023-09-26 10:00:00,17.0,7,0.0,4.7,272
2023-09-26 11:00:00,19.9,1,0.0,6.5,453
2023-09-26 12:00:00,22.0,84,0.0,8.9,543
2023-09-26 13:00:00,23.9,89,0.0,9.8,454
2023-09-26 14:00:00,24.5,99,0.0,8.3,398
2023-09-26 15:00:00,26.6,28,0.0,12.5,480
2023-09-26 16:00:00,26.6,91,0.0,13.2,378
2023-09-26 17:00:00,26.3,71,0.0,11.4,235
2023-09-26 18:00:00,24.9,30,0.0,8.4,133
2023-09-26 19:00:00,22.0,26,0.0,9.8,26
2023-09-26 20:00:00,20.6,22,0.0,11.2,0
2023-09-26 21:00:00,19.9,16,0.0,11.7,0
2023-09-26 22:00:00,18.9,8,0.0,10.5,0
2023-09-26 23:00:00,18.2,4,0.0,9.7,0
2023-09-27 00:00:00,17.5,6,0.0,8.3,0
2023-09-27 01:00:00,16.1,17,0.0,7.0,0
2023-09-27 02:00:00,14.9,18,0.0,7.2,0
2023-09-27 03:00:00,13.9,99,0.0,5.8,0
2023-09-27 04:00:00,13.4,96,0.0,5.5,0
2023-09-27 05:00:00,13.6,93,0.0,5.4,0
2023-09-27 06:00:00,13.4,98,0.0,5.7,0
2023-09-27 07:00:00,12.9,99,0.0,6.0,0
2023-09-27 08:00:00,14.8,6,0.0,9.0,44
2023-09-27 09:00:00,17.9,1,0.0,3.6,184
2023-09-27 10:00:00,20.1,1,0.0,2.6,338
2023-09-27 11:00:00,21.9,0,0.0,5.7,459
2023-09-27 12:00:00,23.6,9,0.0,8.2,549
2023-09-27 13:00:00,25.0,8,0.0,9.2,593
2023-09-27 14:00:00,25.8,1,0.0,11.6,586
2023-09-27 15:00:00,26.2,0,0.0,11.2,533
2023-09-27 16:00:00,26.0,6,0.0,12.0,437
2023-09-27 17:00:00,25.4,18,0.0,12.3,298
2023-09-27 18:00:00,24.1,0,0.0,8.4,147
2023-09-27 19:00:00,20.7,0,0.0,6.3,25
2023-09-27 20:00:00,19.0,14,0.0,6.2,0
2023-09-27 21:00:00,18.2,25,0.0,9.9,0
2023-09-27 22:00:00,18.8,1,0.0,13.6,0
2023-09-27 23:00:00,18.9,0,0.0,16.5,0
2023-09-28 00:00:00,18.3,0,0.0,15.5,0
2023-09-28 01:00:00,17.4,0,0.0,14.3,0
2023-09-28 02:00:00,15.9,0,0.0,7.6,0
2023-09-28 03:00:00,13.2,0,0.0,9.2,0
2023-09-28 04:00:00,13.0,0,0.0,8.2,0
2023-09-28 05:00:00,13.2,0,0.0,7.6,0
2023-09-28 06:00:00,11.4,0,0.0,8.3,0
2023-09-28 07:00:00,11.1,0,0.0,7.6,0
2023-09-28 08:00:00,13.2,0,0.0,8.0,46
2023-09-28 09:00:00,16.2,0,0.0,6.3,186
2023-09-28 10:00:00,18.6,0,0.0,6.4,338
2023-09-28 11:00:00,20.5,0,0.0,4.6,467
2023-09-28 12:00:00,22.2,0,0.0,3.4,556
2023-09-28 13:00:00,23.6,0,0.0,0.8,599
2023-09-28 14:00:00,24.3,0,0.0,1.8,593
2023-09-28 15:00:00,25.5,52,0.0,1.6,534
2023-09-28 16:00:00,25.6,93,0.0,2.6,418
2023-09-28 17:00:00,25.4,100,0.0,2.8,258
2023-09-28 18:00:00,24.0,2,0.0,4.7,135
2023-09-28 19:00:00,19.9,0,0.0,6.5,23
2023-09-28 20:00:00,18.7,4,0.0,6.6,0
2023-09-28 21:00:00,17.3,28,0.0,6.2,0
2023-09-28 22:00:00,16.8,0,0.0,8.1,0
2023-09-28 23:00:00,16.4,0,0.0,10.4,0
2023-09-29 00:00:00,15.8,0,0.0,10.6,0
2023-09-29 01:00:00,15.4,0,0.0,10.1,0
2023-09-29 02:00:00,13.9,0,0.0,6.2,0
2023-09-29 03:00:00,13.3,0,0.0,9.7,0
2023-09-29 04:00:00,13.1,0,0.0,10.6,0
2023-09-29 05:00:00,12.8,0,0.0,8.7,0
2023-09-29 06:00:00,12.1,0,0.0,5.6,0
2023-09-29 07:00:00,11.3,0,0.0,6.8,0
2023-09-29 08:00:00,13.2,0,0.0,8.7,43
2023-09-29 09:00:00,15.8,0,0.0,7.0,178
2023-09-29 10:00:00,18.8,4,0.0,4.4,325
2023-09-29 11:00:00,21.6,14,0.0,5.8,451
2023-09-29 12:00:00,24.0,88,0.0,8.4,540
2023-09-29 13:00:00,25.4,90,0.0,9.9,568
2023-09-29 14:00:00,25.9,87,0.0,7.0,566
2023-09-29 15:00:00,26.4,64,0.0,8.0,496
2023-09-29 16:00:00,26.4,11,0.0,9.3,417
2023-09-29 17:00:00,25.9,92,0.0,10.9,285
2023-09-29 18:00:00,24.6,100,0.0,10.3,87
2023-09-29 19:00:00,23.4,99,0.0,12.4,8
2023-09-29 20:00:00,22.2,64,0.0,11.3,0
2023-09-29 21:00:00,20.9,100,0.0,10.1,0
2023-09-29 22:00:00,20.9,100,0.0,8.4,0
2023-09-29 23:00:00,20.8,96,0.0,10.6,0
2023-09-30 00:00:00,19.5,100,0.0,15.0,0
2023-09-30 01:00:00,19.2,100,0.1,14.5,0
2023-09-30 02:00:00,17.6,96,0.0,12.7,0
2023-09-30 03:00:00,18.1,79,0.1,17.6,0
2023-09-30 04:00:00,18.0,37,0.0,16.7,0
2023-09-30 05:00:00,17.1,28,0.0,14.6,0
2023-09-30 06:00:00,16.4,91,0.1,12.7,0
2023-09-30 07:00:00,16.4,100,0.5,10.9,0
2023-09-30 08:00:00,15.8,100,0.7,21.3,9
2023-09-30 09:00:00,14.9,100,0.0,18.3,67
2023-09-30 10:00:00,15.6,99,0.0,15.6,204
2023-09-30 11:00:00,16.1,50,0.0,13.2,242
2023-09-30 12:00:00,17.6,52,0.0,12.6,447
2023-09-30 13:00:00,18.6,90,0.0,12.2,443
2023-09-30 14:00:00,19.2,46,0.0,9.4,526
2023-09-30 15:00:00,19.9,1,0.0,10.2,492
2023-09-30 16:00:00,19.9,1,0.0,9.6,421
2023-09-30 17:00:00,19.4,1,0.0,10.1,287
2023-09-30 18:00:00,18.2,30,0.0,9.3,137
2023-09-30 19:00:00,15.8,62,0.0,7.4,18
2023-09-30 20:00:00,14.2,13,0.0,6.2,0
2023-09-30 21:00:00,13.5,0,0.0,7.7,0
2023-09-30 22:00:00,14.7,7,0.0,2.7,0
2023-09-30 23:00:00,11.6,4,0.0,4.5,0
2023-10-01 00:00:00,11.6,24,0.0,5.6,0
2023-10-01 01:00:00,10.9,55,0.0,9.2,0
2023-10-01 02:00:00,10.3,63,0.0,7.2,0
2023-10-01 03:00:00,9.5,98,0.0,7.6,0
2023-10-01 04:00:00,9.4,44,0.0,8.0,0
2023-10-01 05:00:00,9.2,20,0.0,8.4,0
2023-10-01 06:00:00,9.3,37,0.0,10.1,0
2023-10-01 07:00:00,9.4,57,0.0,10.4,0
2023-10-01 08:00:00,10.1,100,0.0,10.5,32
2023-10-01 09:00:00,12.4,100,0.0,9.4,147
2023-10-01 10:00:00,15.4,96,0.0,10.5,280
2023-10-01 11:00:00,18.2,100,0.0,11.7,421
2023-10-01 12:00:00,19.7,73,0.0,13.3,506
2023-10-01 13:00:00,20.9,20,0.0,13.8,571
2023-10-01 14:00:00,22.0,30,0.0,11.7,565
2023-10-01 15:00:00,22.5,47,0.0,10.2,488
2023-10-01 16:00:00,22.6,30,0.0,10.9,388
2023-10-01 17:00:00,22.4,82,0.0,11.7,267
2023-10-01 18:00:00,21.1,26,0.0,9.6,121
2023-10-01 19:00:00,18.7,92,0.0,10.2,15
2023-10-01 20:00:00,17.4,53,0.0,9.7,0
2023-10-01 21:00:00,16.5,72,0.0,9.6,0
2023-10-01 22:00:00,15.8,1,0.0,9.4,0
2023-10-01 23:00:00,15.2,9,0.0,10.3,0
2023-10-02 00:00:00,14.7,4,0.0,10.5,0
2023-10-02 01:00:00,14.3,1,0.0,11.2,0
2023-10-02 02:00:00,14.4,16,0.0,10.4,0
2023-10-02 03:00:00,13.5,17,0.0,9.4,0
2023-10-02 04:00:00,13.1,55,0.0,9.3,0
2023-10-02 05:00:00,12.9,42,0.0,9.9,0
2023-10-02 06:00:00,12.4,55,0.0,10.9,0
2023-10-02 07:00:00,12.1,31,0.0,11.6,0
2023-10-02 08:00:00,13.1,8,0.0,12.1,34
2023-10-02 09:00:00,15.8,12,0.0,9.5,162
2023-10-02 10:00:00,18.8,14,0.0,10.2,307
2023-10-02 11:00:00,21.2,24,0.0,11.0,432
2023-10-02 12:00:00,23.2,64,0.0,12.2,520
2023-10-02 13:00:00,24.8,100,0.0,12.5,561
2023-10-02 14:00:00,25.1,99,0.0,8.9,536
2023-10-02 15:00:00,25.9,91,0.0,9.4,422
2023-10-02 16:00:00,26.2,95,0.0,8.9,397
2023-10-02 17:00:00,26.0,96,0.0,9.5,266
2023-10-02 18:00:00,24.0,97,0.0,10.2,116
2023-10-02 19:00:00,21.6,51,0.0,12.3,13
2023-10-02 20:00:00,20.0,100,0.0,10.1,0
2023-10-02 21:00:00,18.6,100,0.0,9.8,0
2023-10-02 22:00:00,17.6,92,0.0,11.4,0
2023-10-02 23:00:00,16.9,99,0.0,12.6,0
2023-10-03 00:00:00,16.4,84,0.0,12.8,0
2023-10-03 01:00:00,16.0,100,0.0,12.3,0
2023-10-03 02:00:00,15.4,70,0.0,8.0,0
2023-10-03 03:00:00,14.8,0,0.0,9.1,0
2023-10-03 04:00:00,14.6,0,0.0,10.1,0
2023-10-03 05:00:00,14.1,0,0.0,9.1,0
2023-10-03 06:00:00,13.5,0,0.0,8.0,0
2023-10-03 07:00:00,13.1,1,0.0,8.4,0
2023-10-03 08:00:00,14.1,35,0.0,10.4,33
2023-10-03 09:00:00,16.6,21,0.0,9.0,162
2023-10-03 10:00:00,19.6,69,0.0,11.4,307
2023-10-03 11:00:00,22.9,52,0.0,13.4,417
2023-10-03 12:00:00,25.2,52,0.0,16.6,513
2023-10-03 13:00:00,27.0,20,0.0,19.1,555
2023-10-03 14:00:00,28.1,2,0.0,22.1,553
2023-10-03 15:00:00,28.4,75,0.0,23.4,492
2023-10-03 16:00:00,28.0,97,0.0,25.1,381
2023-10-03 17:00:00,26.6,100,0.0,22.7,203
2023-10-03 18:00:00,25.3,100,0.0,19.2,74
2023-10-03 19:00:00,24.2,100,0.0,22.0,7
2023-10-03 20:00:00,22.8,100,0.0,31.5,0
2023-10-03 21:00:00,19.9,98,0.0,34.6,0
2023-10-03 22:00:00,18.6,100,0.3,22.3,0
2023-10-03 23:00:00,17.5,100,0.2,26.2,0
2023-10-04 00:00:00,16.4,75,0.0,26.3,0
2023-10-04 01:00:00,14.9,7,0.0,21.6,0
2023-10-04 02:00:00,13.1,2,0.0,14.1,0
2023-10-04 03:00:00,12.4,0,0.0,10.6,0
2023-10-04 04:00:00,11.8,0,0.0,16.3,0
2023-10-04 05:00:00,11.9,0,0.0,19.4,0
2023-10-04 06:00:00,11.6,0,0.0,17.4,0
2023-10-04 07:00:00,11.1,0,0.0,18.2,0
2023-10-04 08:00:00,11.6,39,0.0,17.5,31
2023-10-04 09:00:00,13.1,99,0.0,17.1,156
2023-10-04 10:00:00,14.7,97,0.0,17.7,274
2023-10-04 11:00:00,16.1,98,0.0,18.3,366
2023-10-04 12:00:00,17.4,58,0.0,19.4,441
2023-10-04 13:00:00,18.8,7,0.0,19.6,533
2023-10-04 14:00:00,19.0,15,0.0,19.5,522
2023-10-04 15:00:00,19.2,54,0.0,18.0,388
2023-10-04 16:00:00,19.1,57,0.0,15.9,205
2023-10-04 17:00:00,18.7,77,0.0,14.0,138
2023-10-04 18:00:00,18.1,32,0.0,12.0,72
2023-10-04 19:00:00,16.9,100,0.0,7.9,8
2023-10-04 20:00:00,15.2,100,0.0,9.2,0
2023-10-04 21:00:00,14.3,100,0.0,9.8,0
2023-10-04 22:00:00,13.6,100,0.0,8.4,0
2023-10-04 23:00:00,12.6,100,0.0,9.2,0
2023-10-05 00:00:00,11.9,100,0.0,10.7,0
2023-10-05 01:00:00,11.4,11,0.0,11.3,0
2023-10-05 02:00:00,10.3,0,0.0,12.5,0
2023-10-05 03:00:00,9.4,5,0.0,12.6,0
2023-10-05 04:00:00,9.0,20,0.0,13.0,0
2023-10-05 05:00:00,8.7,100,0.0,13.2,0
2023-10-05 06:00:00,8.8,100,0.0,14.5,0
2023-10-05 07:00:00,9.3,100,0.0,15.5,0
2023-10-05 08:00:00,9.9,99,0.0,17.1,20
2023-10-05 09:00:00,11.5,100,0.0,16.8,116
2023-10-05 10:00:00,13.7,62,0.0,18.4,241
2023-10-05 11:00:00,15.7,75,0.0,19.8,392
2023-10-05 12:00:00,17.0,86,0.0,19.1,477
2023-10-05 13:00:00,17.7,100,0.0,19.4,395
2023-10-05 14:00:00,18.2,100,0.0,18.0,514
2023-10-05 15:00:00,18.9,100,0.0,20.8,408
2023-10-05 16:00:00,18.4,100,0.0,20.5,234
2023-10-05 17:00:00,17.8,100,0.0,19.7,133
2023-10-05 18:00:00,17.0,100,0.0,17.4,68
2023-10-05 19:00:00,15.6,100,0.0,12.6,7
2023-10-05 20:00:00,14.6,99,0.0,12.1,0
2023-10-05 21:00:00,13.5,41,0.0,12.3,0
2023-10-05 22:00:00,12.8,25,0.0,13.0,0
2023-10-05 23:00:00,12.1,35,0.0,12.1,0
2023-10-06 00:00:00,11.7,99,0.0,10.9,0
2023-10-06 01:00:00,11.2,100,0.0,10.7,0
2023-10-06 02:00:00,10.6,100,0.0,13.2,0
2023-10-06 03:00:00,10.4,41,0.0,12.1,0
2023-10-06 04:00:00,10.1,22,0.0,11.6,0
2023-10-06 05:00:00,9.6,23,0.0,11.5,0
2023-10-06 06:00:00,9.3,0,0.0,11.7,0
2023-10-06 07:00:00,8.9,15,0.0,11.2,0
2023-10-06 08:00:00,9.4,11,0.0,13.1,25
2023-10-06 09:00:00,11.5,96,0.0,11.6,146
2023-10-06 10:00:00,13.8,38,0.0,10.5,278
2023-10-06 11:00:00,15.9,2,0.0,11.8,410
2023-10-06 12:00:00,17.5,99,0.0,13.9,503
2023-10-06 13:00:00,18.5,94,0.0,14.8,530
2023-10-06 14:00:00,19.1,100,0.0,12.8,520
2023-10-06 15:00:00,19.5,100,0.0,13.0,460
2023-10-06 16:00:00,19.2,100,0.0,15.0,334
2023-10-06 17:00:00,18.7,100,0.0,15.9,219
2023-10-06 18:00:00,17.5,98,0.0,11.4,97
2023-10-06 19:00:00,15.8,98,0.0,11.5,7
2023-10-06 20:00:00,14.9,100,0.0,13.0,0
2023-10-06 21:00:00,14.1,3,0.0,15.0,0
2023-10-06 22:00:00,13.7,47,0.0,16.6,0
2023-10-06 23:00:00,13.6,99,0.0,17.4,0
2023-10-07 00:00:00,13.8,98,0.0,18.6,0
2023-10-07 01:00:00,13.6,94,0.0,19.3,0
2023-10-07 02:00:00,13.2,98,0.0,20.2,0
2023-10-07 03:00:00,13.1,94,0.0,21.5,0
2023-10-07 04:00:00,12.9,100,0.0,22.0,0
2023-10-07 05:00:00,12.7,100,0.0,22.7,0
2023-10-07 06:00:00,12.4,100,0.0,22.0,0
2023-10-07 07:00:00,12.2,100,0.0,22.5,0
2023-10-07 08:00:00,12.6,97,0.0,24.2,20
2023-10-07 09:00:00,14.1,99,0.0,22.3,126
2023-10-07 10:00:00,15.8,55,0.0,24.7,259
2023-10-07 11:00:00,17.8,60,0.0,25.4,408
2023-10-07 12:00:00,19.0,100,0.0,24.2,417
2023-10-07 13:00:00,16.4,100,0.0,17.4,50
2023-10-07 14:00:00,19.1,100,0.0,22.6,203
2023-10-07 15:00:00,20.3,100,0.0,25.1,245
2023-10-07 16:00:00,19.5,100,0.0,28.0,129
2023-10-07 17:00:00,18.6,100,0.0,29.7,37
2023-10-07 18:00:00,18.7,100,0.0,27.0,24
2023-10-07 19:00:00,18.3,100,0.0,25.4,1
2023-10-07 20:00:00,18.1,100,0.0,25.4,0
2023-10-07 21:00:00,17.5,100,0.0,28.9,0
2023-10-07 22:00:00,17.6,99,0.0,30.3,0
2023-10-07 23:00:00,17.7,99,0.0,28.9,0
2023-10-08 00:00:00,18.1,100,0.0,26.8,0
2023-10-08 01:00:00,18.5,100,0.0,24.9,0
2023-10-08 02:00:00,17.8,100,0.0,23.7,0
2023-10-08 03:00:00,17.8,99,0.0,23.9,0
2023-10-08 04:00:00,18.0,89,0.0,26.3,0
2023-10-08 05:00:00,17.6,88,0.0,27.7,0
2023-10-08 06:00:00,17.4,100,0.0,28.3,0
2023-10-08 07:00:00,13.4,100,1.3,21.2,0
2023-10-08 08:00:00,12.3,100,0.3,15.6,4
2023-10-08 09:00:00,11.5,100,0.8,13.8,21
2023-10-08 10:00:00,11.7,100,0.2,12.4,34
2023-10-08 11:00:00,12.3,100,0.1,11.8,112
2023-10-08 12:00:00,12.2,100,0.4,12.6,99
2023-10-08 13:00:00,12.1,100,0.2,9.1,94
2023-10-08 14:00:00,12.5,98,0.0,10.9,111
2023-10-08 15:00:00,13.2,100,0.0,10.0,201
2023-10-08 16:00:00,13.7,92,0.0,9.9,163
2023-10-08 17:00:00,13.8,37,0.0,9.7,122
2023-10-08 18:00:00,13.1,19,0.0,3.6,71
2023-10-08 19:00:00,10.4,28,0.0,5.9,4
2023-10-08 20:00:00,10.2,39,0.0,4.6,0
2023-10-08 21:00:00,9.6,94,0.0,8.1,0
2023-10-08 22:00:00,9.8,100,0.0,8.1,0
2023-10-08 23:00:00,10.1,100,0.0,8.7,0
2023-10-09 00:00:00,10.4,100,0.0,9.6,0
2023-10-09 01:00:00,10.6,100,0.0,10.7,0
2023-10-09 02:00:00,9.7,99,0.0,9.5,0
2023-10-09 03:00:00,9.9,100,0.0,12.6,0
2023-10-09 04:00:00,10.1,100,0.0,13.3,0
2023-10-09 05:00:00,9.9,100,0.0,9.8,0
2023-10-09 06:00:00,9.9,100,0.0,10.5,0
2023-10-09 07:00:00,10.6,100,0.0,10.5,0
2023-10-09 08:00:00,10.6,100,0.0,12.6,14
2023-10-09 09:00:00,11.9,100,0.0,16.7,65
2023-10-09 10:00:00,13.4,100,0.5,19.6,63
2023-10-09 11:00:00,15.1,100,0.1,17.7,93
2023-10-09 12:00:00,16.0,100,0.3,17.8,104
2023-10-09 13:00:00,17.0,100,0.2,18.8,204
2023-10-09 14:00:00,15.4,100,0.4,13.4,74
2023-10-09 15:00:00,15.9,100,0.2,14.8,132
2023-10-09 16:00:00,16.5,100,0.3,22.0,107
2023-10-09 17:00:00,16.3,100,0.4,19.1,47
2023-10-09 18:00:00,16.0,100,0.2,18.7,34
2023-10-09 19:00:00,15.1,100,1.3,17.1,1
2023-10-09 20:00:00,14.8,100,0.4,14.8,0
2023-10-09 21:00:00,14.9,100,0.2,15.5,0
2023-10-09 22:00:00,14.6,40,0.2,13.8,0
2023-10-09 23:00:00,14.1,79,0.2,13.6,0
2023-10-10 00:00:00,14.0,100,0.0,13.3,0
2023-10-10 01:00:00,13.4,100,0.0,8.5,0
2023-10-10 02:00:00,13.2,100,0.1,11.6,0
2023-10-10 03:00:00,13.2,100,0.0,10.0,0
2023-10-10 04:00:00,13.6,100,0.0,10.9,0
2023-10-10 05:00:00,13.9,100,0.0,11.5,0
2023-10-10 06:00:00,13.9,100,0.1,10.0,0
2023-10-10 07:00:00,13.8,96,0.5,9.7,0
2023-10-10 08:00:00,13.6,29,0.1,11.4,9
2023-10-10 09:00:00,15.0,100,0.0,12.6,114
2023-10-10 10:00:00,16.6,100,0.1,12.6,225
2023-10-10 11:00:00,17.5,100,0.2,16.0,292
2023-10-10 12:00:00,18.6,100,0.1,16.1,318
2023-10-10 13:00:00,19.4,100,0.0,16.9,327
2023-10-10 14:00:00,19.1,100,0.0,8.7,271
2023-10-10 15:00:00,19.4,98,0.0,8.6,199
2023-10-10 16:00:00,20.0,100,0.0,7.9,245
2023-10-10 17:00:00,20.0,37,0.0,6.9,197
2023-10-10 18:00:00,19.4,68,0.0,1.4,74
2023-10-10 19:00:00,17.0,15,0.0,6.5,2
2023-10-10 20:00:00,15.6,74,0.0,9.1,0
2023-10-10 21:00:00,16.1,100,0.0,12.1,0
2023-10-10 22:00:00,15.8,96,0.0,14.0,0
2023-10-10 23:00:00,15.3,96,0.0,14.0,0
2023-10-11 00:00:00,15.2,100,0.0,15.1,0
2023-10-11 01:00:00,15.3,42,0.0,16.2,0
2023-10-11 02:00:00,14.7,73,0.0,14.1,0
2023-10-11 03:00:00,14.4,54,0.0,14.7,0
2023-10-11 04:00:00,14.6,38,0.0,15.7,0
2023-10-11 05:00:00,14.4,67,0.0,15.6,0
2023-10-11 06:00:00,14.2,78,0.0,13.3,0
2023-10-11 07:00:00,14.1,88,0.0,15.4,0
2023-10-11 08:00:00,14.5,99,0.0,17.5,16
2023-10-11 09:00:00,16.3,97,0.0,18.7,108
2023-10-11 10:00:00,18.6,83,0.0,17.7,261
2023-10-11 11:00:00,20.8,95,0.0,19.1,387
2023-10-11 12:00:00,22.3,81,0.0,20.2,463
2023-10-11 13:00:00,23.8,75,0.0,21.7,514
2023-10-11 14:00:00,24.7,90,0.0,21.0,507
2023-10-11 15:00:00,25.1,100,0.0,21.3,448
2023-10-11 16:00:00,24.9,97,0.0,20.5,341
2023-10-11 17:00:00,23.7,49,0.0,17.3,213
2023-10-11 18:00:00,21.5,34,0.0,15.0,79
2023-10-11 19:00:00,19.5,22,0.0,15.2,2
2023-10-11 20:00:00,18.5,29,0.0,16.2,0
2023-10-11 21:00:00,17.8,46,0.0,16.9,0
2023-10-11 22:00:00,17.3,80,0.0,17.2,0
2023-10-11 23:00:00,17.0,59,0.0,17.3,0
2023-10-12 00:00:00,16.5,72,0.0,16.9,0
2023-10-12 01:00:00,16.2,91,0.0,17.6,0
2023-10-12 02:00:00,15.8,91,0.0,17.3,0
2023-10-12 03:00:00,15.9,100,0.0,17.7,0
2023-10-12 04:00:00,16.2,99,0.0,17.1,0
2023-10-12 05:00:00,16.1,100,0.0,18.4,0
2023-10-12 06:00:00,15.9,100,0.0,20.0,0
2023-10-12 07:00:00,16.0,100,0.0,19.1,0
2023-10-12 08:00:00,16.4,100,0.0,19.0,12
2023-10-12 09:00:00,17.6,100,0.0,22.9,87
2023-10-12 10:00:00,18.2,100,0.0,20.3,133
2023-10-12 11:00:00,19.6,100,0.0,23.6,225
2023-10-12 12:00:00,19.9,100,0.0,21.3,186
2023-10-12 13:00:00,19.3,100,0.0,18.9,101
2023-10-12 14:00:00,19.4,100,0.2,13.8,140
2023-10-12 15:00:00,18.1,100,0.5,12.4,83
2023-10-12 16:00:00,17.2,100,0.6,11.7,67
2023-10-12 17:00:00,16.9,100,0.2,9.0,44
2023-10-12 18:00:00,16.4,100,0.2,10.7,21
2023-10-12 19:00:00,16.0,100,0.4,11.0,1
2023-10-12 20:00:00,15.7,100,0.0,14.3,0
2023-10-12 21:00:00,15.6,100,0.0,14.8,0
2023-10-12 22:00:00,15.6,100,0.0,13.0,0
2023-10-12 23:00:00,15.6,100,0.0,13.1,0
2023-10-13 00:00:00,15.6,100,0.4,13.8,0
2023-10-13 01:00:00,15.5,100,0.1,15.2,0
2023-10-13 02:00:00,15.6,100,0.1,8.4,0
2023-10-13 03:00:00,15.4,100,0.0,9.7,0
2023-10-13 04:00:00,15.0,100,0.0,9.9,0
2023-10-13 05:00:00,14.9,59,0.0,9.4,0
2023-10-13 06:00:00,14.4,12,0.0,9.6,0
2023-10-13 07:00:00,14.4,94,0.0,11.1,0
2023-10-13 08:00:00,14.9,98,0.0,13.0,11
2023-10-13 09:00:00,16.2,81,0.0,14.6,78
2023-10-13 10:00:00,18.1,70,0.0,14.7,192
2023-10-13 11:00:00,20.1,90,0.0,15.1,320
2023-10-13 12:00:00,21.9,99,0.0,17.3,383
2023-10-13 13:00:00,23.0,100,0.0,18.6,371
2023-10-13 14:00:00,23.9,94,0.0,15.1,411
2023-10-13 15:00:00,25.8,78,0.0,19.2,358
2023-10-13 16:00:00,25.6,83,0.0,16.2,316
2023-10-13 17:00:00,24.4,72,0.0,12.7,185
2023-10-13 18:00:00,21.9,18,0.0,12.6,63
2023-10-13 19:00:00,20.4,28,0.0,15.0,1
2023-10-13 20:00:00,19.5,27,0.0,16.7,0
2023-10-13 21:00:00,19.0,18,0.0,18.8,0
2023-10-13 22:00:00,18.6,0,0.0,20.0,0
2023-10-13 23:00:00,18.1,0,0.0,20.1,0
2023-10-14 00:00:00,17.7,0,0.0,21.5,0
2023-10-14 01:00:00,17.1,0,0.0,20.9,0
2023-10-14 02:00:00,16.2,0,0.0,20.1,0
2023-10-14 03:00:00,16.8,0,0.0,22.2,0
2023-10-14 04:00:00,18.2,9,0.0,23.0,0
2023-10-14 05:00:00,18.5,28,0.0,22.0,0
2023-10-14 06:00:00,18.0,100,0.0,19.9,0
2023-10-14 07:00:00,18.6,100,0.0,22.4,0
2023-10-14 08:00:00,19.2,100,0.0,25.0,4
2023-10-14 09:00:00,19.9,99,0.0,28.2,35
2023-10-14 10:00:00,20.4,100,0.0,29.3,130
2023-10-14 11:00:00,21.0,95,0.0,34.6,240
2023-10-14 12:00:00,20.6,100,0.1,36.0,333
2023-10-14 13:00:00,20.9,100,0.1,29.3,221
2023-10-14 14:00:00,14.1,99,1.3,20.5,142
2023-10-14 15:00:00,14.4,95,0.0,8.5,135
2023-10-14 16:00:00,15.2,100,0.1,6.8,182
2023-10-14 17:00:00,15.1,100,0.3,1.9,41
2023-10-14 18:00:00,14.1,100,0.4,2.5,9
2023-10-14 19:00:00,13.6,100,0.3,4.3,0
2023-10-14 20:00:00,13.4,100,0.4,6.2,0
2023-10-14 21:00:00,13.4,100,0.0,7.9,0
2023-10-14 22:00:00,13.1,100,0.0,12.3,0
2023-10-14 23:00:00,12.4,100,0.0,12.6,0
2023-10-15 00:00:00,12.2,98,0.0,17.2,0
2023-10-15 01:00:00,11.4,12,0.0,15.1,0
2023-10-15 02:00:00,8.8,37,0.0,11.7,0
2023-10-15 03:00:00,9.1,23,0.0,14.6,0
2023-10-15 04:00:00,8.1,0,0.0,14.7,0
2023-10-15 05:00:00,7.3,0,0.0,13.8,0
2023-10-15 06:00:00,6.7,0,0.0,13.0,0
2023-10-15 07:00:00,6.2,0,0.0,13.1,0
2023-10-15 08:00:00,6.3,0,0.0,13.8,11
2023-10-15 09:00:00,7.9,0,0.0,13.0,118
2023-10-15 10:00:00,9.4,42,0.0,15.6,263
2023-10-15 11:00:00,10.6,38,0.0,15.5,358
2023-10-15 12:00:00,11.5,2,0.0,15.5,427
2023-10-15 13:00:00,12.1,13,0.0,18.0,492
2023-10-15 14:00:00,12.1,13,0.0,18.4,487
2023-10-15 15:00:00,12.8,30,0.1,18.4,414
2023-10-15 16:00:00,11.4,88,0.1,21.7,304
2023-10-15 17:00:00,9.4,100,0.0,19.8,145
2023-10-15 18:00:00,8.4,87,0.0,15.5,31
2023-10-15 19:00:00,7.7,48,0.0,15.3,0
2023-10-15 20:00:00,7.2,3,0.0,15.3,0
2023-10-15 21:00:00,6.4,1,0.0,13.1,0
2023-10-15 22:00:00,6.1,2,0.0,13.8,0
2023-10-15 23:00:00,5.7,0,0.0,14.8,0
2023-10-16 00:00:00,5.3,0,0.0,14.8,0
2023-10-16 01:00:00,5.0,0,0.0,13.9,0
2023-10-16 02:00:00,4.0,0,0.0,13.4,0
2023-10-16 03:00:00,3.7,0,0.0,13.5,0
2023-10-16 04:00:00,3.4,0,0.0,14.2,0
2023-10-16 05:00:00,3.2,0,0.0,13.7,0
2023-10-16 06:00:00,2.8,0,0.0,13.4,0
2023-10-16 07:00:00,2.7,0,0.0,12.7,0
2023-10-16 08:00:00,3.0,0,0.0,12.4,10
2023-10-16 09:00:00,4.9,0,0.0,11.6,113
2023-10-16 10:00:00,6.9,0,0.0,12.0,255
2023-10-16 11:00:00,8.4,4,0.0,10.7,379
2023-10-16 12:00:00,9.9,55,0.0,10.1,467
2023-10-16 13:00:00,10.7,100,0.0,11.0,435
2023-10-16 14:00:00,10.0,97,0.0,11.6,216
2023-10-16 15:00:00,10.5,100,0.0,10.3,219
2023-10-16 16:00:00,10.5,100,0.0,7.8,140
2023-10-16 17:00:00,10.4,50,0.0,7.0,104
2023-10-16 18:00:00,8.8,31,0.0,5.9,34
2023-10-16 19:00:00,9.0,18,0.0,2.7,0
2023-10-16 20:00:00,8.1,92,0.0,1.1,0
2023-10-16 21:00:00,5.7,96,0.0,3.6,0
2023-10-16 22:00:00,5.6,100,0.0,2.4,0
2023-10-16 23:00:00,5.8,100,0.0,1.5,0
2023-10-17 00:00:00,4.5,100,0.0,2.9,0
2023-10-17 01:00:00,3.5,100,0.0,4.0,0
2023-10-17 02:00:00,2.5,96,0.0,3.5,0
2023-10-17 03:00:00,2.2,96,0.0,5.8,0
2023-10-17 04:00:00,2.2,100,0.0,4.7,0
2023-10-17 05:00:00,2.5,100,0.0,3.2,0
2023-10-17 06:00:00,2.0,100,0.0,4.1,0
2023-10-17 07:00:00,2.0,100,0.0,4.8,0
2023-10-17 08:00:00,2.7,99,0.0,3.7,7
2023-10-17 09:00:00,4.3,100,0.0,4.2,87
2023-10-17 10:00:00,6.6,100,0.0,6.0,229
2023-10-17 11:00:00,8.6,100,0.0,7.8,352
2023-10-17 12:00:00,9.9,100,0.0,8.7,382
2023-10-17 13:00:00,10.8,100,0.0,9.1,394
2023-10-17 14:00:00,10.4,100,0.0,9.7,379
2023-10-17 15:00:00,11.1,100,0.0,9.0,252
2023-10-17 16:00:00,11.2,100,0.0,8.8,180
2023-10-17 17:00:00,10.9,61,0.0,9.5,128
2023-10-17 18:00:00,8.5,7,0.0,9.8,53
2023-10-17 19:00:00,7.1,7,0.0,9.5,0
2023-10-17 20:00:00,6.3,2,0.0,7.9,0
2023-10-17 21:00:00,5.0,1,0.0,6.6,0
2023-10-17 22:00:00,4.1,0,0.0,6.9,0
2023-10-17 23:00:00,3.1,0,0.0,8.0,0
2023-10-18 00:00:00,2.5,0,0.0,9.3,0
2023-10-18 01:00:00,3.0,0,0.0,8.1,0
2023-10-18 02:00:00,3.2,0,0.0,6.0,0
2023-10-18 03:00:00,2.9,0,0.0,5.3,0
2023-10-18 04:00:00,0.6,0,0.0,5.1,0
2023-10-18 05:00:00,-0.2,0,0.0,5.8,0
2023-10-18 06:00:00,-0.3,10,0.0,6.2,0
2023-10-18 07:00:00,-0.4,36,0.0,6.2,0
2023-10-18 08:00:00,0.4,100,0.0,5.4,8
2023-10-18 09:00:00,3.0,100,0.0,7.2,104
2023-10-18 10:00:00,5.8,100,0.0,6.1,237
2023-10-18 11:00:00,7.8,100,0.0,7.6,352
2023-10-18 12:00:00,9.6,100,0.0,8.3,441
2023-10-18 13:00:00,11.1,100,0.0,9.4,467
2023-10-18 14:00:00,11.4,100,0.0,10.5,461
2023-10-18 15:00:00,12.2,100,0.0,11.2,407
2023-10-18 16:00:00,12.4,100,0.0,11.8,286
2023-10-18 17:00:00,11.7,100,0.0,10.3,144
2023-10-18 18:00:00,9.9,100,0.0,9.2,33
2023-10-18 19:00:00,8.8,100,0.0,10.9,0
2023-10-18 20:00:00,8.0,95,0.0,11.4,0
2023-10-18 21:00:00,6.9,75,0.0,10.8,0
2023-10-18 22:00:00,6.1,98,0.0,11.1,0
2023-10-18 23:00:00,5.5,100,0.0,10.3,0
2023-10-19 00:00:00,4.9,100,0.0,9.1,0
2023-10-19 01:00:00,4.3,100,0.0,9.1,0
2023-10-19 02:00:00,4.2,100,0.0,9.1,0
2023-10-19 03:00:00,3.8,100,0.0,8.6,0
2023-10-19 04:00:00,5.3,100,0.0,7.1,0
2023-10-19 05:00:00,5.9,100,0.1,14.5,0
2023-10-19 06:00:00,6.2,100,0.6,6.0,0
2023-10-19 07:00:00,6.3,100,0.4,6.2,0
2023-10-19 08:00:00,6.6,100,1.2,6.5,1
2023-10-19 09:00:00,6.8,100,0.8,6.5,9
2023-10-19 10:00:00,7.2,100,0.2,4.5,24
2023-10-19 11:00:00,8.8,100,0.0,3.3,150
2023-10-19 12:00:00,9.9,58,0.0,4.2,200
2023-10-19 13:00:00,11.4,67,0.0,4.5,314
2023-10-19 14:00:00,11.1,83,0.0,5.1,383
2023-10-19 15:00:00,12.1,100,0.0,2.3,269
2023-10-19 16:00:00,12.1,100,0.0,1.9,159
2023-10-19 17:00:00,11.8,100,0.0,6.9,43
2023-10-19 18:00:00,10.3,100,0.2,4.5,19
2023-10-19 19:00:00,9.9,100,0.6,7.6,0
2023-10-19 20:00:00,9.4,81,0.0,6.4,0
2023-10-19 21:00:00,9.1,100,0.0,6.2,0
2023-10-19 22:00:00,9.2,100,0.0,5.0,0
2023-10-19 23:00:00,9.2,100,0.0,2.3,0
2023-10-20 00:00:00,9.2,100,0.0,3.3,0
2023-10-20 01:00:00,9.1,100,0.0,2.2,0
2023-10-20 02:00:00,7.8,100,0.0,3.4,0
2023-10-20 03:00:00,8.1,100,0.0,6.2,0
2023-10-20 04:00:00,7.9,100,0.0,5.2,0
2023-10-20 05:00:00,8.1,100,0.0,6.5,0
2023-10-20 06:00:00,8.4,100,0.0,8.7,0
2023-10-20 07:00:00,9.2,100,0.0,9.9,0
2023-10-20 08:00:00,9.4,100,0.1,12.1,1
2023-10-20 09:00:00,10.6,100,0.1,14.8,23
2023-10-20 10:00:00,11.4,100,0.4,13.1,54
2023-10-20 11:00:00,12.4,100,0.4,13.0,91
2023-10-20 12:00:00,13.1,100,0.3,13.3,82
2023-10-20 13:00:00,14.9,100,0.1,11.5,201
2023-10-20 14:00:00,15.7,100,0.0,17.8,207
2023-10-20 15:00:00,15.1,100,0.1,12.1,54
2023-10-20 16:00:00,16.5,100,0.0,12.1,226
2023-10-20 17:00:00,16.2,100,0.0,9.4,117
2023-10-20 18:00:00,14.6,100,0.0,6.9,19
2023-10-20 19:00:00,13.3,100,0.0,4.5,0
2023-10-20 20:00:00,13.4,100,0.0,8.2,0
2023-10-20 21:00:00,13.4,100,0.0,15.4,0
2023-10-20 22:00:00,13.0,100,0.0,14.2,0
2023-10-20 23:00:00,12.9,100,2.6,14.1,0
2023-10-21 00:00:00,12.9,100,4.5,12.7,0
2023-10-21 01:00:00,12.8,100,0.1,6.6,0
2023-10-21 02:00:00,12.3,96,0.0,8.4,0
2023-10-21 03:00:00,11.9,100,0.0,8.3,0
2023-10-21 04:00:00,11.4,100,0.0,6.5,0
2023-10-21 05:00:00,11.5,89,0.0,7.6,0
2023-10-21 06:00:00,11.2,10,0.0,9.8,0
2023-10-21 07:00:00,10.6,10,0.0,10.0,0
2023-10-21 08:00:00,10.6,18,0.0,10.8,5
2023-10-21 09:00:00,12.2,0,0.0,15.5,90
2023-10-21 10:00:00,14.7,8,0.0,13.8,223
2023-10-21 11:00:00,17.2,2,0.0,10.3,336
2023-10-21 12:00:00,18.8,5,0.0,14.8,421
2023-10-21 13:00:00,19.4,13,0.0,17.6,459
2023-10-21 14:00:00,20.7,28,0.0,10.7,444
2023-10-21 15:00:00,21.0,14,0.0,6.9,341
2023-10-21 16:00:00,21.0,73,0.0,4.5,278
2023-10-21 17:00:00,18.9,100,0.0,5.2,117
2023-10-21 18:00:00,18.9,100,0.0,5.4,33
2023-10-21 19:00:00,15.2,74,0.0,6.0,0
2023-10-21 20:00:00,14.8,100,0.6,10.7,0
2023-10-21 21:00:00,12.6,100,0.0,7.2,0
2023-10-21 22:00:00,11.4,100,0.0,8.2,0
2023-10-21 23:00:00,11.9,100,0.0,7.3,0
2023-10-22 00:00:00,12.0,100,1.9,8.4,0
2023-10-22 01:00:00,12.0,100,0.5,9.7,0
2023-10-22 02:00:00,12.5,100,1.9,9.9,0
2023-10-22 03:00:00,12.6,100,8.4,13.8,0
2023-10-22 04:00:00,12.6,100,4.1,13.6,0
2023-10-22 05:00:00,12.4,100,2.1,16.4,0
2023-10-22 06:00:00,12.4,100,0.6,19.1,0
2023-10-22 07:00:00,12.1,100,0.0,15.5,0
2023-10-22 08:00:00,12.1,100,0.0,15.1,1
2023-10-22 09:00:00,12.2,100,0.0,13.4,20
2023-10-22 10:00:00,13.1,100,0.0,11.0,85
2023-10-22 11:00:00,14.4,100,0.0,14.8,215
2023-10-22 12:00:00,15.9,94,0.0,18.2,367
2023-10-22 13:00:00,16.7,47,0.0,17.5,415
2023-10-22 14:00:00,16.3,2,0.0,23.9,450
2023-10-22 15:00:00,16.6,3,0.0,22.2,380
2023-10-22 16:00:00,16.5,13,0.0,21.2,285
2023-10-22 17:00:00,15.6,72,0.0,16.6,151
2023-10-22 18:00:00,14.1,9,0.0,13.0,32
2023-10-22 19:00:00,12.7,9,0.0,10.6,0
2023-10-22 20:00:00,11.4,3,0.0,10.0,0
2023-10-22 21:00:00,10.4,14,0.0,9.8,0
2023-10-22 22:00:00,9.9,25,0.0,11.2,0
2023-10-22 23:00:00,9.5,30,0.0,11.0,0
2023-10-23 00:00:00,9.1,27,0.0,10.4,0
2023-10-23 01:00:00,8.8,100,0.0,12.0,0
2023-10-23 02:00:00,8.1,100,0.0,11.3,0
2023-10-23 03:00:00,8.5,100,0.0,12.2,0
2023-10-23 04:00:00,8.4,100,0.0,12.1,0
2023-10-23 05:00:00,8.5,100,0.0,11.1,0
2023-10-23 06:00:00,8.1,71,0.0,11.9,0
2023-10-23 07:00:00,7.3,3,0.0,10.1,0
2023-10-23 08:00:00,6.9,0,0.0,8.9,3
2023-10-23 09:00:00,8.6,0,0.0,9.2,83
2023-10-23 10:00:00,10.9,0,0.0,6.0,215
2023-10-23 11:00:00,13.4,63,0.0,4.9,335
2023-10-23 12:00:00,15.1,99,0.0,1.8,416
2023-10-23 13:00:00,16.0,95,0.0,1.3,448
2023-10-23 14:00:00,16.6,72,0.0,3.6,437
2023-10-23 15:00:00,17.1,100,0.0,6.1,370
2023-10-23 16:00:00,16.8,100,0.0,8.1,206
2023-10-23 17:00:00,15.4,100,0.0,13.6,100
2023-10-23 18:00:00,13.6,32,0.0,11.9,24
2023-10-23 19:00:00,12.4,50,0.0,12.8,0
2023-10-23 20:00:00,11.8,90,0.0,11.4,0
2023-10-23 21:00:00,10.9,89,0.0,9.2,0
2023-10-23 22:00:00,10.5,97,0.0,10.0,0
2023-10-23 23:00:00,9.3,86,0.0,7.0,0
2023-10-24 00:00:00,9.5,38,0.0,6.5,0
2023-10-24 01:00:00,8.6,34,0.0,6.5,0
2023-10-24 02:00:00,8.9,86,0.0,6.8,0
2023-10-24 03:00:00,8.5,100,0.0,7.2,0
2023-10-24 04:00:00,7.7,100,0.0,5.8,0
2023-10-24 05:00:00,8.5,100,0.0,5.9,0
2023-10-24 06:00:00,8.9,100,0.0,7.6,0
2023-10-24 07:00:00,9.9,100,0.0,4.0,0
2023-10-24 08:00:00,10.6,100,0.0,6.1,1
2023-10-24 09:00:00,11.5,100,0.0,5.4,35
2023-10-24 10:00:00,12.8,100,0.0,7.0,109
2023-10-24 11:00:00,13.6,100,0.0,7.4,180
2023-10-24 12:00:00,14.6,100,0.0,6.8,233
2023-10-24 13:00:00,15.3,100,0.0,7.2,229
2023-10-24 14:00:00,15.8,100,0.0,7.8,205
2023-10-24 15:00:00,14.0,100,0.0,8.4,151
2023-10-24 16:00:00,13.7,100,0.2,5.1,48
2023-10-24 17:00:00,13.3,100,0.2,5.8,49
2023-10-24 18:00:00,12.4,100,0.3,6.2,6
2023-10-24 19:00:00,12.1,100,1.0,7.9,0
2023-10-24 20:00:00,12.0,100,1.1,7.8,0
2023-10-24 21:00:00,11.9,100,1.4,9.7,0
2023-10-24 22:00:00,11.6,100,0.7,7.6,0
2023-10-24 23:00:00,11.2,100,0.0,13.7,0
2023-10-25 00:00:00,11.1,100,0.0,9.7,0
2023-10-25 01:00:00,10.3,100,0.0,10.4,0
2023-10-25 02:00:00,10.8,100,0.0,14.1,0
2023-10-25 03:00:00,10.2,59,0.0,13.6,0
2023-10-25 04:00:00,10.0,79,0.0,15.5,0
2023-10-25 05:00:00,10.4,45,0.0,14.8,0
2023-10-25 06:00:00,10.4,18,0.0,11.9,0
2023-10-25 07:00:00,9.9,34,0.0,10.1,0
2023-10-25 08:00:00,9.8,79,0.0,7.7,2
2023-10-25 09:00:00,10.6,100,0.0,10.2,59
2023-10-25 10:00:00,11.4,96,0.0,8.9,131
2023-10-25 11:00:00,12.8,43,0.0,9.2,245
2023-10-25 12:00:00,14.1,65,0.0,9.2,352
2023-10-25 13:00:00,14.9,90,0.0,7.9,365
2023-10-25 14:00:00,15.0,84,0.0,5.9,318
2023-10-25 15:00:00,15.4,93,0.0,8.2,371
2023-10-25 16:00:00,15.4,100,0.0,6.4,217
2023-10-25 17:00:00,14.6,16,0.0,2.3,113
2023-10-25 18:00:00,11.9,99,0.0,7.3,25
2023-10-25 19:00:00,11.1,100,0.0,8.4,0
2023-10-25 20:00:00,11.8,39,0.0,11.1,0
2023-10-25 21:00:00,10.4,100,0.0,8.7,0
2023-10-25 22:00:00,11.3,100,0.0,14.8,0
2023-10-25 23:00:00,12.2,97,0.1,19.2,0
2023-10-26 00:00:00,11.9,100,0.5,20.7,0
2023-10-26 01:00:00,12.1,85,0.0,21.4,0
2023-10-26 02:00:00,12.1,73,0.0,22.2,0
2023-10-26 03:00:00,11.6,98,0.4,19.4,0
2023-10-26 04:00:00,11.7,100,0.6,23.4,0
2023-10-26 05:00:00,11.6,100,2.0,24.0,0
2023-10-26 06:00:00,11.6,36,0.1,24.8,0
2023-10-26 07:00:00,11.1,36,0.0,24.9,0
2023-10-26 08:00:00,10.7,19,0.0,22.1,2
2023-10-26 09:00:00,11.4,14,0.0,21.2,67
2023-10-26 10:00:00,12.6,42,0.0,22.7,185
2023-10-26 11:00:00,13.4,33,0.0,24.9,299
2023-10-26 12:00:00,14.1,35,0.0,24.7,397
2023-10-26 13:00:00,14.8,66,0.0,25.0,409
2023-10-26 14:00:00,15.1,84,0.0,26.5,356
2023-10-26 15:00:00,14.5,78,0.0,23.7,234
2023-10-26 16:00:00,14.6,100,0.0,21.3,166
2023-10-26 17:00:00,14.0,100,0.0,16.6,68
2023-10-26 18:00:00,13.1,100,0.0,11.5,12
2023-10-26 19:00:00,12.0,100,0.0,15.6,0
2023-10-26 20:00:00,11.4,91,0.0,11.8,0
2023-10-26 21:00:00,10.9,100,0.0,10.0,0
2023-10-26 22:00:00,10.9,100,0.0,10.2,0
2023-10-26 23:00:00,9.8,100,0.0,10.2,0
2023-10-27 00:00:00,9.1,97,0.0,7.6,0
2023-10-27 01:00:00,9.1,100,0.0,6.6,0
2023-10-27 02:00:00,9.4,100,0.0,6.9,0
2023-10-27 03:00:00,9.7,100,0.0,5.5,0
2023-10-27 04:00:00,10.1,100,0.1,7.7,0
2023-10-27 05:00:00,10.2,100,0.3,4.2,0
2023-10-27 06:00:00,10.3,100,1.1,3.3,0
2023-10-27 07:00:00,10.0,100,1.7,6.3,0
2023-10-27 08:00:00,9.9,100,1.1,4.7,0
2023-10-27 09:00:00,10.1,100,0.8,1.1,10
2023-10-27 10:00:00,10.4,100,0.8,5.1,25
2023-10-27 11:00:00,10.9,100,1.0,9.3,36
2023-10-27 12:00:00,11.5,100,0.7,12.6,54
2023-10-27 13:00:00,11.6,100,0.4,12.7,96
2023-10-27 14:00:00,11.9,100,0.2,16.3,128
2023-10-27 15:00:00,12.2,100,0.1,20.1,201
2023-10-27 16:00:00,11.9,100,0.0,17.2,80
2023-10-27 17:00:00,11.6,100,0.0,18.4,34
2023-10-27 18:00:00,11.2,100,0.4,18.4,2
2023-10-27 19:00:00,11.1,100,0.1,20.2,0
2023-10-27 20:00:00,10.7,57,0.0,20.6,0
2023-10-27 21:00:00,9.9,40,0.0,17.4,0
2023-10-27 22:00:00,9.2,29,0.0,14.9,0
2023-10-27 23:00:00,9.1,27,0.0,18.3,0
2023-10-28 00:00:00,9.3,7,0.0,19.4,0
2023-10-28 01:00:00,8.9,35,0.0,20.1,0
2023-10-28 02:00:00,9.1,99,0.0,23.0,0
2023-10-28 03:00:00,8.9,8,0.0,17.3,0
2023-10-28 04:00:00,8.7,30,0.0,17.9,0
2023-10-28 05:00:00,8.4,12,0.0,17.6,0
2023-10-28 06:00:00,7.9,91,0.0,14.8,0
2023-10-28 07:00:00,7.9,97,0.4,13.0,0
2023-10-28 08:00:00,9.1,100,0.3,18.9,0
2023-10-28 09:00:00,9.5,100,0.6,19.6,10
2023-10-28 10:00:00,10.4,100,0.0,20.1,84
2023-10-28 11:00:00,11.1,95,0.3,22.3,165
2023-10-28 12:00:00,11.4,39,0.0,22.2,102
2023-10-28 13:00:00,13.3,33,0.0,24.2,360
2023-10-28 14:00:00,14.1,100,0.0,23.6,379
2023-10-28 15:00:00,14.4,100,0.0,22.4,284
2023-10-28 16:00:00,14.2,33,0.0,20.7,202
2023-10-28 17:00:00,13.1,100,0.0,14.5,124
2023-10-28 18:00:00,11.9,100,0.0,14.3,17
2023-10-28 19:00:00,11.1,100,0.0,11.9,0
2023-10-28 20:00:00,11.2,100,0.0,15.8,0
2023-10-28 21:00:00,11.6,100,0.0,13.7,0
2023-10-28 22:00:00,11.1,100,0.0,10.1,0
2023-10-28 23:00:00,9.8,100,0.0,9.4,0
2023-10-29 00:00:00,9.6,100,0.0,14.4,0
2023-10-29 01:00:00,9.9,100,0.0,16.1,0
2023-10-29 02:00:00,10.2,100,0.1,14.6,0
2023-10-29 03:00:00,10.1,100,0.0,13.0,0
2023-10-29 04:00:00,10.4,100,0.0,13.0,0
2023-10-29 05:00:00,10.4,97,0.0,16.2,0
2023-10-29 06:00:00,10.6,100,0.0,15.9,0
2023-10-29 07:00:00,10.6,100,0.0,19.2,0
2023-10-29 08:00:00,10.6,99,0.0,20.9,1
2023-10-29 09:00:00,11.1,95,0.0,21.0,49
2023-10-29 10:00:00,12.8,99,0.0,16.6,167
2023-10-29 11:00:00,14.6,100,0.0,17.7,232
2023-10-29 12:00:00,15.4,100,0.0,13.0,173
2023-10-29 13:00:00,16.9,92,0.0,10.1,229
2023-10-29 14:00:00,18.1,99,0.0,6.9,248
2023-10-29 15:00:00,15.6,99,0.0,2.5,99
2023-10-29 16:00:00,16.1,96,0.0,2.9,173
2023-10-29 17:00:00,15.6,99,0.0,9.7,82
2023-10-29 18:00:00,14.2,100,0.0,14.4,14
2023-10-29 19:00:00,13.6,94,0.0,17.1,0
2023-10-29 20:00:00,12.4,97,0.0,18.7,0
2023-10-29 21:00:00,11.9,100,0.0,18.6,0
2023-10-29 22:00:00,12.1,95,0.0,18.3,0
2023-10-29 23:00:00,11.7,94,0.0,19.1,0
2023-10-30 00:00:00,11.9,97,0.0,18.8,0
2023-10-30 01:00:00,11.6,84,0.0,16.7,0
2023-10-30 02:00:00,11.5,93,0.0,13.1,0
2023-10-30 03:00:00,9.9,82,0.0,14.8,0
2023-10-30 04:00:00,9.9,87,0.0,14.3,0
2023-10-30 05:00:00,9.7,97,0.0,14.7,0
2023-10-30 06:00:00,9.6,90,0.0,14.6,0
2023-10-30 07:00:00,9.4,99,0.0,14.1,0
2023-10-30 08:00:00,9.6,99,0.0,13.8,0
2023-10-30 09:00:00,10.9,99,0.0,13.2,45
2023-10-30 10:00:00,12.7,82,0.0,10.4,159
2023-10-30 11:00:00,14.9,90,0.0,8.0,276
2023-10-30 12:00:00,16.8,85,0.0,5.8,355
2023-10-30 13:00:00,18.0,99,0.0,3.4,404
2023-10-30 14:00:00,18.3,100,0.0,8.7,378
2023-10-30 15:00:00,18.0,100,0.0,11.2,264
2023-10-30 16:00:00,17.4,100,0.0,10.2,163
2023-10-30 17:00:00,16.0,100,0.0,7.3,77
2023-10-30 18:00:00,14.6,100,0.0,8.1,7
2023-10-30 19:00:00,14.0,100,0.0,9.0,0
2023-10-30 20:00:00,13.6,100,0.0,8.6,0
2023-10-30 21:00:00,13.3,100,0.0,9.0,0
2023-10-30 22:00:00,12.8,91,0.0,8.4,0
2023-10-30 23:00:00,11.4,100,0.0,7.1,0
2023-10-31 00:00:00,11.8,100,0.0,7.3,0
2023-10-31 01:00:00,12.4,100,0.0,6.6,0
2023-10-31 02:00:00,13.4,100,0.0,8.4,0
2023-10-31 03:00:00,13.4,100,0.0,9.0,0
2023-10-31 04:00:00,13.6,100,0.1,18.2,0
2023-10-31 05:00:00,12.3,100,0.3,21.4,0
2023-10-31 06:00:00,12.0,100,1.4,21.5,0
2023-10-31 07:00:00,11.9,100,0.8,22.8,0
2023-10-31 08:00:00,12.1,100,0.0,22.9,0
2023-10-31 09:00:00,12.1,100,0.0,23.0,14
2023-10-31 10:00:00,11.8,100,0.0,24.8,26
2023-10-31 11:00:00,11.9,100,0.2,24.1,93
2023-10-31 12:00:00,11.9,100,0.1,20.8,102
2023-10-31 13:00:00,12.2,99,0.0,22.3,141
2023-10-31 14:00:00,12.9,93,0.0,25.3,214
2023-10-31 15:00:00,12.3,100,0.0,24.5,124
2023-10-31 16:00:00,12.1,100,0.0,21.1,98
2023-10-31 17:00:00,11.6,100,0.0,19.0,50
2023-10-31 18:00:00,11.2,100,0.0,18.6,7
2023-10-31 19:00:00,11.1,100,0.0,18.6,0
2023-10-31 20:00:00,10.9,100,0.0,19.5,0
2023-10-31 21:00:00,10.1,100,0.0,19.9,0
2023-10-31 22:00:00,9.8,100,0.0,21.3,0
2023-10-31 23:00:00,9.4,92,0.0,19.7,0
2023-11-01 00:00:00,9.0,40,0.0,19.2,0
2023-11-01 01:00:00,8.5,17,0.0,18.5,0
2023-11-01 02:00:00,8.1,58,0.0,19.6,0
2023-11-01 03:00:00,8.6,21,0.0,17.1,0
2023-11-01 04:00:00,9.0,38,0.0,16.8,0
2023-11-01 05:00:00,9.1,46,0.0,17.3,0
2023-11-01 06:00:00,9.2,100,0.0,18.9,0
2023-11-01 07:00:00,9.2,100,0.0,17.3,0
2023-11-01 08:00:00,9.4,100,0.0,15.5,0
2023-11-01 09:00:00,10.1,100,0.0,14.9,32
2023-11-01 10:00:00,11.2,100,0.0,13.3,100
2023-11-01 11:00:00,11.4,100,0.1,14.0,84
2023-11-01 12:00:00,11.9,100,0.0,12.4,90
2023-11-01 13:00:00,12.9,100,0.0,11.6,124
2023-11-01 14:00:00,14.3,100,0.0,10.7,133
2023-11-01 15:00:00,15.8,100,0.0,14.1,220
2023-11-01 16:00:00,15.4,100,0.0,14.8,131
2023-11-01 17:00:00,14.7,99,0.0,14.1,64
2023-11-01 18:00:00,12.9,51,0.0,12.9,10
2023-11-01 19:00:00,11.9,38,0.0,12.5,0
2023-11-01 20:00:00,10.9,80,0.0,10.4,0
2023-11-01 21:00:00,9.8,100,0.0,11.2,0
2023-11-01 22:00:00,10.1,100,0.0,12.6,0
2023-11-01 23:00:00,9.9,100,0.0,12.2,0
2023-11-02 00:00:00,9.4,100,0.0,10.4,0
2023-11-02 01:00:00,8.3,100,0.0,6.8,0
2023-11-02 02:00:00,7.8,100,0.0,6.4,0
2023-11-02 03:00:00,7.4,100,0.0,7.2,0
2023-11-02 04:00:00,7.2,98,0.0,7.1,0
2023-11-02 05:00:00,6.7,85,0.0,6.3,0
2023-11-02 06:00:00,6.4,4,0.0,9.7,0
2023-11-02 07:00:00,5.4,51,0.0,6.1,0
2023-11-02 08:00:00,5.2,77,0.0,6.8,0
2023-11-02 09:00:00,6.7,14,0.0,10.0,48
2023-11-02 10:00:00,9.0,100,0.0,8.9,172
2023-11-02 11:00:00,10.7,100,0.0,8.5,247
2023-11-02 12:00:00,12.5,100,0.0,14.6,316
2023-11-02 13:00:00,14.1,100,0.0,13.3,316
2023-11-02 14:00:00,14.6,100,0.0,19.1,311
2023-11-02 15:00:00,12.6,100,0.0,15.4,189
2023-11-02 16:00:00,12.2,100,0.0,14.0,156
2023-11-02 17:00:00,11.5,100,0.0,6.2,53
2023-11-02 18:00:00,10.6,100,0.0,5.6,5
2023-11-02 19:00:00,10.2,100,0.2,5.2,0
2023-11-02 20:00:00,9.8,100,0.2,2.5,0
2023-11-02 21:00:00,9.9,100,0.9,2.5,0
2023-11-02 22:00:00,9.8,100,0.5,2.5,0
2023-11-02 23:00:00,9.8,100,1.4,3.1,0
2023-11-03 00:00:00,9.8,100,1.2,5.8,0
2023-11-03 01:00:00,9.8,100,0.5,7.6,0
2023-11-03 02:00:00,9.9,100,0.3,13.0,0
2023-11-03 03:00:00,8.8,100,0.6,8.3,0
2023-11-03 04:00:00,8.6,100,0.4,14.0,0
2023-11-03 05:00:00,8.4,100,0.1,13.0,0
2023-11-03 06:00:00,8.1,100,0.2,10.7,0
2023-11-03 07:00:00,7.8,100,0.1,10.2,0
2023-11-03 08:00:00,7.9,100,0.1,8.5,0
2023-11-03 09:00:00,8.1,100,0.4,9.9,10
2023-11-03 10:00:00,8.4,100,0.7,9.4,24
2023-11-03 11:00:00,8.7,100,0.6,10.2,59
2023-11-03 12:00:00,8.9,100,0.3,12.2,66
2023-11-03 13:00:00,9.1,100,0.2,9.4,79
2023-11-03 14:00:00,9.3,100,0.1,6.4,72
2023-11-03 15:00:00,8.6,100,0.2,12.0,44
2023-11-03 16:00:00,8.1,100,0.5,12.9,22
2023-11-03 17:00:00,7.7,100,0.9,13.7,14
2023-11-03 18:00:00,7.4,100,1.1,16.2,1
2023-11-03 19:00:00,7.4,100,1.4,14.8,0
2023-11-03 20:00:00,7.4,100,1.5,14.3,0
2023-11-03 21:00:00,7.4,100,1.2,14.2,0
2023-11-03 22:00:00,7.4,100,0.7,15.9,0
2023-11-03 23:00:00,7.2,100,0.4,17.4,0
2023-11-04 00:00:00,6.8,100,0.1,18.1,0
2023-11-04 01:00:00,6.9,100,0.0,19.6,0
2023-11-04 02:00:00,6.8,100,0.0,19.5,0
2023-11-04 03:00:00,6.7,100,0.0,17.6,0
2023-11-04 04:00:00,6.6,100,0.0,17.6,0
2023-11-04 05:00:00,6.3,100,0.0,17.4,0
2023-11-04 06:00:00,6.0,100,0.0,18.7,0
2023-11-04 07:00:00,5.9,100,0.0,15.4,0
2023-11-04 08:00:00,5.3,98,0.0,13.2,0
2023-11-04 09:00:00,5.8,11,0.0,15.1,37
2023-11-04 10:00:00,7.4,0,0.0,18.7,158
2023-11-04 11:00:00,8.6,0,0.0,18.2,276
2023-11-04 12:00:00,9.9,5,0.0,19.0,361
2023-11-04 13:00:00,10.7,53,0.0,19.8,360
2023-11-04 14:00:00,11.3,68,0.0,18.2,314
2023-11-04 15:00:00,11.1,55,0.0,19.8,217
2023-11-04 16:00:00,11.1,11,0.0,17.7,205
2023-11-04 17:00:00,10.0,54,0.0,14.8,96
2023-11-04 18:00:00,8.4,33,0.0,13.2,9
2023-11-04 19:00:00,7.9,100,0.0,18.3,0
2023-11-04 20:00:00,8.6,100,0.0,20.4,0
2023-11-04 21:00:00,8.9,100,0.0,19.7,0
2023-11-04 22:00:00,8.9,100,0.0,20.9,0
2023-11-04 23:00:00,8.9,100,0.0,20.6,0
2023-11-05 00:00:00,8.4,100,0.0,19.1,0
2023-11-05 01:00:00,8.4,100,0.0,18.8,0
2023-11-05 02:00:00,8.1,100,0.0,20.2,0
2023-11-05 03:00:00,8.8,100,0.0,20.7,0
2023-11-05 04:00:00,8.6,100,0.0,19.7,0
2023-11-05 05:00:00,9.3,100,0.0,20.4,0
2023-11-05 06:00:00,9.3,100,0.0,17.7,0
2023-11-05 07:00:00,8.9,100,0.0,16.6,0
2023-11-05 08:00:00,8.5,100,0.0,14.5,0
2023-11-05 09:00:00,8.9,100,0.0,16.8,24
2023-11-05 10:00:00,9.9,100,0.0,21.6,108
2023-11-05 11:00:00,10.9,100,0.0,18.8,125
2023-11-05 12:00:00,12.2,99,0.0,15.7,166
2023-11-05 13:00:00,13.4,90,0.0,17.4,238
2023-11-05 14:00:00,13.9,64,0.0,30.9,315
2023-11-05 15:00:00,11.4,100,1.6,23.5,173
2023-11-05 16:00:00,12.2,100,0.0,25.7,132
2023-11-05 17:00:00,11.4,100,0.0,26.9,71
2023-11-05 18:00:00,10.8,67,0.0,28.8,5
2023-11-05 19:00:00,10.3,33,0.0,27.4,0
2023-11-05 20:00:00,11.1,81,0.0,26.4,0
2023-11-05 21:00:00,10.7,71,0.0,26.2,0
2023-11-05 22:00:00,10.4,100,0.0,28.3,0
2023-11-05 23:00:00,10.6,59,0.0,29.5,0
2023-11-06 00:00:00,9.9,62,1.2,29.1,0
2023-11-06 01:00:00,9.6,29,0.0,26.6,0
2023-11-06 02:00:00,8.7,20,0.0,25.1,0
2023-11-06 03:00:00,9.2,10,0.0,27.0,0
2023-11-06 04:00:00,9.3,40,0.0,27.4,0
2023-11-06 05:00:00,9.2,27,0.0,25.9,0
2023-11-06 06:00:00,9.2,20,0.0,25.7,0
2023-11-06 07:00:00,8.9,20,0.0,24.3,0
2023-11-06 08:00:00,8.6,19,0.0,23.3,0
2023-11-06 09:00:00,9.4,78,0.0,23.1,34
2023-11-06 10:00:00,10.6,61,0.0,22.0,95
2023-11-06 11:00:00,11.5,66,0.0,28.7,231
2023-11-06 12:00:00,12.2,41,0.0,33.0,264
2023-11-06 13:00:00,12.8,46,0.0,30.6,336
2023-11-06 14:00:00,13.1,7,0.0,28.1,315
2023-11-06 15:00:00,12.9,24,0.0,24.6,265
2023-11-06 16:00:00,12.9,28,0.0,19.8,187
2023-11-06 17:00:00,11.8,75,0.0,16.1,85
2023-11-06 18:00:00,10.3,49,0.0,13.3,6
2023-11-06 19:00:00,8.9,43,0.0,12.7,0
2023-11-06 20:00:00,8.8,87,0.0,17.0,0
2023-11-06 21:00:00,9.1,98,0.0,19.2,0
2023-11-06 22:00:00,9.6,65,0.0,19.2,0
2023-11-06 23:00:00,8.6,49,0.0,18.0,0
2023-11-07 00:00:00,8.1,90,0.0,17.4,0
2023-11-07 01:00:00,8.0,71,0.0,15.9,0
2023-11-07 02:00:00,7.7,92,0.0,16.2,0
2023-11-07 03:00:00,8.5,80,0.0,19.6,0
2023-11-07 04:00:00,8.1,98,0.0,18.1,0
2023-11-07 05:00:00,7.8,22,0.0,16.5,0
2023-11-07 06:00:00,7.1,0,0.0,14.5,0
2023-11-07 07:00:00,6.4,0,0.0,15.3,0
2023-11-07 08:00:00,6.2,0,0.0,15.7,0
2023-11-07 09:00:00,6.9,0,0.0,16.4,33
2023-11-07 10:00:00,8.6,0,0.0,15.6,146
2023-11-07 11:00:00,10.3,0,0.0,17.4,257
2023-11-07 12:00:00,11.4,0,0.0,18.4,338
2023-11-07 13:00:00,12.2,1,0.0,19.5,376
2023-11-07 14:00:00,12.5,3,0.0,20.0,360
2023-11-07 15:00:00,12.9,17,0.0,20.9,287
2023-11-07 16:00:00,12.4,93,0.0,16.0,192
2023-11-07 17:00:00,11.3,100,0.0,12.8,68
2023-11-07 18:00:00,10.4,100,0.0,12.9,4
2023-11-07 19:00:00,9.4,46,0.0,14.6,0
2023-11-07 20:00:00,8.6,43,0.0,14.9,0
2023-11-07 21:00:00,8.1,85,0.0,16.4,0
2023-11-07 22:00:00,7.6,100,0.0,17.2,0
2023-11-07 23:00:00,7.4,100,0.2,18.0,0
2023-11-08 00:00:00,7.2,92,0.0,18.4,0
2023-11-08 01:00:00,6.8,78,0.0,19.2,0
2023-11-08 02:00:00,6.4,20,0.0,19.5,0
2023-11-08 03:00:00,6.7,29,0.0,21.3,0
2023-11-08 04:00:00,6.7,2,0.0,22.3,0
2023-11-08 05:00:00,6.3,2,0.0,23.3,0
2023-11-08 06:00:00,6.2,2,0.0,22.2,0
2023-11-08 07:00:00,5.9,23,0.0,20.9,0
2023-11-08 08:00:00,6.5,100,0.0,20.3,0
2023-11-08 09:00:00,7.3,63,0.0,22.2,20
2023-11-08 10:00:00,8.2,7,0.0,20.6,102
2023-11-08 11:00:00,9.1,33,0.0,27.9,222
2023-11-08 12:00:00,9.9,91,0.0,30.5,295
2023-11-08 13:00:00,10.0,93,0.1,28.0,184
2023-11-08 14:00:00,10.4,83,0.0,27.3,232
2023-11-08 15:00:00,10.1,57,0.0,23.9,231
2023-11-08 16:00:00,9.8,54,0.0,22.1,162
2023-11-08 17:00:00,9.1,78,0.0,19.0,72
2023-11-08 18:00:00,7.9,61,0.0,17.1,4
2023-11-08 19:00:00,7.2,2,0.0,13.3,0
2023-11-08 20:00:00,5.9,3,0.0,10.5,0
2023-11-08 21:00:00,5.2,5,0.0,11.6,0
2023-11-08 22:00:00,4.7,2,0.0,12.3,0
2023-11-08 23:00:00,4.4,5,0.0,13.0,0
2023-11-09 00:00:00,4.3,45,0.0,14.8,0
2023-11-09 01:00:00,4.4,5,0.0,16.1,0
2023-11-09 02:00:00,4.3,31,0.0,16.2,0
2023-11-09 03:00:00,4.2,99,0.0,15.9,0
2023-11-09 04:00:00,4.2,38,0.0,16.2,0
2023-11-09 05:00:00,4.2,69,0.0,16.2,0
2023-11-09 06:00:00,4.3,29,0.0,15.1,0
2023-11-09 07:00:00,4.2,96,0.0,14.4,0
2023-11-09 08:00:00,4.2,99,0.0,14.8,0
2023-11-09 09:00:00,5.2,100,0.0,17.1,26
2023-11-09 10:00:00,6.8,71,0.0,17.0,107
2023-11-09 11:00:00,8.9,78,0.0,15.6,242
2023-11-09 12:00:00,10.9,99,0.0,14.6,332
2023-11-09 13:00:00,12.2,100,0.0,13.1,325
2023-11-09 14:00:00,13.4,100,0.0,11.0,342
2023-11-09 15:00:00,12.6,100,0.0,13.4,247
2023-11-09 16:00:00,11.9,100,0.0,13.1,145
2023-11-09 17:00:00,10.3,100,0.0,14.9,64
2023-11-09 18:00:00,9.3,100,0.0,16.6,3
2023-11-09 19:00:00,8.9,100,0.0,17.7,0
2023-11-09 20:00:00,8.2,93,0.0,17.9,0
2023-11-09 21:00:00,7.1,99,0.0,18.4,0
2023-11-09 22:00:00,7.4,100,0.0,17.1,0
2023-11-09 23:00:00,7.4,100,0.1,16.1,0
2023-11-10 00:00:00,7.4,100,0.1,15.6,0
2023-11-10 01:00:00,7.6,100,0.1,16.1,0
2023-11-10 02:00:00,7.6,100,0.0,15.8,0
2023-11-10 03:00:00,7.4,100,0.0,17.2,0
2023-11-10 04:00:00,7.2,100,0.0,18.2,0
2023-11-10 05:00:00,6.9,100,0.0,17.1,0
2023-11-10 06:00:00,6.7,100,0.0,18.6,0
2023-11-10 07:00:00,6.7,100,0.0,20.1,0
2023-11-10 08:00:00,7.1,100,0.0,19.9,0
2023-11-10 09:00:00,7.4,100,0.0,15.7,13
2023-11-10 10:00:00,7.8,100,0.0,14.5,54
2023-11-10 11:00:00,8.2,100,0.0,12.2,99
2023-11-10 12:00:00,9.2,100,0.0,12.0,130
2023-11-10 13:00:00,9.1,100,0.0,12.5,105
2023-11-10 14:00:00,9.4,100,0.0,11.4,94
2023-11-10 15:00:00,10.0,96,0.0,9.0,232
2023-11-10 16:00:00,10.1,96,0.1,10.6,103
2023-11-10 17:00:00,9.2,22,0.0,10.5,50
2023-11-10 18:00:00,6.9,53,0.0,8.8,3
2023-11-10 19:00:00,5.9,59,0.0,8.2,0
2023-11-10 20:00:00,5.3,4,0.0,8.6,0
2023-11-10 21:00:00,4.8,77,0.0,9.0,0
2023-11-10 22:00:00,4.5,42,0.0,10.1,0
2023-11-10 23:00:00,4.2,31,0.0,11.4,0
2023-11-11 00:00:00,4.1,87,0.0,11.8,0
2023-11-11 01:00:00,3.8,1,0.0,10.8,0
2023-11-11 02:00:00,3.5,100,0.0,10.3,0
2023-11-11 03:00:00,3.8,99,0.0,11.3,0
2023-11-11 04:00:00,3.6,100,0.0,11.5,0
2023-11-11 05:00:00,3.8,100,0.0,12.1,0
2023-11-11 06:00:00,3.8,40,0.0,10.9,0
2023-11-11 07:00:00,3.5,28,0.0,8.6,0
2023-11-11 08:00:00,3.5,23,0.0,8.0,0
2023-11-11 09:00:00,4.5,100,0.0,11.3,19
2023-11-11 10:00:00,5.7,100,0.0,11.7,49
2023-11-11 11:00:00,6.4,100,0.0,12.0,63
2023-11-11 12:00:00,6.8,100,0.0,13.2,48
2023-11-11 13:00:00,7.0,100,0.1,14.0,82
2023-11-11 14:00:00,6.9,100,0.2,14.8,85
2023-11-11 15:00:00,6.3,100,0.2,16.8,89
2023-11-11 16:00:00,5.7,100,0.4,18.7,49
2023-11-11 17:00:00,5.7,100,0.6,17.0,16
2023-11-11 18:00:00,5.6,100,0.5,15.3,1
2023-11-11 19:00:00,4.8,100,0.2,14.8,0
2023-11-11 20:00:00,4.2,100,0.3,14.4,0
2023-11-11 21:00:00,4.6,100,0.0,17.7,0
2023-11-11 22:00:00,4.2,100,0.0,19.2,0
2023-11-11 23:00:00,3.5,100,0.0,17.9,0
2023-11-12 00:00:00,3.0,50,0.0,17.7,0
2023-11-12 01:00:00,2.5,8,0.0,17.2,0
2023-11-12 02:00:00,2.2,25,0.0,17.4,0
2023-11-12 03:00:00,2.8,3,0.0,18.4,0
2023-11-12 04:00:00,2.5,24,0.0,18.2,0
2023-11-12 05:00:00,2.2,26,0.0,16.2,0
2023-11-12 06:00:00,2.2,45,0.0,16.2,0
2023-11-12 07:00:00,2.6,13,0.0,14.1,0
2023-11-12 08:00:00,2.3,10,0.0,12.5,0
2023-11-12 09:00:00,3.0,7,0.0,12.5,22
2023-11-12 10:00:00,4.8,6,0.0,13.8,127
2023-11-12 11:00:00,6.0,30,0.0,15.5,240
2023-11-12 12:00:00,6.9,36,0.0,13.4,304
2023-11-12 13:00:00,7.7,42,0.0,12.6,337
2023-11-12 14:00:00,8.1,48,0.0,13.8,303
2023-11-12 15:00:00,8.6,24,0.0,12.5,229
2023-11-12 16:00:00,8.2,7,0.0,10.6,171
2023-11-12 17:00:00,5.8,14,0.0,6.3,73
2023-11-12 18:00:00,4.9,29,0.0,8.7,2
2023-11-12 19:00:00,4.2,15,0.0,9.8,0
2023-11-12 20:00:00,3.3,92,0.0,9.3,0
2023-11-12 21:00:00,2.8,20,0.0,10.3,0
2023-11-12 22:00:00,2.2,87,0.0,10.0,0
2023-11-12 23:00:00,1.5,100,0.0,10.2,0
2023-11-13 00:00:00,1.5,89,0.0,11.5,0
2023-11-13 01:00:00,1.3,90,0.0,11.3,0
2023-11-13 02:00:00,1.3,100,0.0,10.1,0
2023-11-13 03:00:00,1.4,7,0.0,11.3,0
2023-11-13 04:00:00,1.0,1,0.0,11.1,0
2023-11-13 05:00:00,0.9,61,0.0,11.4,0
2023-11-13 06:00:00,0.9,99,0.0,10.4,0
2023-11-13 07:00:00,1.2,100,0.0,13.1,0
2023-11-13 08:00:00,1.3,100,0.0,12.0,0
2023-11-13 09:00:00,2.1,100,0.0,11.6,17
2023-11-13 10:00:00,3.4,100,0.0,10.4,69
2023-11-13 11:00:00,4.6,100,0.0,10.9,103
2023-11-13 12:00:00,5.5,100,0.1,10.4,111
2023-11-13 13:00:00,5.8,100,0.3,9.6,70
2023-11-13 14:00:00,6.0,100,0.4,8.8,72
2023-11-13 15:00:00,6.2,100,0.3,8.4,39
2023-11-13 16:00:00,6.5,100,0.5,8.9,24
2023-11-13 17:00:00,6.8,100,0.6,11.2,20
2023-11-13 18:00:00,6.8,100,0.9,13.7,0
2023-11-13 19:00:00,7.4,100,0.9,17.3,0
2023-11-13 20:00:00,7.9,100,2.8,18.1,0
2023-11-13 21:00:00,8.6,100,0.6,19.2,0
2023-11-13 22:00:00,11.4,95,0.2,25.0,0
2023-11-13 23:00:00,12.6,70,0.0,31.8,0
2023-11-14 00:00:00,13.0,100,0.0,32.2,0
2023-11-14 01:00:00,13.6,65,0.0,33.0,0
2023-11-14 02:00:00,13.1,6,0.0,28.5,0
2023-11-14 03:00:00,10.6,93,0.0,21.6,0
2023-11-14 04:00:00,9.9,97,0.0,19.8,0
2023-11-14 05:00:00,9.6,87,0.0,21.7,0
2023-11-14 06:00:00,9.2,92,0.0,26.4,0
2023-11-14 07:00:00,8.6,100,0.0,27.6,0
2023-11-14 08:00:00,8.4,86,0.0,28.3,0
2023-11-14 09:00:00,8.6,100,0.0,28.2,18
2023-11-14 10:00:00,9.6,100,0.0,29.8,76
2023-11-14 11:00:00,10.6,94,0.0,33.0,138
2023-11-14 12:00:00,11.9,93,0.0,29.9,274
2023-11-14 13:00:00,12.6,100,0.0,32.0,293
2023-11-14 14:00:00,12.9,76,0.0,33.0,267
2023-11-14 15:00:00,11.6,100,0.0,29.0,90
2023-11-14 16:00:00,11.6,100,0.0,26.5,89
2023-11-14 17:00:00,11.1,100,0.0,25.0,38
2023-11-14 18:00:00,10.6,100,0.0,20.5,1
2023-11-14 19:00:00,10.4,98,0.0,19.9,0
2023-11-14 20:00:00,10.3,100,0.0,19.1,0
2023-11-14 21:00:00,10.4,100,0.0,20.4,0
2023-11-14 22:00:00,10.3,100,0.0,22.1,0
2023-11-14 23:00:00,9.6,100,0.2,24.4,0
2023-11-15 00:00:00,8.5,100,0.7,22.7,0
2023-11-15 01:00:00,8.2,100,0.6,19.1,0
2023-11-15 02:00:00,8.4,100,0.3,21.2,0
2023-11-15 03:00:00,8.9,100,0.6,25.0,0
2023-11-15 04:00:00,9.2,99,1.1,27.5,0
2023-11-15 05:00:00,9.1,100,1.9,27.2,0
2023-11-15 06:00:00,9.2,100,0.4,30.0,0
2023-11-15 07:00:00,8.2,100,0.3,27.3,0
2023-11-15 08:00:00,7.9,100,0.2,25.9,0
2023-11-15 09:00:00,7.9,100,0.5,24.5,3
2023-11-15 10:00:00,8.8,67,0.0,23.4,34
2023-11-15 11:00:00,10.1,38,0.0,26.8,135
2023-11-15 12:00:00,10.4,50,0.7,24.6,226
2023-11-15 13:00:00,10.8,18,0.0,28.5,254
2023-11-15 14:00:00,10.9,96,0.5,26.9,252
2023-11-15 15:00:00,11.1,33,0.1,21.8,221
2023-11-15 16:00:00,10.3,74,0.7,20.7,154
2023-11-15 17:00:00,9.2,79,0.6,20.0,42
2023-11-15 18:00:00,8.2,100,2.8,14.5,1
2023-11-15 19:00:00,8.6,42,0.0,13.7,0
2023-11-15 20:00:00,8.2,5,0.0,17.3,0
2023-11-15 21:00:00,7.4,20,0.0,19.4,0
2023-11-15 22:00:00,7.0,33,0.0,18.3,0
2023-11-15 23:00:00,6.7,7,0.0,18.9,0
2023-11-16 00:00:00,6.4,6,0.0,18.7,0
2023-11-16 01:00:00,6.2,0,0.0,17.1,0
2023-11-16 02:00:00,5.8,10,0.0,15.8,0
2023-11-16 03:00:00,6.1,2,0.0,14.2,0
2023-11-16 04:00:00,5.7,72,0.0,14.0,0
2023-11-16 05:00:00,5.8,46,0.0,16.5,0
2023-11-16 06:00:00,6.1,62,0.0,18.3,0
2023-11-16 07:00:00,6.6,6,0.0,16.5,0
2023-11-16 08:00:00,5.8,5,0.0,16.1,0
2023-11-16 09:00:00,5.6,40,0.0,16.9,15
2023-11-16 10:00:00,6.7,30,0.0,18.0,109
2023-11-16 11:00:00,7.8,48,0.0,22.7,219
2023-11-16 12:00:00,8.6,50,0.0,22.2,282
2023-11-16 13:00:00,9.4,62,0.0,19.0,286
2023-11-16 14:00:00,9.8,20,0.0,16.2,269
2023-11-16 15:00:00,9.8,100,0.0,15.1,148
2023-11-16 16:00:00,9.2,100,0.0,7.3,97
2023-11-16 17:00:00,7.8,100,0.0,5.4,38
2023-11-16 18:00:00,7.3,100,0.0,6.7,1
2023-11-16 19:00:00,7.1,100,0.0,5.7,0
2023-11-16 20:00:00,6.5,100,0.2,5.7,0
2023-11-16 21:00:00,6.2,100,0.3,6.7,0
2023-11-16 22:00:00,6.2,100,0.3,5.7,0
2023-11-16 23:00:00,5.8,100,0.1,3.9,0
2023-11-17 00:00:00,5.7,100,0.0,3.2,0
2023-11-17 01:00:00,5.7,100,0.0,6.6,0
2023-11-17 02:00:00,5.4,100,0.0,6.6,0
2023-11-17 03:00:00,4.7,100,0.0,7.9,0
2023-11-17 04:00:00,4.6,100,0.0,10.7,0
2023-11-17 05:00:00,4.4,100,0.0,11.8,0
2023-11-17 06:00:00,4.7,100,0.1,14.3,0
2023-11-17 07:00:00,4.4,99,0.0,15.8,0
2023-11-17 08:00:00,3.2,80,0.0,13.1,0
2023-11-17 09:00:00,2.1,13,0.0,4.6,13
2023-11-17 10:00:00,3.9,45,0.0,10.9,106
2023-11-17 11:00:00,4.3,13,0.0,17.9,218
2023-11-17 12:00:00,4.9,89,0.0,21.8,265
2023-11-17 13:00:00,5.5,82,0.0,22.5,257
2023-11-17 14:00:00,5.6,100,0.0,20.9,248
2023-11-17 15:00:00,5.6,60,0.0,20.7,200
2023-11-17 16:00:00,5.2,100,0.0,20.2,137
2023-11-17 17:00:00,4.6,100,0.0,16.6,40
2023-11-17 18:00:00,4.4,100,0.0,16.8,0
2023-11-17 19:00:00,4.4,100,0.0,17.3,0
2023-11-17 20:00:00,3.8,85,0.0,16.8,0
2023-11-17 21:00:00,3.7,73,0.0,17.6,0
2023-11-17 22:00:00,3.6,60,0.0,17.6,0
2023-11-17 23:00:00,3.8,94,0.0,16.1,0
2023-11-18 00:00:00,3.9,100,0.0,14.8,0
2023-11-18 01:00:00,4.4,100,0.0,15.1,0
2023-11-18 02:00:00,4.3,100,0.1,16.7,0
2023-11-18 03:00:00,4.2,100,0.1,15.3,0
2023-11-18 04:00:00,4.6,100,0.1,17.5,0
2023-11-18 05:00:00,4.6,100,0.1,18.7,0
2023-11-18 06:00:00,4.3,100,0.1,16.5,0
2023-11-18 07:00:00,4.2,100,0.1,14.3,0
2023-11-18 08:00:00,3.9,83,0.1,12.2,0
2023-11-18 09:00:00,3.5,15,0.0,11.2,8
2023-11-18 10:00:00,4.2,4,0.0,13.5,85
2023-11-18 11:00:00,4.9,18,0.0,14.5,165
2023-11-18 12:00:00,5.7,99,0.0,14.6,253
2023-11-18 13:00:00,5.8,100,0.0,13.0,170
2023-11-18 14:00:00,5.8,100,0.0,12.3,141
2023-11-18 15:00:00,6.2,65,0.0,10.1,107
2023-11-18 16:00:00,6.2,71,0.0,6.7,117
2023-11-18 17:00:00,5.6,94,0.0,4.3,50
2023-11-18 18:00:00,2.7,79,0.0,4.9,1
2023-11-18 19:00:00,2.3,100,0.0,8.0,0
2023-11-18 20:00:00,1.8,100,0.0,7.9,0
2023-11-18 21:00:00,2.2,100,0.0,10.2,0
2023-11-18 22:00:00,2.8,100,0.0,10.5,0
2023-11-18 23:00:00,3.2,100,0.0,11.5,0
2023-11-19 00:00:00,3.4,100,0.0,13.3,0
2023-11-19 01:00:00,3.8,100,0.1,15.9,0
2023-11-19 02:00:00,3.8,100,0.4,15.5,0
2023-11-19 03:00:00,2.8,100,0.5,15.3,0
2023-11-19 04:00:00,3.0,100,0.2,13.8,0
2023-11-19 05:00:00,3.2,100,0.2,14.4,0
2023-11-19 06:00:00,3.4,100,0.4,17.3,0
2023-11-19 07:00:00,3.5,100,0.3,17.6,0
2023-11-19 08:00:00,3.9,100,0.2,15.9,0
2023-11-19 09:00:00,4.3,100,0.9,13.8,1
2023-11-19 10:00:00,5.1,100,0.5,14.2,10
2023-11-19 11:00:00,6.7,93,0.2,15.0,26
2023-11-19 12:00:00,8.7,96,2.0,20.8,92
2023-11-19 13:00:00,11.1,62,0.0,23.3,203
2023-11-19 14:00:00,11.6,54,0.0,22.5,164
2023-11-19 15:00:00,11.1,58,0.2,18.9,151
2023-11-19 16:00:00,10.8,32,0.4,17.6,104
2023-11-19 17:00:00,9.7,31,0.0,17.3,41
2023-11-19 18:00:00,8.9,1,0.0,14.8,0
2023-11-19 19:00:00,8.4,82,0.0,16.6,0
2023-11-19 20:00:00,7.9,7,0.0,17.1,0
2023-11-19 21:00:00,8.1,44,0.0,20.6,0
2023-11-19 22:00:00,8.1,48,0.0,20.9,0
2023-11-19 23:00:00,8.0,60,0.0,20.5,0
2023-11-20 00:00:00,7.8,93,0.0,20.0,0
2023-11-20 01:00:00,8.4,100,0.0,20.6,0
2023-11-20 02:00:00,8.2,100,0.0,21.4,0
2023-11-20 03:00:00,9.1,100,0.1,20.5,0
2023-11-20 04:00:00,8.6,100,0.6,17.4,0
2023-11-20 05:00:00,8.6,100,0.4,21.4,0
2023-11-20 06:00:00,8.5,100,1.3,19.8,0
2023-11-20 07:00:00,8.6,97,1.9,18.2,0
2023-11-20 08:00:00,8.8,86,0.0,21.6,0
2023-11-20 09:00:00,9.1,100,0.0,23.4,5
2023-11-20 10:00:00,9.4,83,0.8,24.0,31
2023-11-20 11:00:00,10.2,80,0.4,27.3,98
2023-11-20 12:00:00,10.8,95,0.1,26.0,126
2023-11-20 13:00:00,11.1,100,0.0,26.3,112
2023-11-20 14:00:00,10.9,90,0.0,23.7,62
2023-11-20 15:00:00,11.4,81,0.0,25.1,102
2023-11-20 16:00:00,11.2,38,0.0,22.5,95
2023-11-20 17:00:00,10.2,73,0.0,20.0,39
2023-11-20 18:00:00,9.5,38,0.0,18.6,0
2023-11-20 19:00:00,8.8,37,0.0,17.9,0
2023-11-20 20:00:00,7.9,47,0.0,16.1,0
2023-11-20 21:00:00,7.0,13,0.0,14.5,0
2023-11-20 22:00:00,6.4,35,0.0,16.1,0
2023-11-20 23:00:00,6.4,50,0.0,15.1,0
2023-11-21 00:00:00,6.2,99,0.0,14.0,0
2023-11-21 01:00:00,6.5,95,0.0,13.9,0
2023-11-21 02:00:00,6.2,99,0.0,13.6,0
2023-11-21 03:00:00,7.5,99,0.5,12.3,0
2023-11-21 04:00:00,7.2,80,0.2,15.0,0
2023-11-21 05:00:00,6.8,82,0.1,14.5,0
2023-11-21 06:00:00,6.1,54,0.0,12.4,0
2023-11-21 07:00:00,5.7,61,0.0,10.8,0
2023-11-21 08:00:00,5.4,96,0.0,9.8,0
2023-11-21 09:00:00,6.0,29,0.0,9.3,6
2023-11-21 10:00:00,6.8,100,0.0,9.3,84
2023-11-21 11:00:00,7.8,92,0.0,6.6,117
2023-11-21 12:00:00,8.4,57,0.0,8.7,119
2023-11-21 13:00:00,9.2,42,0.0,9.0,208
2023-11-21 14:00:00,9.4,91,0.0,9.9,255
2023-11-21 15:00:00,9.4,100,0.0,11.1,185
2023-11-21 16:00:00,8.6,100,0.0,12.2,62
2023-11-21 17:00:00,7.6,100,0.2,16.1,9
2023-11-21 18:00:00,6.3,100,0.0,16.6,0
2023-11-21 19:00:00,5.4,99,0.0,17.7,0
2023-11-21 20:00:00,4.1,100,0.0,19.8,0
2023-11-21 21:00:00,3.5,100,0.0,18.4,0
2023-11-21 22:00:00,3.3,100,0.0,17.9,0
2023-11-21 23:00:00,3.2,100,0.0,18.0,0
2023-11-22 00:00:00,2.9,100,0.0,16.8,0
2023-11-22 01:00:00,2.3,100,0.0,17.1,0
2023-11-22 02:00:00,1.8,100,0.0,17.3,0
2023-11-22 03:00:00,1.5,100,0.0,17.1,0
2023-11-22 04:00:00,1.1,100,0.0,16.8,0
2023-11-22 05:00:00,0.9,100,0.0,17.7,0
2023-11-22 06:00:00,0.6,100,0.0,18.4,0
2023-11-22 07:00:00,0.4,100,0.0,17.4,0
2023-11-22 08:00:00,0.3,100,0.0,16.8,0
2023-11-22 09:00:00,0.2,100,0.0,16.9,3
2023-11-22 10:00:00,0.2,100,0.0,15.5,23
2023-11-22 11:00:00,0.6,100,0.0,15.6,71
2023-11-22 12:00:00,0.8,100,0.0,13.5,89
2023-11-22 13:00:00,1.1,100,0.0,12.2,110
2023-11-22 14:00:00,1.4,100,0.0,10.8,111
2023-11-22 15:00:00,0.8,100,0.0,7.1,45
2023-11-22 16:00:00,0.8,100,0.0,5.1,34
2023-11-22 17:00:00,0.8,100,0.0,6.4,16
2023-11-22 18:00:00,0.6,100,0.0,6.1,0
2023-11-22 19:00:00,0.7,100,0.0,5.2,0
2023-11-22 20:00:00,0.6,100,0.0,4.0,0
2023-11-22 21:00:00,0.4,100,0.0,5.4,0
2023-11-22 22:00:00,0.1,100,0.0,7.3,0
2023-11-22 23:00:00,-0.1,100,0.0,7.7,0
2023-11-23 00:00:00,-0.6,100,0.0,12.2,0
2023-11-23 01:00:00,-0.3,100,0.0,13.8,0
2023-11-23 02:00:00,-0.1,100,0.0,14.3,0
2023-11-23 03:00:00,0.2,100,0.0,17.1,0
2023-11-23 04:00:00,0.7,100,0.0,18.3,0
2023-11-23 05:00:00,1.2,100,0.0,20.8,0
2023-11-23 06:00:00,1.0,68,0.0,21.9,0
2023-11-23 07:00:00,1.1,20,0.0,24.6,0
2023-11-23 08:00:00,0.8,27,0.0,25.6,0
2023-11-23 09:00:00,1.0,31,0.0,27.5,6
2023-11-23 10:00:00,2.5,100,0.0,32.8,66
2023-11-23 11:00:00,3.0,20,0.0,28.1,70
2023-11-23 12:00:00,4.0,10,0.0,28.3,229
2023-11-23 13:00:00,5.1,59,0.0,28.7,279
2023-11-23 14:00:00,5.6,10,0.0,28.1,245
2023-11-23 15:00:00,5.3,100,0.0,29.6,147
2023-11-23 16:00:00,5.0,100,0.0,23.9,75
2023-11-23 17:00:00,5.2,100,0.0,29.5,21
2023-11-23 18:00:00,5.3,100,0.0,27.1,0
2023-11-23 19:00:00,5.6,100,0.0,28.2,0
2023-11-23 20:00:00,5.8,86,0.0,31.2,0
2023-11-23 21:00:00,6.2,100,0.0,32.6,0
2023-11-23 22:00:00,6.4,100,0.0,34.5,0
2023-11-23 23:00:00,6.7,95,0.0,35.5,0
2023-11-24 00:00:00,6.7,100,0.0,35.8,0
2023-11-24 01:00:00,7.2,100,0.0,36.4,0
2023-11-24 02:00:00,7.3,100,0.0,37.1,0
2023-11-24 03:00:00,8.3,100,0.1,34.9,0
2023-11-24 04:00:00,8.2,100,1.5,27.7,0
2023-11-24 05:00:00,6.4,100,2.4,21.8,0
2023-11-24 06:00:00,5.8,100,0.4,22.4,0
2023-11-24 07:00:00,5.5,46,0.4,21.4,0
2023-11-24 08:00:00,4.8,19,0.1,19.7,0
2023-11-24 09:00:00,4.2,40,0.0,18.3,6
2023-11-24 10:00:00,4.8,72,0.0,21.9,82
2023-11-24 11:00:00,5.3,87,0.0,24.2,171
2023-11-24 12:00:00,5.2,86,0.2,24.2,164
2023-11-24 13:00:00,5.4,98,0.1,28.6,219
2023-11-24 14:00:00,5.6,99,0.1,27.0,158
2023-11-24 15:00:00,4.6,100,0.2,24.4,215
2023-11-24 16:00:00,3.8,100,1.1,21.1,82
2023-11-24 17:00:00,3.3,82,0.1,17.6,17
2023-11-24 18:00:00,2.5,16,0.0,17.0,0
2023-11-24 19:00:00,2.0,98,0.0,17.6,0
2023-11-24 20:00:00,1.9,80,0.0,18.3,0
2023-11-24 21:00:00,1.7,32,0.1,19.5,0
2023-11-24 22:00:00,1.5,97,0.0,19.3,0
2023-11-24 23:00:00,1.9,98,0.1,21.0,0
2023-11-25 00:00:00,1.6,99,0.2,21.1,0
2023-11-25 01:00:00,1.8,99,1.2,20.5,0
2023-11-25 02:00:00,1.5,100,0.4,22.3,0
2023-11-25 03:00:00,1.5,48,0.5,22.7,0
2023-11-25 04:00:00,0.8,98,0.2,20.6,0
2023-11-25 05:00:00,0.9,70,0.1,25.3,0
2023-11-25 06:00:00,0.1,12,0.0,23.2,0
2023-11-25 07:00:00,-0.2,52,0.0,20.9,0
2023-11-25 08:00:00,-0.3,99,0.0,20.7,0
2023-11-25 09:00:00,0.3,100,0.0,21.1,3
2023-11-25 10:00:00,0.9,88,0.0,18.8,49
2023-11-25 11:00:00,1.5,27,0.0,25.5,142
2023-11-25 12:00:00,2.2,65,0.0,22.3,254
2023-11-25 13:00:00,3.0,99,0.0,18.8,274
2023-11-25 14:00:00,3.2,100,0.0,15.9,223
2023-11-25 15:00:00,3.1,100,0.0,19.8,130
2023-11-25 16:00:00,1.8,100,0.4,18.6,30
2023-11-25 17:00:00,1.7,100,0.2,20.3,15
2023-11-25 18:00:00,1.4,100,0.1,20.0,0
2023-11-25 19:00:00,1.5,99,1.2,18.1,0
2023-11-25 20:00:00,1.7,97,1.2,19.9,0
2023-11-25 21:00:00,1.7,100,0.2,17.8,0
2023-11-25 22:00:00,1.5,63,0.2,19.8,0
2023-11-25 23:00:00,1.0,97,0.1,17.6,0
2023-11-26 00:00:00,0.9,100,0.0,17.0,0
2023-11-26 01:00:00,0.6,96,0.0,16.1,0
2023-11-26 02:00:00,0.0,99,0.0,15.6,0
2023-11-26 03:00:00,-0.9,38,0.4,13.7,0
2023-11-26 04:00:00,-1.2,21,0.1,14.6,0
2023-11-26 05:00:00,-1.7,60,0.0,16.6,0
2023-11-26 06:00:00,-1.8,46,0.0,14.5,0
2023-11-26 07:00:00,-2.3,100,0.0,11.2,0
2023-11-26 08:00:00,-1.4,100,0.1,9.2,0
2023-11-26 09:00:00,-1.0,100,0.4,7.6,1
2023-11-26 10:00:00,-0.4,51,0.5,18.0,10
2023-11-26 11:00:00,0.4,88,0.2,20.4,124
2023-11-26 12:00:00,0.7,100,0.1,20.2,91
2023-11-26 13:00:00,1.0,100,0.0,20.1,112
2023-11-26 14:00:00,1.1,97,0.0,21.0,122
2023-11-26 15:00:00,1.1,100,0.0,21.1,66
2023-11-26 16:00:00,1.4,84,0.0,20.7,71
2023-11-26 17:00:00,0.9,26,0.0,11.6,25
2023-11-26 18:00:00,-1.2,4,0.0,6.2,0
2023-11-26 19:00:00,-1.6,98,0.0,10.7,0
2023-11-26 20:00:00,-0.2,100,0.0,13.0,0
2023-11-26 21:00:00,0.4,100,0.2,13.5,0
2023-11-26 22:00:00,1.0,100,0.2,13.4,0
2023-11-26 23:00:00,1.9,100,0.0,16.7,0
2023-11-27 00:00:00,2.0,99,0.1,15.1,0
2023-11-27 01:00:00,1.6,97,0.1,13.0,0
2023-11-27 02:00:00,1.1,100,0.1,11.6,0
2023-11-27 03:00:00,1.8,100,0.0,10.7,0
2023-11-27 04:00:00,2.0,100,0.3,8.9,0
2023-11-27 05:00:00,1.2,100,0.8,9.5,0
2023-11-27 06:00:00,1.4,100,0.6,9.7,0
2023-11-27 07:00:00,1.6,100,0.3,10.8,0
2023-11-27 08:00:00,1.8,100,0.3,12.6,0
2023-11-27 09:00:00,1.9,100,0.2,14.3,1
2023-11-27 10:00:00,2.1,100,0.1,16.4,16
2023-11-27 11:00:00,2.6,100,0.0,16.5,41
2023-11-27 12:00:00,3.6,100,0.0,17.7,147
2023-11-27 13:00:00,3.9,100,0.0,16.6,190
2023-11-27 14:00:00,3.9,100,0.0,14.5,151
2023-11-27 15:00:00,4.3,100,0.0,10.1,123
2023-11-27 16:00:00,4.2,100,0.0,7.3,77
2023-11-27 17:00:00,3.0,100,0.0,8.4,20
2023-11-27 18:00:00,2.3,100,0.0,10.7,0
2023-11-27 19:00:00,2.3,100,0.2,11.1,0
2023-11-27 20:00:00,2.3,100,0.3,12.4,0
2023-11-27 21:00:00,1.7,100,0.5,13.0,0
2023-11-27 22:00:00,1.2,100,1.1,12.6,0
2023-11-27 23:00:00,1.2,100,0.6,10.9,0
2023-11-28 00:00:00,1.2,100,0.4,8.7,0
2023-11-28 01:00:00,1.1,100,0.6,7.9,0
2023-11-28 02:00:00,1.0,100,0.8,7.8,0
2023-11-28 03:00:00,0.9,100,0.8,3.9,0
2023-11-28 04:00:00,0.9,100,0.4,4.0,0
2023-11-28 05:00:00,1.0,100,0.1,5.4,0
2023-11-28 06:00:00,1.1,100,0.2,3.6,0
2023-11-28 07:00:00,1.1,100,0.1,2.0,0
2023-11-28 08:00:00,1.2,100,0.0,0.0,0
2023-11-28 09:00:00,1.2,100,0.0,1.0,2
2023-11-28 10:00:00,1.1,100,0.2,3.6,13
2023-11-28 11:00:00,0.9,100,0.5,5.3,18
2023-11-28 12:00:00,1.0,100,0.3,7.6,40
2023-11-28 13:00:00,1.1,100,0.3,11.4,43
2023-11-28 14:00:00,1.2,100,0.4,16.9,60
2023-11-28 15:00:00,-0.1,100,0.1,19.0,31
2023-11-28 16:00:00,-0.7,100,0.3,21.3,16
2023-11-28 17:00:00,-1.1,100,0.6,20.9,4
2023-11-28 18:00:00,-1.4,100,0.8,21.4,0
2023-11-28 19:00:00,-1.5,100,0.7,20.8,0
2023-11-28 20:00:00,-1.7,100,0.4,18.9,0
2023-11-28 21:00:00,-2.0,100,0.1,16.9,0
2023-11-28 22:00:00,-2.2,99,0.0,15.0,0
2023-11-28 23:00:00,-3.0,88,0.0,11.8,0
2023-11-29 00:00:00,-3.5,56,0.0,7.9,0
2023-11-29 01:00:00,-4.0,59,0.0,3.6,0
2023-11-29 02:00:00,-4.2,82,0.0,4.5,0
2023-11-29 03:00:00,-2.5,100,0.1,4.0,0
2023-11-29 04:00:00,-2.5,100,0.1,6.0,0
2023-11-29 05:00:00,-2.3,100,0.1,7.3,0
2023-11-29 06:00:00,-2.0,100,0.1,7.6,0
2023-11-29 07:00:00,-1.6,100,0.1,6.1,0
2023-11-29 08:00:00,-1.5,100,0.0,5.7,0
2023-11-29 09:00:00,-1.2,100,0.1,13.5,1
2023-11-29 10:00:00,-1.4,93,0.1,17.8,38
2023-11-29 11:00:00,-1.1,79,0.0,18.7,143
2023-11-29 12:00:00,-0.6,38,0.0,19.4,207
2023-11-29 13:00:00,-0.2,1,0.0,18.1,271
2023-11-29 14:00:00,0.1,71,0.0,16.8,294
2023-11-29 15:00:00,-0.3,99,0.0,20.4,203
2023-11-29 16:00:00,-0.1,100,0.0,16.6,102
2023-11-29 17:00:00,0.0,100,0.0,16.3,21
2023-11-29 18:00:00,0.5,100,0.0,17.3,0
2023-11-29 19:00:00,0.2,87,0.3,18.8,0
2023-11-29 20:00:00,-0.2,99,0.0,18.7,0
2023-11-29 21:00:00,-0.4,100,0.0,18.1,0
2023-11-29 22:00:00,-0.7,98,0.0,16.9,0
2023-11-29 23:00:00,-0.6,93,0.0,16.1,0
2023-11-30 00:00:00,-0.9,71,0.0,14.7,0
2023-11-30 01:00:00,-1.5,74,0.0,14.0,0
2023-11-30 02:00:00,-1.5,70,0.0,14.5,0
2023-11-30 03:00:00,-1.0,86,0.0,14.0,0
2023-11-30 04:00:00,-1.0,100,0.0,12.2,0
2023-11-30 05:00:00,-0.6,100,0.0,10.4,0
2023-11-30 06:00:00,-0.6,100,0.1,9.7,0
2023-11-30 07:00:00,0.0,100,0.1,11.8,0
2023-11-30 08:00:00,0.1,100,0.1,10.9,0
2023-11-30 09:00:00,-0.1,100,0.0,11.3,1
2023-11-30 10:00:00,0.1,30,0.0,10.9,35
2023-11-30 11:00:00,0.7,2,0.0,9.5,159
2023-11-30 12:00:00,1.8,6,0.0,9.4,243
2023-11-30 13:00:00,2.7,100,0.0,7.4,280
2023-11-30 14:00:00,3.0,100,0.0,2.9,232
2023-11-30 15:00:00,2.2,83,0.0,8.4,188
2023-11-30 16:00:00,1.5,100,0.0,9.8,114
2023-11-30 17:00:00,0.1,100,0.0,8.7,27
2023-11-30 18:00:00,-0.3,100,0.0,7.4,0
2023-11-30 19:00:00,-0.9,100,0.0,4.6,0
2023-11-30 20:00:00,-0.9,100,0.1,4.0,0
2023-11-30 21:00:00,-1.1,100,0.1,3.9,0
2023-11-30 22:00:00,-1.5,100,0.0,5.0,0
2023-11-30 23:00:00,-1.5,100,0.0,4.2,0
2023-12-01 00:00:00,-1.9,100,0.0,3.6,0
2023-12-01 01:00:00,-2.0,100,0.0,3.8,0
2023-12-01 02:00:00,-2.5,100,0.0,5.1,0
2023-12-01 03:00:00,-2.5,100,0.0,2.3,0
2023-12-01 04:00:00,-2.1,100,0.0,1.6,0
2023-12-01 05:00:00,-1.9,100,0.1,3.2,0
2023-12-01 06:00:00,-2.1,100,0.2,5.0,0
2023-12-01 07:00:00,-2.2,100,0.3,4.1,0
2023-12-01 08:00:00,-2.1,100,0.3,4.4,0
2023-12-01 09:00:00,-2.0,100,0.2,4.6,1
2023-12-01 10:00:00,-1.6,100,0.3,4.0,22
2023-12-01 11:00:00,-1.2,100,0.4,6.1,50
2023-12-01 12:00:00,-1.0,100,0.4,6.8,50
2023-12-01 13:00:00,-0.8,100,0.5,7.9,64
2023-12-01 14:00:00,-0.6,100,0.4,9.2,62
2023-12-01 15:00:00,-0.7,100,0.5,6.4,46
2023-12-01 16:00:00,-0.7,100,0.5,8.2,37
2023-12-01 17:00:00,-0.9,100,0.7,8.6,8
2023-12-01 18:00:00,-1.0,100,0.7,9.8,0
2023-12-01 19:00:00,-1.1,100,0.7,7.8,0
2023-12-01 20:00:00,-1.3,100,0.5,9.4,0
2023-12-01 21:00:00,-1.4,100,0.4,8.0,0
2023-12-01 22:00:00,-1.5,100,0.4,8.8,0
2023-12-01 23:00:00,-1.4,100,0.4,8.3,0
2023-12-02 00:00:00,-1.5,100,0.6,9.8,0
2023-12-02 01:00:00,-1.5,100,0.7,10.5,0
2023-12-02 02:00:00,-1.6,100,0.8,10.7,0
2023-12-02 03:00:00,-2.0,100,0.7,9.6,0
2023-12-02 04:00:00,-2.2,100,0.8,11.3,0
2023-12-02 05:00:00,-2.5,100,0.8,11.7,0
2023-12-02 06:00:00,-2.8,100,0.7,11.1,0
2023-12-02 07:00:00,-2.8,100,0.5,9.8,0
2023-12-02 08:00:00,-2.8,100,0.6,10.6,0
2023-12-02 09:00:00,-2.9,100,0.7,12.0,1
2023-12-02 10:00:00,-3.0,100,0.6,12.6,25
2023-12-02 11:00:00,-2.9,100,0.6,14.8,78
2023-12-02 12:00:00,-2.8,100,0.6,17.1,118
2023-12-02 13:00:00,-2.6,100,0.5,16.2,183
2023-12-02 14:00:00,-2.6,100,0.4,14.6,106
2023-12-02 15:00:00,-2.9,100,0.2,18.2,110
2023-12-02 16:00:00,-3.2,100,0.3,17.1,54
2023-12-02 17:00:00,-3.8,100,0.5,18.8,16
2023-12-02 18:00:00,-3.9,100,0.4,17.3,0
2023-12-02 19:00:00,-3.9,100,0.2,15.4,0
2023-12-02 20:00:00,-3.8,100,0.1,15.6,0
2023-12-02 21:00:00,-4.1,99,0.0,15.8,0
2023-12-02 22:00:00,-4.8,93,0.0,10.9,0
2023-12-02 23:00:00,-6.0,92,0.0,11.2,0
2023-12-03 00:00:00,-6.4,96,0.0,12.6,0
2023-12-03 01:00:00,-6.6,100,0.0,11.1,0
2023-12-03 02:00:00,-6.9,82,0.0,12.8,0
2023-12-03 03:00:00,-5.5,99,0.0,15.6,0
2023-12-03 04:00:00,-5.8,100,0.0,17.6,0
2023-12-03 05:00:00,-5.2,100,0.1,19.3,0
2023-12-03 06:00:00,-4.8,100,0.0,19.6,0
2023-12-03 07:00:00,-5.2,16,0.0,18.0,0
2023-12-03 08:00:00,-6.4,23,0.0,16.9,0
2023-12-03 09:00:00,-6.4,38,0.0,16.9,1
2023-12-03 10:00:00,-6.1,29,0.0,16.6,63
2023-12-03 11:00:00,-5.4,36,0.0,14.7,172
2023-12-03 12:00:00,-4.3,100,0.0,14.7,234
2023-12-03 13:00:00,-3.3,99,0.0,16.6,233
2023-12-03 14:00:00,-3.3,73,0.0,17.4,223
2023-12-03 15:00:00,-3.0,98,0.0,16.3,169
2023-12-03 16:00:00,-3.0,100,0.1,17.9,94
2023-12-03 17:00:00,-3.3,100,0.0,18.4,27
2023-12-03 18:00:00,-3.2,100,0.0,18.5,0
2023-12-03 19:00:00,-3.0,100,0.0,18.2,0
2023-12-03 20:00:00,-2.6,100,0.0,17.9,0
2023-12-03 21:00:00,-2.6,94,0.0,16.5,0
2023-12-03 22:00:00,-2.8,33,0.1,15.6,0
2023-12-03 23:00:00,-4.1,22,0.0,13.4,0
2023-12-04 00:00:00,-5.2,27,0.0,12.8,0
2023-12-04 01:00:00,-6.2,16,0.0,11.2,0
2023-12-04 02:00:00,-7.7,95,0.0,10.2,0
2023-12-04 03:00:00,-8.6,28,0.0,12.4,0
2023-12-04 04:00:00,-9.7,74,0.0,11.0,0
2023-12-04 05:00:00,-10.6,100,0.0,11.9,0
2023-12-04 06:00:00,-10.2,100,0.0,12.3,0
2023-12-04 07:00:00,-10.1,100,0.0,10.5,0
2023-12-04 08:00:00,-10.4,100,0.0,8.0,0
2023-12-04 09:00:00,-10.2,100,0.0,4.2,1
2023-12-04 10:00:00,-10.0,100,0.0,3.6,46
2023-12-04 11:00:00,-9.4,91,0.0,5.6,126
2023-12-04 12:00:00,-8.8,98,0.0,7.7,196
2023-12-04 13:00:00,-8.2,100,0.0,10.0,255
2023-12-04 14:00:00,-7.3,100,0.0,10.6,203
2023-12-04 15:00:00,-4.7,100,0.0,9.4,176
2023-12-04 16:00:00,-4.4,100,0.0,10.8,117
2023-12-04 17:00:00,-4.0,100,0.0,11.5,25
2023-12-04 18:00:00,-3.8,100,0.0,10.1,0
2023-12-04 19:00:00,-3.9,100,0.0,9.0,0
2023-12-04 20:00:00,-4.3,100,0.0,7.6,0
2023-12-04 21:00:00,-4.3,100,0.0,8.4,0
2023-12-04 22:00:00,-4.8,63,0.0,9.0,0
2023-12-04 23:00:00,-6.2,31,0.0,7.0,0
2023-12-05 00:00:00,-6.6,0,0.0,9.5,0
2023-12-05 01:00:00,-7.8,19,0.0,9.5,0
2023-12-05 02:00:00,-9.4,46,0.0,8.9,0
2023-12-05 03:00:00,-6.5,100,0.0,8.1,0
2023-12-05 04:00:00,-6.8,100,0.0,8.5,0
2023-12-05 05:00:00,-6.6,100,0.0,7.9,0
2023-12-05 06:00:00,-6.5,25,0.0,5.9,0
2023-12-05 07:00:00,-9.5,84,0.0,8.7,0
2023-12-05 08:00:00,-8.4,100,0.0,7.4,0
2023-12-05 09:00:00,-6.2,100,0.0,4.0,1
2023-12-05 10:00:00,-5.3,100,0.1,4.8,29
2023-12-05 11:00:00,-4.4,100,0.1,4.3,66
2023-12-05 12:00:00,-3.3,100,0.0,2.3,94
2023-12-05 13:00:00,-2.5,66,0.0,2.4,153
2023-12-05 14:00:00,-2.2,41,0.0,4.7,225
2023-12-05 15:00:00,-2.8,50,0.0,3.2,222
2023-12-05 16:00:00,-3.6,30,0.0,4.6,127
2023-12-05 17:00:00,-6.1,72,0.0,9.5,33
2023-12-05 18:00:00,-5.7,100,0.0,7.0,0
2023-12-05 19:00:00,-4.2,100,0.0,4.6,0
2023-12-05 20:00:00,-3.3,100,0.0,5.3,0
2023-12-05 21:00:00,-3.0,100,0.0,5.7,0
2023-12-05 22:00:00,-3.4,100,0.0,5.1,0
2023-12-05 23:00:00,-3.2,100,0.0,6.6,0
2023-12-06 00:00:00,-1.8,100,0.0,4.1,0
2023-12-06 01:00:00,-1.1,100,0.0,4.3,0
2023-12-06 02:00:00,-1.3,100,0.0,6.1,0
2023-12-06 03:00:00,-1.8,99,0.0,6.1,0
2023-12-06 04:00:00,-2.5,98,0.0,6.4,0
2023-12-06 05:00:00,-3.8,39,0.0,9.2,0
2023-12-06 06:00:00,-5.5,54,0.0,11.0,0
2023-12-06 07:00:00,-5.7,100,0.0,10.1,0
2023-12-06 08:00:00,-3.0,100,0.0,5.6,0
2023-12-06 09:00:00,-2.0,100,0.0,5.6,0
2023-12-06 10:00:00,-0.9,100,0.0,7.1,30
2023-12-06 11:00:00,-0.1,100,0.0,6.2,71
2023-12-06 12:00:00,0.6,100,0.0,5.8,111
2023-12-06 13:00:00,1.0,100,0.0,5.4,122
2023-12-06 14:00:00,1.1,100,0.1,5.1,96
2023-12-06 15:00:00,0.4,100,0.1,3.1,105
2023-12-06 16:00:00,0.6,100,0.2,4.8,55
2023-12-06 17:00:00,1.1,100,0.0,4.3,18
2023-12-06 18:00:00,0.6,100,0.0,4.0,0
2023-12-06 19:00:00,0.9,100,0.0,3.1,0
2023-12-06 20:00:00,0.2,100,0.0,3.7,0
2023-12-06 21:00:00,0.3,100,0.0,3.4,0
2023-12-06 22:00:00,0.4,100,0.1,6.6,0
2023-12-06 23:00:00,0.5,100,0.4,8.4,0
2023-12-07 00:00:00,0.5,100,0.6,9.7,0
2023-12-07 01:00:00,0.4,100,0.3,10.3,0
2023-12-07 02:00:00,0.4,100,0.1,8.7,0
2023-12-07 03:00:00,0.2,100,0.0,5.1,0
2023-12-07 04:00:00,-0.2,100,0.0,5.6,0
2023-12-07 05:00:00,-0.1,100,0.0,8.6,0
2023-12-07 06:00:00,0.4,100,0.0,9.7,0
2023-12-07 07:00:00,0.4,100,0.0,8.3,0
2023-12-07 08:00:00,0.3,100,0.0,6.2,0
2023-12-07 09:00:00,0.3,100,0.1,5.8,0
2023-12-07 10:00:00,0.7,100,0.0,6.4,23
2023-12-07 11:00:00,0.8,98,0.0,7.6,70
2023-12-07 12:00:00,0.9,97,0.0,7.4,151
2023-12-07 13:00:00,1.0,94,0.0,8.0,181
2023-12-07 14:00:00,1.0,96,0.0,8.1,199
2023-12-07 15:00:00,1.5,95,0.0,7.9,116
2023-12-07 16:00:00,1.2,100,0.0,7.9,73
2023-12-07 17:00:00,1.0,100,0.0,7.7,16
2023-12-07 18:00:00,0.9,100,0.0,6.4,0
2023-12-07 19:00:00,0.5,100,0.0,5.1,0
2023-12-07 20:00:00,-0.1,97,0.0,5.1,0
2023-12-07 21:00:00,-0.9,94,0.0,5.4,0
2023-12-07 22:00:00,-0.8,93,0.0,4.7,0
2023-12-07 23:00:00,-1.0,44,0.0,5.7,0
2023-12-08 00:00:00,-2.6,8,0.0,8.0,0
2023-12-08 01:00:00,-3.5,19,0.0,8.4,0
2023-12-08 02:00:00,-3.7,59,0.0,10.9,0
2023-12-08 03:00:00,-4.3,40,0.0,10.0,0
2023-12-08 04:00:00,-5.0,30,0.0,9.6,0
2023-12-08 05:00:00,-5.2,100,0.0,11.9,0
2023-12-08 06:00:00,-4.6,100,0.0,12.2,0
2023-12-08 07:00:00,-4.1,100,0.0,9.2,0
2023-12-08 08:00:00,-3.8,100,0.0,7.7,0
2023-12-08 09:00:00,-4.6,100,0.0,5.8,0
2023-12-08 10:00:00,-3.2,100,0.0,5.8,39
2023-12-08 11:00:00,-0.8,100,0.0,7.7,108
2023-12-08 12:00:00,0.3,100,0.0,8.4,162
2023-12-08 13:00:00,0.6,100,0.0,6.4,205
2023-12-08 14:00:00,0.9,100,0.0,6.0,225
2023-12-08 15:00:00,0.5,100,0.0,4.4,155
2023-12-08 16:00:00,0.1,100,0.0,5.1,70
2023-12-08 17:00:00,-0.2,100,0.0,7.9,15
2023-12-08 18:00:00,-0.4,100,0.0,12.5,0
2023-12-08 19:00:00,-0.9,100,0.0,9.5,0
2023-12-08 20:00:00,-0.9,100,0.0,8.0,0
2023-12-08 21:00:00,-0.8,100,0.1,7.2,0
2023-12-08 22:00:00,-0.6,100,0.2,7.2,0
2023-12-08 23:00:00,-0.6,100,0.4,7.3,0
2023-12-09 00:00:00,-0.4,100,0.5,7.1,0
2023-12-09 01:00:00,-0.2,100,0.6,7.2,0
2023-12-09 02:00:00,-0.1,100,0.5,7.9,0
2023-12-09 03:00:00,-0.2,100,0.3,7.6,0
2023-12-09 04:00:00,0.1,100,0.1,9.0,0
2023-12-09 05:00:00,0.3,100,0.1,10.9,0
2023-12-09 06:00:00,0.6,100,0.1,11.4,0
2023-12-09 07:00:00,0.7,100,0.1,10.9,0
2023-12-09 08:00:00,0.8,100,0.0,10.2,0
2023-12-09 09:00:00,0.9,100,0.0,9.3,0
2023-12-09 10:00:00,1.1,100,0.0,9.3,17
2023-12-09 11:00:00,1.4,100,0.0,8.9,59
2023-12-09 12:00:00,1.6,100,0.0,8.4,83
2023-12-09 13:00:00,1.9,100,0.0,6.9,106
2023-12-09 14:00:00,2.2,100,0.0,7.1,127
2023-12-09 15:00:00,2.0,100,0.0,6.9,104
2023-12-09 16:00:00,2.0,100,0.0,7.3,37
2023-12-09 17:00:00,2.0,98,0.0,9.9,9
2023-12-09 18:00:00,1.9,100,0.0,11.1,0
2023-12-09 19:00:00,1.9,100,0.0,13.4,0
2023-12-09 20:00:00,1.9,22,0.0,16.3,0
2023-12-09 21:00:00,1.4,100,0.0,17.7,0
2023-12-09 22:00:00,1.6,100,0.0,16.8,0
2023-12-09 23:00:00,1.5,100,0.0,17.6,0
2023-12-10 00:00:00,1.2,100,0.1,18.6,0
2023-12-10 01:00:00,1.0,100,0.3,16.6,0
2023-12-10 02:00:00,1.0,100,0.4,12.9,0
2023-12-10 03:00:00,0.9,100,0.2,11.9,0
2023-12-10 04:00:00,0.9,100,0.5,12.7,0
2023-12-10 05:00:00,1.1,100,0.5,14.5,0
2023-12-10 06:00:00,1.6,100,0.5,11.4,0
2023-12-10 07:00:00,2.7,100,0.0,14.4,0
2023-12-10 08:00:00,3.3,100,0.0,14.6,0
2023-12-10 09:00:00,3.6,99,0.0,18.5,0
2023-12-10 10:00:00,4.4,100,0.0,21.6,36
2023-12-10 11:00:00,4.8,100,0.0,21.1,83
2023-12-10 12:00:00,5.6,81,0.0,22.8,130
2023-12-10 13:00:00,6.3,74,0.0,24.0,204
2023-12-10 14:00:00,6.7,100,0.0,24.6,190
2023-12-10 15:00:00,6.2,99,0.1,25.8,49
2023-12-10 16:00:00,6.3,81,0.0,24.5,56
2023-12-10 17:00:00,5.9,99,0.0,23.4,17
2023-12-10 18:00:00,6.1,99,0.0,24.0,0
2023-12-10 19:00:00,6.2,48,0.0,23.0,0
2023-12-10 20:00:00,5.1,5,0.0,21.8,0
2023-12-10 21:00:00,4.8,15,0.0,20.2,0
2023-12-10 22:00:00,4.6,99,0.0,17.8,0
2023-12-10 23:00:00,4.2,100,0.0,15.3,0
2023-12-11 00:00:00,4.3,100,0.0,16.6,0
2023-12-11 01:00:00,4.6,100,0.1,18.4,0
2023-12-11 02:00:00,4.0,100,1.6,16.6,0
2023-12-11 03:00:00,4.2,100,1.8,19.0,0
2023-12-11 04:00:00,5.2,63,0.7,24.7,0
2023-12-11 05:00:00,6.0,99,0.0,23.7,0
2023-12-11 06:00:00,6.4,10,0.0,24.3,0
2023-12-11 07:00:00,5.9,14,0.0,21.5,0
2023-12-11 08:00:00,5.9,15,0.0,19.9,0
2023-12-11 09:00:00,6.5,58,0.0,21.5,0
2023-12-11 10:00:00,7.1,56,0.0,22.7,38
2023-12-11 11:00:00,8.1,9,0.0,21.5,105
2023-12-11 12:00:00,9.3,100,0.0,23.2,215
2023-12-11 13:00:00,9.4,39,0.0,21.7,133
2023-12-11 14:00:00,9.7,7,0.0,22.2,135
2023-12-11 15:00:00,10.2,51,0.0,23.4,162
2023-12-11 16:00:00,9.4,42,0.2,24.9,94
2023-12-11 17:00:00,8.6,35,0.1,23.0,19
2023-12-11 18:00:00,8.0,18,0.0,26.1,0
2023-12-11 19:00:00,8.0,7,0.0,29.0,0
2023-12-11 20:00:00,7.7,86,0.0,30.2,0
2023-12-11 21:00:00,7.6,38,0.0,29.2,0
2023-12-11 22:00:00,7.3,76,0.2,22.8,0
2023-12-11 23:00:00,7.2,100,0.2,21.6,0
2023-12-12 00:00:00,7.4,75,0.2,22.0,0
2023-12-12 01:00:00,6.9,33,0.1,21.0,0
2023-12-12 02:00:00,6.4,74,0.0,21.9,0
2023-12-12 03:00:00,6.9,100,0.0,20.0,0
2023-12-12 04:00:00,6.8,100,0.0,19.4,0
2023-12-12 05:00:00,6.6,100,0.1,17.8,0
2023-12-12 06:00:00,6.2,99,0.4,16.9,0
2023-12-12 07:00:00,6.0,88,1.0,15.8,0
2023-12-12 08:00:00,6.1,52,0.3,15.0,0
2023-12-12 09:00:00,6.0,22,0.0,16.4,0
2023-12-12 10:00:00,6.2,11,0.0,18.2,33
2023-12-12 11:00:00,6.8,27,0.0,17.4,123
2023-12-12 12:00:00,7.4,24,0.0,15.3,209
2023-12-12 13:00:00,7.7,73,0.0,17.4,244
2023-12-12 14:00:00,7.7,100,0.0,15.5,173
2023-12-12 15:00:00,8.7,3,0.0,11.7,204
2023-12-12 16:00:00,7.2,0,0.0,5.2,123
2023-12-12 17:00:00,4.5,94,0.0,7.2,30
2023-12-12 18:00:00,6.1,100,0.0,11.0,0
2023-12-12 19:00:00,6.3,100,0.0,12.2,0
2023-12-12 20:00:00,6.5,100,0.0,10.8,0
2023-12-12 21:00:00,5.9,100,0.2,10.5,0
2023-12-12 22:00:00,5.8,100,0.9,9.8,0
2023-12-12 23:00:00,6.0,100,0.3,12.6,0
2023-12-13 00:00:00,6.2,100,0.0,11.4,0
2023-12-13 01:00:00,5.9,100,0.2,8.9,0
2023-12-13 02:00:00,5.8,100,0.3,6.1,0
2023-12-13 03:00:00,5.1,100,0.0,7.8,0
2023-12-13 04:00:00,5.2,100,0.1,10.8,0
2023-12-13 05:00:00,5.4,100,0.1,10.8,0
2023-12-13 06:00:00,5.2,100,0.2,9.6,0
2023-12-13 07:00:00,5.4,100,0.9,10.5,0
2023-12-13 08:00:00,5.9,100,0.2,12.5,0
2023-12-13 09:00:00,5.9,31,0.1,12.8,0
2023-12-13 10:00:00,5.8,17,0.0,12.6,35
2023-12-13 11:00:00,7.2,18,0.0,12.6,110
2023-12-13 12:00:00,8.4,22,0.0,11.9,180
2023-12-13 13:00:00,9.1,78,0.1,15.1,218
2023-12-13 14:00:00,9.1,86,0.1,11.2,158
2023-12-13 15:00:00,8.9,44,0.2,5.4,185
2023-12-13 16:00:00,7.8,89,0.6,3.9,91
2023-12-13 17:00:00,8.1,75,0.0,1.0,23
2023-12-13 18:00:00,5.3,59,0.0,5.1,0
2023-12-13 19:00:00,4.4,44,0.0,6.3,0
2023-12-13 20:00:00,3.2,56,0.0,7.6,0
2023-12-13 21:00:00,3.0,46,0.0,6.1,0
2023-12-13 22:00:00,2.5,100,0.0,5.2,0
2023-12-13 23:00:00,1.9,100,0.0,5.2,0
2023-12-14 00:00:00,1.9,100,0.0,5.2,0
2023-12-14 01:00:00,2.0,100,0.0,5.0,0
2023-12-14 02:00:00,2.5,100,0.0,5.6,0
2023-12-14 03:00:00,4.1,100,0.1,4.9,0
2023-12-14 04:00:00,3.9,100,0.6,4.2,0
2023-12-14 05:00:00,3.8,100,0.1,4.3,0
2023-12-14 06:00:00,3.9,100,0.0,5.0,0
2023-12-14 07:00:00,4.1,100,1.0,3.7,0
2023-12-14 08:00:00,3.9,100,0.9,3.2,0
2023-12-14 09:00:00,4.0,100,0.1,5.2,0
2023-12-14 10:00:00,4.2,100,0.0,5.5,13
2023-12-14 11:00:00,4.8,100,0.0,6.1,49
2023-12-14 12:00:00,5.2,100,0.0,6.0,52
2023-12-14 13:00:00,5.6,99,0.0,6.0,40
2023-12-14 14:00:00,6.3,100,0.0,8.1,87
2023-12-14 15:00:00,6.5,70,0.2,8.6,105
2023-12-14 16:00:00,6.1,100,0.1,9.8,56
2023-12-14 17:00:00,5.6,100,0.2,9.7,12
2023-12-14 18:00:00,5.4,96,0.1,10.7,0
2023-12-14 19:00:00,4.7,100,0.1,8.3,0
2023-12-14 20:00:00,4.2,100,0.0,9.5,0
2023-12-14 21:00:00,4.0,100,0.1,10.8,0
2023-12-14 22:00:00,3.8,100,0.1,10.0,0
2023-12-14 23:00:00,3.5,97,0.0,9.0,0
2023-12-15 00:00:00,3.2,100,0.0,7.9,0
2023-12-15 01:00:00,3.1,100,0.1,7.0,0
2023-12-15 02:00:00,3.1,100,0.1,7.1,0
2023-12-15 03:00:00,3.1,100,0.0,3.6,0
2023-12-15 04:00:00,3.1,100,0.0,1.9,0
2023-12-15 05:00:00,3.0,100,0.0,2.9,0
2023-12-15 06:00:00,3.2,100,0.2,5.4,0
2023-12-15 07:00:00,3.2,100,0.1,7.6,0
2023-12-15 08:00:00,3.0,100,0.1,12.5,0
2023-12-15 09:00:00,2.8,100,0.0,15.3,0
2023-12-15 10:00:00,2.6,2,0.0,13.4,21
2023-12-15 11:00:00,2.6,20,0.0,12.9,110
2023-12-15 12:00:00,3.2,48,0.0,12.5,198
2023-12-15 13:00:00,3.8,62,0.0,12.1,221
2023-12-15 14:00:00,4.4,74,0.0,15.1,229
2023-12-15 15:00:00,5.1,81,0.0,16.5,153
2023-12-15 16:00:00,4.7,100,0.0,12.2,77
2023-12-15 17:00:00,4.0,100,0.0,12.1,15
2023-12-15 18:00:00,3.6,100,0.0,12.6,0
2023-12-15 19:00:00,3.8,100,0.0,14.0,0
2023-12-15 20:00:00,4.2,100,0.0,14.8,0
2023-12-15 21:00:00,4.2,41,0.0,14.3,0
2023-12-15 22:00:00,2.6,91,0.0,12.6,0
2023-12-15 23:00:00,3.7,100,0.0,14.7,0
2023-12-16 00:00:00,4.4,45,0.1,16.2,0
2023-12-16 01:00:00,3.7,18,0.0,15.1,0
2023-12-16 02:00:00,2.7,100,0.0,13.3,0
2023-12-16 03:00:00,3.5,100,0.0,15.2,0
2023-12-16 04:00:00,4.2,100,0.1,17.4,0
2023-12-16 05:00:00,4.6,100,0.0,16.6,0
2023-12-16 06:00:00,4.9,100,0.0,15.7,0
2023-12-16 07:00:00,4.9,99,0.0,14.1,0
2023-12-16 08:00:00,4.8,100,0.0,14.6,0
2023-12-16 09:00:00,4.2,100,0.0,12.9,0
2023-12-16 10:00:00,4.2,100,0.0,14.0,6
2023-12-16 11:00:00,4.8,94,0.0,14.8,41
2023-12-16 12:00:00,5.7,10,0.0,15.0,118
2023-12-16 13:00:00,6.6,3,0.0,16.4,235
2023-12-16 14:00:00,6.9,10,0.0,16.3,245
2023-12-16 15:00:00,7.2,78,0.0,15.3,141
2023-12-16 16:00:00,6.7,45,0.0,13.9,99
2023-12-16 17:00:00,5.4,29,0.0,14.3,24
2023-12-16 18:00:00,4.7,100,0.0,16.1,0
2023-12-16 19:00:00,3.8,69,0.0,15.6,0
2023-12-16 20:00:00,3.6,55,0.0,16.9,0
2023-12-16 21:00:00,3.4,11,0.0,17.7,0
2023-12-16 22:00:00,3.2,26,0.0,19.2,0
2023-12-16 23:00:00,3.0,28,0.0,19.0,0
2023-12-17 00:00:00,2.8,89,0.0,18.5,0
2023-12-17 01:00:00,2.7,23,0.0,19.4,0
2023-12-17 02:00:00,2.4,63,0.0,19.0,0
2023-12-17 03:00:00,2.8,87,0.0,18.9,0
2023-12-17 04:00:00,2.7,82,0.0,19.3,0
2023-12-17 05:00:00,2.6,91,0.0,18.8,0
2023-12-17 06:00:00,2.5,99,0.0,19.0,0
2023-12-17 07:00:00,2.5,100,0.0,19.3,0
2023-12-17 08:00:00,2.5,100,0.0,18.2,0
2023-12-17 09:00:00,2.3,100,0.0,15.9,0
2023-12-17 10:00:00,3.0,87,0.0,16.6,28
2023-12-17 11:00:00,4.3,87,0.0,14.1,123
2023-12-17 12:00:00,5.5,59,0.0,15.8,201
2023-12-17 13:00:00,6.7,87,0.0,15.9,245
2023-12-17 14:00:00,7.4,100,0.0,14.4,241
2023-12-17 15:00:00,7.8,70,0.0,14.8,199
2023-12-17 16:00:00,7.2,89,0.0,16.9,120
2023-12-17 17:00:00,6.2,96,0.0,17.1,30
2023-12-17 18:00:00,5.6,93,0.0,17.1,0
2023-12-17 19:00:00,4.9,97,0.0,17.8,0
2023-12-17 20:00:00,4.6,95,0.0,17.9,0
2023-12-17 21:00:00,4.3,44,0.0,18.7,0
2023-12-17 22:00:00,4.2,86,0.0,18.9,0
2023-12-17 23:00:00,4.1,85,0.0,17.9,0
2023-12-18 00:00:00,4.0,100,0.0,18.4,0
2023-12-18 01:00:00,4.0,84,0.0,17.2,0
2023-12-18 02:00:00,3.7,94,0.0,16.3,0
2023-12-18 03:00:00,3.4,95,0.0,17.7,0
2023-12-18 04:00:00,3.5,2,0.0,18.7,0
2023-12-18 05:00:00,3.8,0,0.0,22.6,0
2023-12-18 06:00:00,4.2,0,0.0,24.9,0
2023-12-18 07:00:00,4.1,0,0.0,24.8,0
2023-12-18 08:00:00,3.8,0,0.0,22.3,0
2023-12-18 09:00:00,3.5,0,0.0,17.7,0
2023-12-18 10:00:00,4.0,0,0.0,20.8,36
2023-12-18 11:00:00,5.3,0,0.0,20.5,130
2023-12-18 12:00:00,6.6,0,0.0,14.9,212
2023-12-18 13:00:00,7.2,0,0.0,13.2,258
2023-12-18 14:00:00,8.0,0,0.0,14.1,258
2023-12-18 15:00:00,8.4,0,0.0,12.8,212
2023-12-18 16:00:00,7.9,0,0.0,16.6,128
2023-12-18 17:00:00,6.3,5,0.0,16.4,32
2023-12-18 18:00:00,5.7,14,0.0,18.5,0
2023-12-18 19:00:00,5.2,53,0.0,20.3,0
2023-12-18 20:00:00,4.8,27,0.0,20.6,0
2023-12-18 21:00:00,4.3,12,0.0,19.6,0
2023-12-18 22:00:00,4.0,35,0.0,19.3,0
2023-12-18 23:00:00,4.0,33,0.0,19.2,0
2023-12-19 00:00:00,4.2,27,0.0,18.7,0
2023-12-19 01:00:00,4.4,62,0.0,18.9,0
2023-12-19 02:00:00,4.3,100,0.0,17.1,0
2023-12-19 03:00:00,4.7,50,0.0,19.6,0
2023-12-19 04:00:00,4.9,35,0.0,18.3,0
2023-12-19 05:00:00,5.0,99,0.0,19.9,0
2023-12-19 06:00:00,5.0,66,0.0,21.5,0
2023-12-19 07:00:00,4.5,83,0.0,22.5,0
2023-12-19 08:00:00,4.2,93,0.0,21.5,0
2023-12-19 09:00:00,4.1,99,0.0,20.7,0
2023-12-19 10:00:00,4.3,99,0.0,21.4,34
2023-12-19 11:00:00,5.3,100,0.0,23.8,118
2023-12-19 12:00:00,6.2,46,0.0,19.1,182
2023-12-19 13:00:00,7.2,76,0.0,19.8,257
2023-12-19 14:00:00,7.6,96,0.0,16.3,206
2023-12-19 15:00:00,8.2,91,0.0,23.0,165
2023-12-19 16:00:00,7.2,100,0.0,22.9,94
2023-12-19 17:00:00,6.2,97,0.0,24.6,12
2023-12-19 18:00:00,5.9,98,0.0,27.2,0
2023-12-19 19:00:00,5.0,100,0.0,27.4,0
2023-12-19 20:00:00,5.2,100,0.3,26.2,0
2023-12-19 21:00:00,5.3,100,0.1,25.0,0
2023-12-19 22:00:00,5.2,100,0.0,24.5,0
2023-12-19 23:00:00,4.8,100,0.0,23.7,0
2023-12-20 00:00:00,4.6,100,0.1,25.5,0
2023-12-20 01:00:00,4.2,100,0.2,24.8,0
2023-12-20 02:00:00,3.8,100,0.7,23.7,0
2023-12-20 03:00:00,4.8,100,0.8,22.2,0
2023-12-20 04:00:00,4.8,100,0.7,22.4,0
2023-12-20 05:00:00,4.7,100,0.8,24.7,0
2023-12-20 06:00:00,4.2,100,0.9,22.5,0
2023-12-20 07:00:00,4.0,100,0.7,21.6,0
2023-12-20 08:00:00,3.7,100,0.7,20.0,0
2023-12-20 09:00:00,3.7,100,0.6,20.3,0
2023-12-20 10:00:00,3.9,100,0.4,20.3,4
2023-12-20 11:00:00,4.4,100,0.0,21.1,21
2023-12-20 12:00:00,4.9,12,0.0,21.4,37
2023-12-20 13:00:00,6.1,58,0.0,25.5,213
2023-12-20 14:00:00,6.3,9,0.0,25.8,200
2023-12-20 15:00:00,6.3,12,0.0,23.3,200
2023-12-20 16:00:00,5.8,6,0.0,25.3,124
2023-12-20 17:00:00,4.7,7,0.0,24.7,32
2023-12-20 18:00:00,4.3,21,0.0,26.1,0
2023-12-20 19:00:00,4.0,63,0.0,27.2,0
2023-12-20 20:00:00,4.1,98,0.0,25.8,0
2023-12-20 21:00:00,4.2,100,0.0,27.6,0
2023-12-20 22:00:00,4.7,100,0.0,29.1,0
2023-12-20 23:00:00,4.4,100,0.0,30.4,0
2023-12-21 00:00:00,4.6,93,0.0,30.9,0
2023-12-21 01:00:00,4.3,100,0.0,29.5,0
2023-12-21 02:00:00,4.7,99,0.0,29.1,0
2023-12-21 03:00:00,4.8,100,0.2,31.3,0
2023-12-21 04:00:00,4.6,100,0.2,32.9,0
2023-12-21 05:00:00,4.6,77,0.3,34.2,0
2023-12-21 06:00:00,4.5,99,0.6,36.6,0
2023-12-21 07:00:00,4.9,100,0.0,36.2,0
2023-12-21 08:00:00,5.4,100,0.1,34.4,0
2023-12-21 09:00:00,5.4,100,0.3,33.0,0
2023-12-21 10:00:00,5.8,100,0.7,31.9,9
2023-12-21 11:00:00,6.3,100,0.1,32.9,35
2023-12-21 12:00:00,6.7,100,0.2,33.1,54
2023-12-21 13:00:00,6.8,100,0.7,34.4,75
2023-12-21 14:00:00,6.6,100,0.7,36.5,52
2023-12-21 15:00:00,6.3,98,0.3,34.5,24
2023-12-21 16:00:00,6.9,99,0.9,38.2,23
2023-12-21 17:00:00,7.4,100,0.2,42.3,6
2023-12-21 18:00:00,7.7,43,0.9,39.1,0
2023-12-21 19:00:00,7.8,96,0.0,40.5,0
2023-12-21 20:00:00,8.0,100,0.2,31.5,0
2023-12-21 21:00:00,7.3,100,3.5,28.4,0
2023-12-21 22:00:00,6.8,100,1.8,31.2,0
2023-12-21 23:00:00,6.1,79,0.7,27.6,0
2023-12-22 00:00:00,5.4,59,0.0,26.8,0
2023-12-22 01:00:00,4.7,46,0.0,27.2,0
2023-12-22 02:00:00,4.1,35,0.0,28.0,0
2023-12-22 03:00:00,3.8,24,0.0,25.2,0
2023-12-22 04:00:00,3.5,44,0.0,26.6,0
2023-12-22 05:00:00,3.5,72,0.0,25.6,0
2023-12-22 06:00:00,3.7,51,0.0,28.1,0
2023-12-22 07:00:00,3.3,70,0.0,27.0,0
2023-12-22 08:00:00,3.2,82,0.0,28.5,0
2023-12-22 09:00:00,3.2,71,0.0,28.4,0
2023-12-22 10:00:00,3.4,94,0.4,30.0,27
2023-12-22 11:00:00,3.6,77,0.1,34.4,72
2023-12-22 12:00:00,4.2,68,0.1,34.9,158
2023-12-22 13:00:00,5.2,62,0.0,37.7,182
2023-12-22 14:00:00,5.3,89,0.1,35.6,206
2023-12-22 15:00:00,4.1,99,0.0,27.1,157
2023-12-22 16:00:00,4.2,100,0.1,26.3,49
2023-12-22 17:00:00,4.1,100,0.2,32.1,12
2023-12-22 18:00:00,4.3,100,0.1,28.3,0
2023-12-22 19:00:00,4.2,100,0.1,26.0,0
2023-12-22 20:00:00,4.3,100,0.2,25.3,0
2023-12-22 21:00:00,3.9,100,1.0,27.0,0
2023-12-22 22:00:00,3.6,100,1.3,26.7,0
2023-12-22 23:00:00,4.2,100,0.3,25.0,0
2023-12-23 00:00:00,2.2,100,1.9,10.8,0
2023-12-23 01:00:00,4.4,100,0.5,36.8,0
2023-12-23 02:00:00,3.7,100,0.1,31.6,0
2023-12-23 03:00:00,2.2,100,0.2,19.7,0
2023-12-23 04:00:00,2.4,100,0.2,29.5,0
2023-12-23 05:00:00,2.8,100,0.1,33.2,0
2023-12-23 06:00:00,2.5,99,0.0,29.5,0
2023-12-23 07:00:00,1.8,100,0.0,26.9,0
2023-12-23 08:00:00,1.6,100,0.0,24.0,0
2023-12-23 09:00:00,1.8,100,0.1,20.9,0
2023-12-23 10:00:00,1.9,100,0.3,18.4,9
2023-12-23 11:00:00,2.2,100,0.5,20.3,19
2023-12-23 12:00:00,2.0,100,1.0,15.1,34
2023-12-23 13:00:00,1.7,100,2.5,9.3,20
2023-12-23 14:00:00,1.3,100,2.5,7.6,17
2023-12-23 15:00:00,1.0,100,2.8,6.1,20
2023-12-23 16:00:00,1.2,100,1.8,14.5,14
2023-12-23 17:00:00,1.2,100,1.5,13.2,5
2023-12-23 18:00:00,1.4,100,1.3,16.0,0
2023-12-23 19:00:00,1.6,100,0.9,16.4,0
2023-12-23 20:00:00,2.1,100,0.9,18.0,0
2023-12-23 21:00:00,2.2,100,0.9,16.2,0
2023-12-23 22:00:00,2.3,100,0.8,9.8,0
2023-12-23 23:00:00,3.9,100,0.5,16.0,0
2023-12-24 00:00:00,5.2,100,0.5,24.7,0
2023-12-24 01:00:00,5.6,100,0.5,27.1,0
2023-12-24 02:00:00,5.8,100,0.5,28.1,0
2023-12-24 03:00:00,7.2,100,0.2,28.9,0
2023-12-24 04:00:00,7.4,100,0.1,27.6,0
2023-12-24 05:00:00,7.2,100,0.3,26.8,0
2023-12-24 06:00:00,6.8,100,0.4,28.1,0
2023-12-24 07:00:00,7.0,100,0.6,29.3,0
2023-12-24 08:00:00,7.1,100,0.4,26.3,0
2023-12-24 09:00:00,7.1,100,0.2,26.8,0
2023-12-24 10:00:00,7.3,100,0.0,29.4,6
2023-12-24 11:00:00,7.4,100,0.1,30.5,28
2023-12-24 12:00:00,7.6,100,0.1,31.7,36
2023-12-24 13:00:00,7.8,100,0.0,30.8,54
2023-12-24 14:00:00,8.0,100,0.0,30.4,41
2023-12-24 15:00:00,9.2,100,0.0,30.0,41
2023-12-24 16:00:00,9.4,100,0.0,31.1,54
2023-12-24 17:00:00,9.2,100,0.0,29.9,7
2023-12-24 18:00:00,9.0,100,0.3,29.2,0
2023-12-24 19:00:00,8.9,100,0.0,30.9,0
2023-12-24 20:00:00,9.1,100,0.2,32.4,0
2023-12-24 21:00:00,8.8,100,0.9,34.0,0
2023-12-24 22:00:00,9.2,100,0.4,38.4,0
2023-12-24 23:00:00,9.2,100,0.3,37.6,0
2023-12-25 00:00:00,9.3,100,0.1,36.4,0
2023-12-25 01:00:00,9.4,100,0.0,35.9,0
2023-12-25 02:00:00,9.4,100,0.0,33.0,0
2023-12-25 03:00:00,10.3,100,0.0,30.6,0
2023-12-25 04:00:00,10.1,100,0.0,32.3,0
2023-12-25 05:00:00,10.1,100,0.0,35.2,0
2023-12-25 06:00:00,9.6,100,0.0,36.3,0
2023-12-25 07:00:00,9.6,100,0.1,32.8,0
2023-12-25 08:00:00,9.5,100,0.1,31.0,0
2023-12-25 09:00:00,9.6,100,0.0,33.5,0
2023-12-25 10:00:00,9.8,100,0.0,31.7,13
2023-12-25 11:00:00,10.1,100,0.0,29.5,38
2023-12-25 12:00:00,10.9,100,0.0,30.4,85
2023-12-25 13:00:00,10.8,100,0.0,27.2,67
2023-12-25 14:00:00,10.4,100,0.0,26.1,51
2023-12-25 15:00:00,10.5,100,0.0,30.8,34
2023-12-25 16:00:00,10.1,100,0.0,28.9,21
2023-12-25 17:00:00,9.8,100,0.0,27.7,15
2023-12-25 18:00:00,9.6,98,0.0,28.0,0
2023-12-25 19:00:00,9.2,99,0.0,27.0,0
2023-12-25 20:00:00,9.4,100,0.0,28.7,0
2023-12-25 21:00:00,9.2,100,0.0,26.7,0
2023-12-25 22:00:00,9.1,100,0.0,25.6,0
2023-12-25 23:00:00,9.1,100,0.1,25.4,0
2023-12-26 00:00:00,9.0,100,0.1,24.4,0
2023-12-26 01:00:00,9.0,100,0.1,25.5,0
2023-12-26 02:00:00,9.0,94,0.0,24.1,0
2023-12-26 03:00:00,9.7,100,0.0,25.9,0
2023-12-26 04:00:00,9.8,100,0.0,26.8,0
2023-12-26 05:00:00,9.6,100,0.0,27.7,0
2023-12-26 06:00:00,9.8,100,0.0,30.1,0
2023-12-26 07:00:00,9.8,100,0.0,31.3,0
2023-12-26 08:00:00,9.4,100,0.0,27.1,0
2023-12-26 09:00:00,8.9,100,0.0,27.0,0
2023-12-26 10:00:00,8.6,100,0.0,27.7,12
2023-12-26 11:00:00,8.9,100,0.0,26.3,37
2023-12-26 12:00:00,9.4,100,0.0,27.7,71
2023-12-26 13:00:00,9.9,100,0.0,26.8,135
2023-12-26 14:00:00,9.9,100,0.0,27.0,49
2023-12-26 15:00:00,9.8,89,0.0,25.8,50
2023-12-26 16:00:00,9.6,85,0.0,25.9,93
2023-12-26 17:00:00,8.9,25,0.0,22.0,28
2023-12-26 18:00:00,8.1,43,0.0,19.5,0
2023-12-26 19:00:00,7.4,4,0.0,20.4,0
2023-12-26 20:00:00,6.8,36,0.0,18.4,0
2023-12-26 21:00:00,6.8,63,0.0,18.8,0
2023-12-26 22:00:00,6.7,85,0.0,17.4,0
2023-12-26 23:00:00,6.6,56,0.0,16.2,0
2023-12-27 00:00:00,5.9,54,0.0,15.1,0
2023-12-27 01:00:00,5.6,2,0.0,16.2,0
2023-12-27 02:00:00,5.2,0,0.0,15.5,0
2023-12-27 03:00:00,4.8,98,0.0,14.0,0
2023-12-27 04:00:00,4.9,93,0.0,15.3,0
2023-12-27 05:00:00,4.6,87,0.0,14.1,0
2023-12-27 06:00:00,3.9,75,0.0,13.6,0
2023-12-27 07:00:00,3.4,60,0.0,12.9,0
2023-12-27 08:00:00,3.0,31,0.0,11.9,0
2023-12-27 09:00:00,2.6,29,0.0,11.8,0
2023-12-27 10:00:00,3.2,10,0.0,10.8,29
2023-12-27 11:00:00,4.7,8,0.0,10.7,119
2023-12-27 12:00:00,6.1,70,0.0,9.7,204
2023-12-27 13:00:00,6.8,100,0.0,7.2,250
2023-12-27 14:00:00,7.3,15,0.0,8.6,248
2023-12-27 15:00:00,7.4,100,0.0,8.9,168
2023-12-27 16:00:00,7.1,98,0.0,5.8,128
2023-12-27 17:00:00,5.2,70,0.0,7.4,30
2023-12-27 18:00:00,4.4,98,0.0,9.2,0
2023-12-27 19:00:00,4.2,99,0.0,10.1,0
2023-12-27 20:00:00,4.4,100,0.0,9.8,0
2023-12-27 21:00:00,4.8,100,0.0,11.7,0
2023-12-27 22:00:00,4.7,100,0.0,14.8,0
2023-12-27 23:00:00,4.6,100,0.0,15.3,0
2023-12-28 00:00:00,4.1,100,0.0,14.4,0
2023-12-28 01:00:00,3.5,100,0.0,13.8,0
2023-12-28 02:00:00,3.3,96,0.0,14.2,0
2023-12-28 03:00:00,2.8,100,0.0,11.7,0
2023-12-28 04:00:00,2.0,100,0.0,9.4,0
2023-12-28 05:00:00,2.0,99,0.0,12.4,0
2023-12-28 06:00:00,3.6,100,0.0,13.2,0
2023-12-28 07:00:00,5.2,93,0.0,17.5,0
2023-12-28 08:00:00,5.6,98,0.0,19.7,0
2023-12-28 09:00:00,5.8,95,0.0,23.0,0
2023-12-28 10:00:00,6.4,85,1.3,22.2,22
2023-12-28 11:00:00,7.5,100,3.5,24.7,82
2023-12-28 12:00:00,7.6,100,0.7,22.7,41
2023-12-28 13:00:00,8.9,100,0.0,19.2,125
2023-12-28 14:00:00,9.1,100,0.0,19.4,79
2023-12-28 15:00:00,9.4,100,0.0,24.4,71
2023-12-28 16:00:00,9.2,96,0.0,26.0,96
2023-12-28 17:00:00,8.1,99,0.0,25.2,31
2023-12-28 18:00:00,7.6,94,0.0,26.7,0
2023-12-28 19:00:00,7.1,83,1.3,25.0,0
2023-12-28 20:00:00,7.0,60,1.2,20.9,0
2023-12-28 21:00:00,7.3,78,0.0,20.4,0
2023-12-28 22:00:00,7.3,95,0.0,21.4,0
2023-12-28 23:00:00,7.4,99,0.0,20.9,0
2023-12-29 00:00:00,7.2,99,0.0,21.1,0
2023-12-29 01:00:00,7.3,100,0.0,21.8,0
2023-12-29 02:00:00,7.6,86,0.0,20.9,0
2023-12-29 03:00:00,8.2,100,0.0,20.3,0
2023-12-29 04:00:00,8.6,74,0.0,22.5,0
2023-12-29 05:00:00,8.2,90,0.0,22.8,0
2023-12-29 06:00:00,8.5,100,0.0,22.4,0
2023-12-29 07:00:00,9.1,100,0.0,24.3,0
2023-12-29 08:00:00,8.4,100,0.0,24.9,0
2023-12-29 09:00:00,7.8,100,0.0,24.5,0
2023-12-29 10:00:00,8.1,100,0.0,27.0,25
2023-12-29 11:00:00,8.9,30,0.0,26.9,108
2023-12-29 12:00:00,9.9,39,0.0,23.4,197
2023-12-29 13:00:00,10.5,63,0.0,29.2,239
2023-12-29 14:00:00,10.8,96,0.0,26.6,239
2023-12-29 15:00:00,10.8,100,0.0,23.6,165
2023-12-29 16:00:00,10.4,100,0.0,23.0,25
2023-12-29 17:00:00,10.1,97,0.0,23.9,22
2023-12-29 18:00:00,9.4,98,0.0,24.7,0
2023-12-29 19:00:00,8.9,100,0.0,23.2,0
2023-12-29 20:00:00,8.6,100,0.0,22.4,0
2023-12-29 21:00:00,8.6,100,0.0,22.4,0
2023-12-29 22:00:00,8.2,100,0.0,21.1,0
2023-12-29 23:00:00,8.2,99,0.0,22.7,0
2023-12-30 00:00:00,8.2,99,0.0,24.8,0
2023-12-30 01:00:00,8.1,100,0.0,26.8,0
2023-12-30 02:00:00,8.4,99,0.0,26.3,0
2023-12-30 03:00:00,8.2,84,0.0,24.2,0
2023-12-30 04:00:00,7.9,78,0.0,22.7,0
2023-12-30 05:00:00,8.1,100,0.0,23.2,0
2023-12-30 06:00:00,9.1,89,0.0,24.3,0
2023-12-30 07:00:00,9.4,45,0.0,24.7,0
2023-12-30 08:00:00,8.1,22,0.0,24.1,0
2023-12-30 09:00:00,7.8,23,0.0,24.1,0
2023-12-30 10:00:00,8.0,89,0.0,23.5,26
2023-12-30 11:00:00,8.8,96,0.0,22.9,108
2023-12-30 12:00:00,9.4,91,0.1,22.6,187
2023-12-30 13:00:00,9.8,91,0.0,24.5,227
2023-12-30 14:00:00,9.9,99,0.0,24.5,226
2023-12-30 15:00:00,9.2,100,0.0,21.3,91
2023-12-30 16:00:00,8.9,99,0.2,18.2,71
2023-12-30 17:00:00,8.4,98,0.0,16.7,23
2023-12-30 18:00:00,7.1,99,0.0,15.5,0
2023-12-30 19:00:00,6.2,99,0.0,14.6,0
2023-12-30 20:00:00,6.3,54,0.0,15.5,0
2023-12-30 21:00:00,5.4,84,0.0,12.1,0
2023-12-30 22:00:00,4.7,77,0.0,11.5,0
2023-12-30 23:00:00,4.2,28,0.0,11.3,0
2023-12-31 00:00:00,3.5,29,0.0,10.6,0
2023-12-31 01:00:00,3.0,78,0.0,11.8,0
2023-12-31 02:00:00,2.7,95,0.0,11.3,0
2023-12-31 03:00:00,2.7,99,0.0,12.0,0
2023-12-31 04:00:00,2.7,99,0.0,12.5,0
2023-12-31 05:00:00,2.4,98,0.0,11.8,0
2023-12-31 06:00:00,2.2,100,0.0,10.8,0
2023-12-31 07:00:00,2.0,96,0.0,8.9,0
2023-12-31 08:00:00,1.5,98,0.0,7.1,0
2023-12-31 09:00:00,0.1,98,0.0,8.9,0
2023-12-31 10:00:00,2.0,99,0.0,6.2,28
2023-12-31 11:00:00,4.2,100,0.0,8.4,118
2023-12-31 12:00:00,6.2,100,0.0,6.9,199
2023-12-31 13:00:00,7.5,100,0.0,7.1,233
2023-12-31 14:00:00,7.9,100,0.0,7.7,225
2023-12-31 15:00:00,7.0,100,0.0,7.1,138
2023-12-31 16:00:00,6.3,100,0.0,5.9,66
2023-12-31 17:00:00,5.2,100,0.0,9.1,21
2023-12-31 18:00:00,3.3,100,0.0,7.8,0
2023-12-31 19:00:00,3.2,100,0.0,5.0,0
2023-12-31 20:00:00,3.0,100,0.0,6.6,0
2023-12-31 21:00:00,2.8,100,0.0,8.0,0
2023-12-31 22:00:00,3.6,100,0.0,11.2,0
2023-12-31 23:00:00,5.1,100,0.1,18.2,0
